{
  "type": "FeatureCollection",
  "features": [
    {
      "type": "Feature",
      "geometry": {
        "type": "LineString",
        "coordinates": [
          [
            37.5924892,
            55.7339316
          ],
          [
            37.5925128,
            55.7339758
          ]
        ]
      },
      "properties": {
        "osm_id": 31247989,
        "osm_type": "way",
        "narrow": "no",
        "highway": "footway",
        "lit": "no",
        "smoothness": "good",
        "surface": "paving_stones"
      }
    },
    {
      "type": "Feature",
      "geometry": {
        "type": "LineString",
        "coordinates": [
          [
            37.5925128,
            55.7339758
          ],
          [
            37.5929283,
            55.7344417
          ]
        ]
      },
      "properties": {
        "osm_id": 31247989,
        "osm_type": "way",
        "narrow": "no",
        "highway": "footway",
        "lit": "no",
        "smoothness": "good",
        "surface": "paving_stones"
      }
    },
    {
      "type": "Feature",
      "geometry": {
        "type": "LineString",
        "coordinates": [
          [
            37.5929283,
            55.7344417
          ],
          [
            37.592992,
            55.7345255
          ]
        ]
      },
      "properties": {
        "osm_id": 31247989,
        "osm_type": "way",
        "narrow": "no",
        "highway": "footway",
        "lit": "no",
        "smoothness": "good",
        "surface": "paving_stones"
      }
    },
    {
      "type": "Feature",
      "geometry": {
        "type": "LineString",
        "coordinates": [
          [
            37.5814007,
            55.7314652
          ],
          [
            37.5818114,
            55.7315762
          ]
        ]
      },
      "properties": {
        "osm_id": 55891828,
        "osm_type": "way",
        "narrow": "no",
        "highway": "footway",
        "lit": "yes",
        "surface": "fine_gravel",
        "width": "1"
      }
    },
    {
      "type": "Feature",
      "geometry": {
        "type": "LineString",
        "coordinates": [
          [
            37.5818114,
            55.7315762
          ],
          [
            37.5820744,
            55.7316323
          ]
        ]
      },
      "properties": {
        "osm_id": 55891828,
        "osm_type": "way",
        "narrow": "no",
        "highway": "footway",
        "lit": "yes",
        "surface": "fine_gravel",
        "width": "1"
      }
    },
    {
      "type": "Feature",
      "geometry": {
        "type": "LineString",
        "coordinates": [
          [
            37.5820744,
            55.7316323
          ],
          [
            37.5822233,
            55.7316584
          ]
        ]
      },
      "properties": {
        "osm_id": 55891828,
        "osm_type": "way",
        "narrow": "no",
        "highway": "footway",
        "lit": "yes",
        "surface": "fine_gravel",
        "width": "1"
      }
    },
    {
      "type": "Feature",
      "geometry": {
        "type": "LineString",
        "coordinates": [
          [
            37.5822233,
            55.7316584
          ],
          [
            37.5829714,
            55.7317894
          ]
        ]
      },
      "properties": {
        "osm_id": 55891828,
        "osm_type": "way",
        "narrow": "no",
        "highway": "footway",
        "lit": "yes",
        "surface": "fine_gravel",
        "width": "1"
      }
    },
    {
      "type": "Feature",
      "geometry": {
        "type": "LineString",
        "coordinates": [
          [
            37.5827226,
            55.7319923
          ],
          [
            37.58263,
            55.7320955
          ]
        ]
      },
      "properties": {
        "osm_id": 55893898,
        "osm_type": "way",
        "narrow": "yes",
        "highway": "footway",
        "layer": "-1",
        "lit": "yes",
        "smoothness": "excellent",
        "surface": "asphalt",
        "tunnel": "yes",
        "width": "9",
        "stroke": "#ff8800"
      }
    },
    {
      "type": "Feature",
      "geometry": {
        "type": "LineString",
        "coordinates": [
          [
            37.58263,
            55.7320955
          ],
          [
            37.5826019,
            55.7321254
          ]
        ]
      },
      "properties": {
        "osm_id": 55893899,
        "osm_type": "way",
        "narrow": "no",
        "highway": "footway",
        "lit": "yes",
        "smoothness": "excellent",
        "surface": "asphalt"
      }
    },
    {
      "type": "Feature",
      "geometry": {
        "type": "LineString",
        "coordinates": [
          [
            37.5930182,
            55.7345671
          ],
          [
            37.5931521,
            55.7348195
          ]
        ]
      },
      "properties": {
        "osm_id": 77593992,
        "osm_type": "way",
        "narrow": "no",
        "highway": "footway",
        "lit": "half",
        "surface": "paving_stones"
      }
    },
    {
      "type": "Feature",
      "geometry": {
        "type": "LineString",
        "coordinates": [
          [
            37.5931521,
            55.7348195
          ],
          [
            37.5932554,
            55.7350152
          ]
        ]
      },
      "properties": {
        "osm_id": 77593992,
        "osm_type": "way",
        "narrow": "no",
        "highway": "footway",
        "lit": "half",
        "surface": "paving_stones"
      }
    },
    {
      "type": "Feature",
      "geometry": {
        "type": "LineString",
        "coordinates": [
          [
            37.5811886,
            55.7294009
          ],
          [
            37.5796092,
            55.7288262
          ]
        ]
      },
      "properties": {
        "osm_id": 85334376,
        "osm_type": "way",
        "narrow": "no",
        "footway": "sidewalk",
        "highway": "footway",
        "lit": "yes",
        "smoothness": "good",
        "surface": "asphalt"
      }
    },
    {
      "type": "Feature",
      "geometry": {
        "type": "LineString",
        "coordinates": [
          [
            37.5796092,
            55.7288262
          ],
          [
            37.5795058,
            55.7289456
          ]
        ]
      },
      "properties": {
        "osm_id": 85334376,
        "osm_type": "way",
        "narrow": "no",
        "footway": "sidewalk",
        "highway": "footway",
        "lit": "yes",
        "smoothness": "good",
        "surface": "asphalt"
      }
    },
    {
      "type": "Feature",
      "geometry": {
        "type": "LineString",
        "coordinates": [
          [
            37.5795058,
            55.7289456
          ],
          [
            37.5794343,
            55.7291532
          ]
        ]
      },
      "properties": {
        "osm_id": 85334376,
        "osm_type": "way",
        "narrow": "no",
        "footway": "sidewalk",
        "highway": "footway",
        "lit": "yes",
        "smoothness": "good",
        "surface": "asphalt"
      }
    },
    {
      "type": "Feature",
      "geometry": {
        "type": "LineString",
        "coordinates": [
          [
            37.5794343,
            55.7291532
          ],
          [
            37.5792573,
            55.7295437
          ]
        ]
      },
      "properties": {
        "osm_id": 85334376,
        "osm_type": "way",
        "narrow": "no",
        "footway": "sidewalk",
        "highway": "footway",
        "lit": "yes",
        "smoothness": "good",
        "surface": "asphalt"
      }
    },
    {
      "type": "Feature",
      "geometry": {
        "type": "LineString",
        "coordinates": [
          [
            37.5792573,
            55.7295437
          ],
          [
            37.5790657,
            55.7299839
          ]
        ]
      },
      "properties": {
        "osm_id": 85334376,
        "osm_type": "way",
        "narrow": "no",
        "footway": "sidewalk",
        "highway": "footway",
        "lit": "yes",
        "smoothness": "good",
        "surface": "asphalt"
      }
    },
    {
      "type": "Feature",
      "geometry": {
        "type": "LineString",
        "coordinates": [
          [
            37.5790657,
            55.7299839
          ],
          [
            37.5789889,
            55.7301559
          ]
        ]
      },
      "properties": {
        "osm_id": 85334376,
        "osm_type": "way",
        "narrow": "no",
        "footway": "sidewalk",
        "highway": "footway",
        "lit": "yes",
        "smoothness": "good",
        "surface": "asphalt"
      }
    },
    {
      "type": "Feature",
      "geometry": {
        "type": "LineString",
        "coordinates": [
          [
            37.5789889,
            55.7301559
          ],
          [
            37.5786491,
            55.7309428
          ]
        ]
      },
      "properties": {
        "osm_id": 85334376,
        "osm_type": "way",
        "narrow": "no",
        "footway": "sidewalk",
        "highway": "footway",
        "lit": "yes",
        "smoothness": "good",
        "surface": "asphalt"
      }
    },
    {
      "type": "Feature",
      "geometry": {
        "type": "LineString",
        "coordinates": [
          [
            37.5798589,
            55.7294828
          ],
          [
            37.5797521,
            55.7295501
          ]
        ]
      },
      "properties": {
        "osm_id": 85334378,
        "osm_type": "way",
        "narrow": "no",
        "highway": "footway",
        "lit": "yes",
        "surface": "paving_stones"
      }
    },
    {
      "type": "Feature",
      "geometry": {
        "type": "LineString",
        "coordinates": [
          [
            37.5794343,
            55.7291532
          ],
          [
            37.5794543,
            55.7291768
          ]
        ]
      },
      "properties": {
        "osm_id": 85334388,
        "osm_type": "way",
        "narrow": "no",
        "highway": "footway",
        "lit": "yes",
        "surface": "asphalt"
      }
    },
    {
      "type": "Feature",
      "geometry": {
        "type": "LineString",
        "coordinates": [
          [
            37.5794543,
            55.7291768
          ],
          [
            37.5798589,
            55.7294828
          ]
        ]
      },
      "properties": {
        "osm_id": 85334388,
        "osm_type": "way",
        "narrow": "no",
        "highway": "footway",
        "lit": "yes",
        "surface": "asphalt"
      }
    },
    {
      "type": "Feature",
      "geometry": {
        "type": "LineString",
        "coordinates": [
          [
            37.5798589,
            55.7294828
          ],
          [
            37.5798987,
            55.7296174
          ]
        ]
      },
      "properties": {
        "osm_id": 85334388,
        "osm_type": "way",
        "narrow": "no",
        "highway": "footway",
        "lit": "yes",
        "surface": "asphalt"
      }
    },
    {
      "type": "Feature",
      "geometry": {
        "type": "LineString",
        "coordinates": [
          [
            37.57451,
            55.7349575
          ],
          [
            37.5746294,
            55.7349166
          ]
        ]
      },
      "properties": {
        "osm_id": 86569709,
        "osm_type": "way",
        "narrow": "no",
        "highway": "footway",
        "lit": "yes",
        "smoothness": "excellent",
        "surface": "paving_stones"
      }
    },
    {
      "type": "Feature",
      "geometry": {
        "type": "LineString",
        "coordinates": [
          [
            37.5746294,
            55.7349166
          ],
          [
            37.5760698,
            55.7348689
          ]
        ]
      },
      "properties": {
        "osm_id": 86569709,
        "osm_type": "way",
        "narrow": "no",
        "highway": "footway",
        "lit": "yes",
        "smoothness": "excellent",
        "surface": "paving_stones"
      }
    },
    {
      "type": "Feature",
      "geometry": {
        "type": "LineString",
        "coordinates": [
          [
            37.5760698,
            55.7348689
          ],
          [
            37.577356,
            55.7348305
          ]
        ]
      },
      "properties": {
        "osm_id": 86569709,
        "osm_type": "way",
        "narrow": "no",
        "highway": "footway",
        "lit": "yes",
        "smoothness": "excellent",
        "surface": "paving_stones"
      }
    },
    {
      "type": "Feature",
      "geometry": {
        "type": "LineString",
        "coordinates": [
          [
            37.577356,
            55.7348305
          ],
          [
            37.5776128,
            55.7348414
          ]
        ]
      },
      "properties": {
        "osm_id": 86569709,
        "osm_type": "way",
        "narrow": "no",
        "highway": "footway",
        "lit": "yes",
        "smoothness": "excellent",
        "surface": "paving_stones"
      }
    },
    {
      "type": "Feature",
      "geometry": {
        "type": "LineString",
        "coordinates": [
          [
            37.5746294,
            55.7349166
          ],
          [
            37.5746878,
            55.7348457
          ]
        ]
      },
      "properties": {
        "osm_id": 86569710,
        "osm_type": "way",
        "narrow": "no",
        "highway": "footway",
        "lit": "yes",
        "smoothness": "good",
        "surface": "paving_stones"
      }
    },
    {
      "type": "Feature",
      "geometry": {
        "type": "LineString",
        "coordinates": [
          [
            37.5746878,
            55.7348457
          ],
          [
            37.5749698,
            55.734503
          ]
        ]
      },
      "properties": {
        "osm_id": 86569710,
        "osm_type": "way",
        "narrow": "no",
        "highway": "footway",
        "lit": "yes",
        "smoothness": "good",
        "surface": "paving_stones"
      }
    },
    {
      "type": "Feature",
      "geometry": {
        "type": "LineString",
        "coordinates": [
          [
            37.5749698,
            55.734503
          ],
          [
            37.5753812,
            55.7339999
          ]
        ]
      },
      "properties": {
        "osm_id": 86569710,
        "osm_type": "way",
        "narrow": "no",
        "highway": "footway",
        "lit": "yes",
        "smoothness": "good",
        "surface": "paving_stones"
      }
    },
    {
      "type": "Feature",
      "geometry": {
        "type": "LineString",
        "coordinates": [
          [
            37.5753812,
            55.7339999
          ],
          [
            37.5754657,
            55.7338956
          ]
        ]
      },
      "properties": {
        "osm_id": 86569710,
        "osm_type": "way",
        "narrow": "no",
        "highway": "footway",
        "lit": "yes",
        "smoothness": "good",
        "surface": "paving_stones"
      }
    },
    {
      "type": "Feature",
      "geometry": {
        "type": "LineString",
        "coordinates": [
          [
            37.5746878,
            55.7348457
          ],
          [
            37.5741889,
            55.7339507
          ]
        ]
      },
      "properties": {
        "osm_id": 86569711,
        "osm_type": "way",
        "narrow": "no",
        "highway": "footway",
        "lit": "yes",
        "smoothness": "excellent",
        "surface": "paving_stones"
      }
    },
    {
      "type": "Feature",
      "geometry": {
        "type": "LineString",
        "coordinates": [
          [
            37.5741889,
            55.7339507
          ],
          [
            37.57407100000001,
            55.733930699999995
          ]
        ]
      },
      "properties": {
        "osm_id": 86569711,
        "osm_type": "way",
        "narrow": "no",
        "highway": "footway",
        "lit": "yes",
        "smoothness": "excellent",
        "surface": "paving_stones"
      }
    },
    {
      "type": "Feature",
      "geometry": {
        "type": "LineString",
        "coordinates": [
          [
            37.57407100000001,
            55.733930699999995
          ],
          [
            37.5737682,
            55.733377499999996
          ]
        ]
      },
      "properties": {
        "osm_id": 86569711,
        "osm_type": "way",
        "narrow": "no",
        "highway": "footway",
        "lit": "yes",
        "smoothness": "excellent",
        "surface": "paving_stones"
      }
    },
    {
      "type": "Feature",
      "geometry": {
        "type": "LineString",
        "coordinates": [
          [
            37.5737682,
            55.733377499999996
          ],
          [
            37.5738397,
            55.7332791
          ]
        ]
      },
      "properties": {
        "osm_id": 86569711,
        "osm_type": "way",
        "narrow": "no",
        "highway": "footway",
        "lit": "yes",
        "smoothness": "excellent",
        "surface": "paving_stones"
      }
    },
    {
      "type": "Feature",
      "geometry": {
        "type": "LineString",
        "coordinates": [
          [
            37.5738397,
            55.7332791
          ],
          [
            37.573528,
            55.7330655
          ]
        ]
      },
      "properties": {
        "osm_id": 86569711,
        "osm_type": "way",
        "narrow": "no",
        "highway": "footway",
        "lit": "yes",
        "smoothness": "excellent",
        "surface": "paving_stones"
      }
    },
    {
      "type": "Feature",
      "geometry": {
        "type": "LineString",
        "coordinates": [
          [
            37.5736963,
            55.7330913
          ],
          [
            37.5754657,
            55.7338956
          ]
        ]
      },
      "properties": {
        "osm_id": 86569713,
        "osm_type": "way",
        "narrow": "no",
        "footway": "sidewalk",
        "highway": "footway",
        "lit": "yes",
        "smoothness": "excellent",
        "surface": "asphalt"
      }
    },
    {
      "type": "Feature",
      "geometry": {
        "type": "LineString",
        "coordinates": [
          [
            37.5754657,
            55.7338956
          ],
          [
            37.5776128,
            55.7348414
          ]
        ]
      },
      "properties": {
        "osm_id": 86569713,
        "osm_type": "way",
        "narrow": "no",
        "footway": "sidewalk",
        "highway": "footway",
        "lit": "yes",
        "smoothness": "excellent",
        "surface": "asphalt"
      }
    },
    {
      "type": "Feature",
      "geometry": {
        "type": "LineString",
        "coordinates": [
          [
            37.5776128,
            55.7348414
          ],
          [
            37.5777823,
            55.7349147
          ]
        ]
      },
      "properties": {
        "osm_id": 86569713,
        "osm_type": "way",
        "narrow": "no",
        "footway": "sidewalk",
        "highway": "footway",
        "lit": "yes",
        "smoothness": "excellent",
        "surface": "asphalt"
      }
    },
    {
      "type": "Feature",
      "geometry": {
        "type": "LineString",
        "coordinates": [
          [
            37.5777823,
            55.7349147
          ],
          [
            37.5797969,
            55.7358306
          ]
        ]
      },
      "properties": {
        "osm_id": 86569713,
        "osm_type": "way",
        "narrow": "no",
        "footway": "sidewalk",
        "highway": "footway",
        "lit": "yes",
        "smoothness": "excellent",
        "surface": "asphalt"
      }
    },
    {
      "type": "Feature",
      "geometry": {
        "type": "LineString",
        "coordinates": [
          [
            37.5797969,
            55.7358306
          ],
          [
            37.5799065,
            55.7358802
          ]
        ]
      },
      "properties": {
        "osm_id": 86569713,
        "osm_type": "way",
        "narrow": "no",
        "footway": "sidewalk",
        "highway": "footway",
        "lit": "yes",
        "smoothness": "excellent",
        "surface": "asphalt"
      }
    },
    {
      "type": "Feature",
      "geometry": {
        "type": "LineString",
        "coordinates": [
          [
            37.5799065,
            55.7358802
          ],
          [
            37.5817536,
            55.7367199
          ]
        ]
      },
      "properties": {
        "osm_id": 86569713,
        "osm_type": "way",
        "narrow": "no",
        "footway": "sidewalk",
        "highway": "footway",
        "lit": "yes",
        "smoothness": "excellent",
        "surface": "asphalt"
      }
    },
    {
      "type": "Feature",
      "geometry": {
        "type": "LineString",
        "coordinates": [
          [
            37.5817536,
            55.7367199
          ],
          [
            37.5821235,
            55.7368894
          ]
        ]
      },
      "properties": {
        "osm_id": 86569713,
        "osm_type": "way",
        "narrow": "no",
        "footway": "sidewalk",
        "highway": "footway",
        "lit": "yes",
        "smoothness": "excellent",
        "surface": "asphalt"
      }
    },
    {
      "type": "Feature",
      "geometry": {
        "type": "LineString",
        "coordinates": [
          [
            37.57451,
            55.7349575
          ],
          [
            37.5734552,
            55.7330675
          ]
        ]
      },
      "properties": {
        "osm_id": 86569720,
        "osm_type": "way",
        "narrow": "no",
        "highway": "footway",
        "lit": "yes",
        "surface": "paving_stones"
      }
    },
    {
      "type": "Feature",
      "geometry": {
        "type": "LineString",
        "coordinates": [
          [
            37.5734552,
            55.7330675
          ],
          [
            37.573528,
            55.7330655
          ]
        ]
      },
      "properties": {
        "osm_id": 86569720,
        "osm_type": "way",
        "narrow": "no",
        "highway": "footway",
        "lit": "yes",
        "surface": "paving_stones"
      }
    },
    {
      "type": "Feature",
      "geometry": {
        "type": "LineString",
        "coordinates": [
          [
            37.573528,
            55.7330655
          ],
          [
            37.5736963,
            55.7330913
          ]
        ]
      },
      "properties": {
        "osm_id": 86569720,
        "osm_type": "way",
        "narrow": "no",
        "highway": "footway",
        "lit": "yes",
        "surface": "paving_stones"
      }
    },
    {
      "type": "Feature",
      "geometry": {
        "type": "LineString",
        "coordinates": [
          [
            37.57451,
            55.7349575
          ],
          [
            37.5745461,
            55.735022
          ]
        ]
      },
      "properties": {
        "osm_id": 86571018,
        "osm_type": "way",
        "narrow": "no",
        "highway": "footway",
        "lit": "yes",
        "smoothness": "intermediate",
        "surface": "paving_stones"
      }
    },
    {
      "type": "Feature",
      "geometry": {
        "type": "LineString",
        "coordinates": [
          [
            37.5745461,
            55.735022
          ],
          [
            37.5757822,
            55.737403
          ]
        ]
      },
      "properties": {
        "osm_id": 86571018,
        "osm_type": "way",
        "narrow": "yes",
        "highway": "footway",
        "lit": "yes",
        "smoothness": "intermediate",
        "surface": "paving_stones",
        "stroke": "#ff8800"
      }
    },
    {
      "type": "Feature",
      "geometry": {
        "type": "LineString",
        "coordinates": [
          [
            37.5781385,
            55.7372916
          ],
          [
            37.5799757,
            55.737192
          ]
        ]
      },
      "properties": {
        "osm_id": 88027137,
        "osm_type": "way",
        "narrow": "no",
        "footway": "sidewalk",
        "highway": "footway",
        "lit": "yes",
        "surface": "asphalt"
      }
    },
    {
      "type": "Feature",
      "geometry": {
        "type": "LineString",
        "coordinates": [
          [
            37.5799757,
            55.737192
          ],
          [
            37.5801901,
            55.737184
          ]
        ]
      },
      "properties": {
        "osm_id": 88027137,
        "osm_type": "way",
        "narrow": "no",
        "footway": "sidewalk",
        "highway": "footway",
        "lit": "yes",
        "surface": "asphalt"
      }
    },
    {
      "type": "Feature",
      "geometry": {
        "type": "LineString",
        "coordinates": [
          [
            37.5801901,
            55.737184
          ],
          [
            37.5816586,
            55.7371337
          ]
        ]
      },
      "properties": {
        "osm_id": 88027137,
        "osm_type": "way",
        "narrow": "no",
        "footway": "sidewalk",
        "highway": "footway",
        "lit": "yes",
        "surface": "asphalt"
      }
    },
    {
      "type": "Feature",
      "geometry": {
        "type": "LineString",
        "coordinates": [
          [
            37.5816586,
            55.7371337
          ],
          [
            37.5819815,
            55.737083
          ]
        ]
      },
      "properties": {
        "osm_id": 88027137,
        "osm_type": "way",
        "narrow": "no",
        "footway": "sidewalk",
        "highway": "footway",
        "lit": "yes",
        "surface": "asphalt"
      }
    },
    {
      "type": "Feature",
      "geometry": {
        "type": "LineString",
        "coordinates": [
          [
            37.5819815,
            55.737083
          ],
          [
            37.5820352,
            55.7370083
          ]
        ]
      },
      "properties": {
        "osm_id": 88027137,
        "osm_type": "way",
        "narrow": "no",
        "footway": "sidewalk",
        "highway": "footway",
        "lit": "yes",
        "surface": "asphalt"
      }
    },
    {
      "type": "Feature",
      "geometry": {
        "type": "LineString",
        "coordinates": [
          [
            37.5820352,
            55.7370083
          ],
          [
            37.5821235,
            55.7368894
          ]
        ]
      },
      "properties": {
        "osm_id": 88027137,
        "osm_type": "way",
        "narrow": "no",
        "footway": "sidewalk",
        "highway": "footway",
        "lit": "yes",
        "surface": "asphalt"
      }
    },
    {
      "type": "Feature",
      "geometry": {
        "type": "LineString",
        "coordinates": [
          [
            37.576884,
            55.737366
          ],
          [
            37.5769045,
            55.7371565
          ]
        ]
      },
      "properties": {
        "osm_id": 88027142,
        "osm_type": "way",
        "narrow": "no",
        "highway": "footway",
        "lit": "yes",
        "smoothness": "excellent",
        "surface": "paving_stones"
      }
    },
    {
      "type": "Feature",
      "geometry": {
        "type": "LineString",
        "coordinates": [
          [
            37.5769045,
            55.7371565
          ],
          [
            37.5770112,
            55.7370057
          ]
        ]
      },
      "properties": {
        "osm_id": 88027142,
        "osm_type": "way",
        "narrow": "no",
        "highway": "footway",
        "lit": "yes",
        "smoothness": "excellent",
        "surface": "paving_stones"
      }
    },
    {
      "type": "Feature",
      "geometry": {
        "type": "LineString",
        "coordinates": [
          [
            37.5770112,
            55.7370057
          ],
          [
            37.5768757,
            55.73620309999999
          ]
        ]
      },
      "properties": {
        "osm_id": 88027142,
        "osm_type": "way",
        "narrow": "no",
        "highway": "footway",
        "lit": "yes",
        "smoothness": "excellent",
        "surface": "paving_stones"
      }
    },
    {
      "type": "Feature",
      "geometry": {
        "type": "LineString",
        "coordinates": [
          [
            37.5768757,
            55.73620309999999
          ],
          [
            37.576401,
            55.735321
          ]
        ]
      },
      "properties": {
        "osm_id": 88027142,
        "osm_type": "way",
        "narrow": "no",
        "highway": "footway",
        "lit": "yes",
        "smoothness": "excellent",
        "surface": "paving_stones"
      }
    },
    {
      "type": "Feature",
      "geometry": {
        "type": "LineString",
        "coordinates": [
          [
            37.576401,
            55.735321
          ],
          [
            37.5763647,
            55.7352429
          ]
        ]
      },
      "properties": {
        "osm_id": 88027142,
        "osm_type": "way",
        "narrow": "no",
        "highway": "footway",
        "lit": "yes",
        "smoothness": "excellent",
        "surface": "paving_stones"
      }
    },
    {
      "type": "Feature",
      "geometry": {
        "type": "LineString",
        "coordinates": [
          [
            37.5763647,
            55.7352429
          ],
          [
            37.5761923,
            55.7349706
          ]
        ]
      },
      "properties": {
        "osm_id": 88027142,
        "osm_type": "way",
        "narrow": "no",
        "highway": "footway",
        "lit": "yes",
        "smoothness": "excellent",
        "surface": "paving_stones"
      }
    },
    {
      "type": "Feature",
      "geometry": {
        "type": "LineString",
        "coordinates": [
          [
            37.5761923,
            55.7349706
          ],
          [
            37.5760698,
            55.7348689
          ]
        ]
      },
      "properties": {
        "osm_id": 88027142,
        "osm_type": "way",
        "narrow": "no",
        "highway": "footway",
        "lit": "yes",
        "smoothness": "excellent",
        "surface": "paving_stones"
      }
    },
    {
      "type": "Feature",
      "geometry": {
        "type": "LineString",
        "coordinates": [
          [
            37.5770112,
            55.7370057
          ],
          [
            37.5771086,
            55.7368603
          ]
        ]
      },
      "properties": {
        "osm_id": 88027145,
        "osm_type": "way",
        "narrow": "no",
        "highway": "footway",
        "lit": "yes",
        "surface": "paving_stones"
      }
    },
    {
      "type": "Feature",
      "geometry": {
        "type": "LineString",
        "coordinates": [
          [
            37.5771086,
            55.7368603
          ],
          [
            37.5772803,
            55.7364956
          ]
        ]
      },
      "properties": {
        "osm_id": 88027145,
        "osm_type": "way",
        "narrow": "no",
        "highway": "footway",
        "lit": "yes",
        "surface": "paving_stones"
      }
    },
    {
      "type": "Feature",
      "geometry": {
        "type": "LineString",
        "coordinates": [
          [
            37.5772803,
            55.7364956
          ],
          [
            37.5773499,
            55.7362528
          ]
        ]
      },
      "properties": {
        "osm_id": 88027145,
        "osm_type": "way",
        "narrow": "no",
        "highway": "footway",
        "lit": "yes",
        "surface": "paving_stones"
      }
    },
    {
      "type": "Feature",
      "geometry": {
        "type": "LineString",
        "coordinates": [
          [
            37.5773269,
            55.7360014
          ],
          [
            37.576401,
            55.735321
          ]
        ]
      },
      "properties": {
        "osm_id": 88027146,
        "osm_type": "way",
        "narrow": "no",
        "highway": "footway",
        "lit": "yes",
        "smoothness": "excellent",
        "surface": "paving_stones"
      }
    },
    {
      "type": "Feature",
      "geometry": {
        "type": "LineString",
        "coordinates": [
          [
            37.5745461,
            55.735022
          ],
          [
            37.5761923,
            55.7349706
          ]
        ]
      },
      "properties": {
        "osm_id": 88027148,
        "osm_type": "way",
        "narrow": "no",
        "highway": "footway",
        "lit": "yes",
        "smoothness": "good",
        "surface": "paving_stones"
      }
    },
    {
      "type": "Feature",
      "geometry": {
        "type": "LineString",
        "coordinates": [
          [
            37.5761923,
            55.7349706
          ],
          [
            37.5775277,
            55.7349293
          ]
        ]
      },
      "properties": {
        "osm_id": 88027148,
        "osm_type": "way",
        "narrow": "no",
        "highway": "footway",
        "lit": "yes",
        "smoothness": "good",
        "surface": "paving_stones"
      }
    },
    {
      "type": "Feature",
      "geometry": {
        "type": "LineString",
        "coordinates": [
          [
            37.5775277,
            55.7349293
          ],
          [
            37.5776323,
            55.7349233
          ]
        ]
      },
      "properties": {
        "osm_id": 88027148,
        "osm_type": "way",
        "narrow": "no",
        "highway": "footway",
        "lit": "yes",
        "smoothness": "good",
        "surface": "paving_stones"
      }
    },
    {
      "type": "Feature",
      "geometry": {
        "type": "LineString",
        "coordinates": [
          [
            37.5776323,
            55.7349233
          ],
          [
            37.5777823,
            55.7349147
          ]
        ]
      },
      "properties": {
        "osm_id": 88027148,
        "osm_type": "way",
        "narrow": "no",
        "highway": "footway",
        "lit": "yes",
        "smoothness": "good",
        "surface": "paving_stones"
      }
    },
    {
      "type": "Feature",
      "geometry": {
        "type": "LineString",
        "coordinates": [
          [
            37.5797966,
            55.7368379
          ],
          [
            37.5799496,
            55.7369146
          ]
        ]
      },
      "properties": {
        "osm_id": 88408932,
        "osm_type": "way",
        "narrow": "no",
        "highway": "footway",
        "lit": "yes",
        "surface": "paving_stones"
      }
    },
    {
      "type": "Feature",
      "geometry": {
        "type": "LineString",
        "coordinates": [
          [
            37.5799496,
            55.7369146
          ],
          [
            37.5800048,
            55.736915
          ]
        ]
      },
      "properties": {
        "osm_id": 88408932,
        "osm_type": "way",
        "narrow": "no",
        "highway": "footway",
        "lit": "yes",
        "surface": "paving_stones"
      }
    },
    {
      "type": "Feature",
      "geometry": {
        "type": "LineString",
        "coordinates": [
          [
            37.5800048,
            55.736915
          ],
          [
            37.5801602,
            55.7369143
          ]
        ]
      },
      "properties": {
        "osm_id": 88408932,
        "osm_type": "way",
        "narrow": "no",
        "highway": "footway",
        "lit": "yes",
        "surface": "paving_stones"
      }
    },
    {
      "type": "Feature",
      "geometry": {
        "type": "LineString",
        "coordinates": [
          [
            37.5801602,
            55.7369143
          ],
          [
            37.5810676,
            55.736915
          ]
        ]
      },
      "properties": {
        "osm_id": 88408932,
        "osm_type": "way",
        "narrow": "no",
        "highway": "footway",
        "lit": "yes",
        "surface": "paving_stones"
      }
    },
    {
      "type": "Feature",
      "geometry": {
        "type": "LineString",
        "coordinates": [
          [
            37.5810676,
            55.736915
          ],
          [
            37.5815939,
            55.7370001
          ]
        ]
      },
      "properties": {
        "osm_id": 88408932,
        "osm_type": "way",
        "narrow": "no",
        "highway": "footway",
        "lit": "yes",
        "surface": "paving_stones"
      }
    },
    {
      "type": "Feature",
      "geometry": {
        "type": "LineString",
        "coordinates": [
          [
            37.5815939,
            55.7370001
          ],
          [
            37.5816446,
            55.7369248
          ]
        ]
      },
      "properties": {
        "osm_id": 88408932,
        "osm_type": "way",
        "narrow": "no",
        "highway": "footway",
        "lit": "yes",
        "surface": "paving_stones"
      }
    },
    {
      "type": "Feature",
      "geometry": {
        "type": "LineString",
        "coordinates": [
          [
            37.5816446,
            55.7369248
          ],
          [
            37.5816702,
            55.7368867
          ]
        ]
      },
      "properties": {
        "osm_id": 88408932,
        "osm_type": "way",
        "narrow": "no",
        "highway": "footway",
        "lit": "yes",
        "surface": "paving_stones"
      }
    },
    {
      "type": "Feature",
      "geometry": {
        "type": "LineString",
        "coordinates": [
          [
            37.5776849,
            55.7361089
          ],
          [
            37.5790727,
            55.7363344
          ]
        ]
      },
      "properties": {
        "osm_id": 88408933,
        "osm_type": "way",
        "narrow": "no",
        "highway": "footway",
        "lit": "yes",
        "surface": "paving_stones"
      }
    },
    {
      "type": "Feature",
      "geometry": {
        "type": "LineString",
        "coordinates": [
          [
            37.5790727,
            55.7363344
          ],
          [
            37.5798097,
            55.7364708
          ]
        ]
      },
      "properties": {
        "osm_id": 88408933,
        "osm_type": "way",
        "narrow": "no",
        "highway": "footway",
        "lit": "yes",
        "surface": "paving_stones"
      }
    },
    {
      "type": "Feature",
      "geometry": {
        "type": "LineString",
        "coordinates": [
          [
            37.5798097,
            55.7364708
          ],
          [
            37.5800814,
            55.7365223
          ]
        ]
      },
      "properties": {
        "osm_id": 88408933,
        "osm_type": "way",
        "narrow": "no",
        "highway": "footway",
        "lit": "yes",
        "surface": "paving_stones"
      }
    },
    {
      "type": "Feature",
      "geometry": {
        "type": "LineString",
        "coordinates": [
          [
            37.5800814,
            55.7365223
          ],
          [
            37.5810986,
            55.736765
          ]
        ]
      },
      "properties": {
        "osm_id": 88408933,
        "osm_type": "way",
        "narrow": "no",
        "highway": "footway",
        "lit": "yes",
        "surface": "paving_stones"
      }
    },
    {
      "type": "Feature",
      "geometry": {
        "type": "LineString",
        "coordinates": [
          [
            37.5810986,
            55.736765
          ],
          [
            37.5816141,
            55.7368748
          ]
        ]
      },
      "properties": {
        "osm_id": 88408933,
        "osm_type": "way",
        "narrow": "no",
        "highway": "footway",
        "lit": "yes",
        "surface": "paving_stones"
      }
    },
    {
      "type": "Feature",
      "geometry": {
        "type": "LineString",
        "coordinates": [
          [
            37.5816141,
            55.7368748
          ],
          [
            37.5816702,
            55.7368867
          ]
        ]
      },
      "properties": {
        "osm_id": 88408933,
        "osm_type": "way",
        "narrow": "no",
        "highway": "footway",
        "lit": "yes",
        "surface": "paving_stones"
      }
    },
    {
      "type": "Feature",
      "geometry": {
        "type": "LineString",
        "coordinates": [
          [
            37.5799757,
            55.737192
          ],
          [
            37.5799496,
            55.7369146
          ]
        ]
      },
      "properties": {
        "osm_id": 88408934,
        "osm_type": "way",
        "narrow": "no",
        "highway": "footway",
        "lit": "yes",
        "surface": "paving_stones"
      }
    },
    {
      "type": "Feature",
      "geometry": {
        "type": "LineString",
        "coordinates": [
          [
            37.577356,
            55.7348305
          ],
          [
            37.5775277,
            55.7349293
          ]
        ]
      },
      "properties": {
        "osm_id": 91758792,
        "osm_type": "way",
        "narrow": "no",
        "highway": "footway",
        "lit": "yes",
        "source": "Bing",
        "surface": "paving_stones"
      }
    },
    {
      "type": "Feature",
      "geometry": {
        "type": "LineString",
        "coordinates": [
          [
            37.5775277,
            55.7349293
          ],
          [
            37.5776475,
            55.7352691
          ]
        ]
      },
      "properties": {
        "osm_id": 91758792,
        "osm_type": "way",
        "narrow": "yes",
        "highway": "footway",
        "lit": "yes",
        "source": "Bing",
        "surface": "paving_stones",
        "stroke": "#ff8800"
      }
    },
    {
      "type": "Feature",
      "geometry": {
        "type": "LineString",
        "coordinates": [
          [
            37.5776475,
            55.7352691
          ],
          [
            37.5780629,
            55.7353486
          ]
        ]
      },
      "properties": {
        "osm_id": 91758792,
        "osm_type": "way",
        "narrow": "no",
        "highway": "footway",
        "lit": "yes",
        "source": "Bing",
        "surface": "paving_stones"
      }
    },
    {
      "type": "Feature",
      "geometry": {
        "type": "LineString",
        "coordinates": [
          [
            37.5780629,
            55.7353486
          ],
          [
            37.5780842,
            55.7354364
          ]
        ]
      },
      "properties": {
        "osm_id": 91758792,
        "osm_type": "way",
        "narrow": "no",
        "highway": "footway",
        "lit": "yes",
        "source": "Bing",
        "surface": "paving_stones"
      }
    },
    {
      "type": "Feature",
      "geometry": {
        "type": "LineString",
        "coordinates": [
          [
            37.5780842,
            55.7354364
          ],
          [
            37.5782066,
            55.735616
          ]
        ]
      },
      "properties": {
        "osm_id": 91758792,
        "osm_type": "way",
        "narrow": "no",
        "highway": "footway",
        "lit": "yes",
        "source": "Bing",
        "surface": "paving_stones"
      }
    },
    {
      "type": "Feature",
      "geometry": {
        "type": "LineString",
        "coordinates": [
          [
            37.5782066,
            55.735616
          ],
          [
            37.5790727,
            55.7363344
          ]
        ]
      },
      "properties": {
        "osm_id": 91758792,
        "osm_type": "way",
        "narrow": "yes",
        "highway": "footway",
        "lit": "yes",
        "source": "Bing",
        "surface": "paving_stones",
        "stroke": "#ff8800"
      }
    },
    {
      "type": "Feature",
      "geometry": {
        "type": "LineString",
        "coordinates": [
          [
            37.5790727,
            55.7363344
          ],
          [
            37.5797966,
            55.7368379
          ]
        ]
      },
      "properties": {
        "osm_id": 91758792,
        "osm_type": "way",
        "narrow": "no",
        "highway": "footway",
        "lit": "yes",
        "source": "Bing",
        "surface": "paving_stones"
      }
    },
    {
      "type": "Feature",
      "geometry": {
        "type": "LineString",
        "coordinates": [
          [
            37.5759173,
            55.7347986
          ],
          [
            37.5759368,
            55.73421729999998
          ]
        ]
      },
      "properties": {
        "osm_id": 93808076,
        "osm_type": "way",
        "narrow": "no",
        "highway": "footway",
        "lit": "yes",
        "smoothness": "good",
        "source": "Bing",
        "surface": "paving_stones"
      }
    },
    {
      "type": "Feature",
      "geometry": {
        "type": "LineString",
        "coordinates": [
          [
            37.5759368,
            55.73421729999998
          ],
          [
            37.5753812,
            55.7339999
          ]
        ]
      },
      "properties": {
        "osm_id": 93808076,
        "osm_type": "way",
        "narrow": "no",
        "highway": "footway",
        "lit": "yes",
        "smoothness": "good",
        "source": "Bing",
        "surface": "paving_stones"
      }
    },
    {
      "type": "Feature",
      "geometry": {
        "type": "LineString",
        "coordinates": [
          [
            37.5753812,
            55.7339999
          ],
          [
            37.5749283,
            55.733962
          ]
        ]
      },
      "properties": {
        "osm_id": 93808076,
        "osm_type": "way",
        "narrow": "no",
        "highway": "footway",
        "lit": "yes",
        "smoothness": "good",
        "source": "Bing",
        "surface": "paving_stones"
      }
    },
    {
      "type": "Feature",
      "geometry": {
        "type": "LineString",
        "coordinates": [
          [
            37.5749283,
            55.733962
          ],
          [
            37.574714,
            55.7339561
          ]
        ]
      },
      "properties": {
        "osm_id": 93808077,
        "osm_type": "way",
        "narrow": "no",
        "highway": "footway",
        "lit": "yes",
        "smoothness": "excellent",
        "source": "Bing",
        "surface": "paving_stones"
      }
    },
    {
      "type": "Feature",
      "geometry": {
        "type": "LineString",
        "coordinates": [
          [
            37.574714,
            55.7339561
          ],
          [
            37.5741889,
            55.7339507
          ]
        ]
      },
      "properties": {
        "osm_id": 93808077,
        "osm_type": "way",
        "narrow": "no",
        "highway": "footway",
        "lit": "yes",
        "smoothness": "excellent",
        "source": "Bing",
        "surface": "paving_stones"
      }
    },
    {
      "type": "Feature",
      "geometry": {
        "type": "LineString",
        "coordinates": [
          [
            37.5857104,
            55.7338219
          ],
          [
            37.5860838,
            55.7339365
          ]
        ]
      },
      "properties": {
        "osm_id": 109491283,
        "osm_type": "way",
        "narrow": "no",
        "highway": "footway",
        "lit": "no",
        "surface": "asphalt"
      }
    },
    {
      "type": "Feature",
      "geometry": {
        "type": "LineString",
        "coordinates": [
          [
            37.5860838,
            55.7339365
          ],
          [
            37.5863314,
            55.733954499999996
          ]
        ]
      },
      "properties": {
        "osm_id": 114470294,
        "osm_type": "way",
        "narrow": "no",
        "highway": "footway",
        "lit": "yes",
        "surface": "paving_stones"
      }
    },
    {
      "type": "Feature",
      "geometry": {
        "type": "LineString",
        "coordinates": [
          [
            37.5863314,
            55.733954499999996
          ],
          [
            37.5866301,
            55.73373889999999
          ]
        ]
      },
      "properties": {
        "osm_id": 114470294,
        "osm_type": "way",
        "narrow": "no",
        "highway": "footway",
        "lit": "yes",
        "surface": "paving_stones"
      }
    },
    {
      "type": "Feature",
      "geometry": {
        "type": "LineString",
        "coordinates": [
          [
            37.5866301,
            55.73373889999999
          ],
          [
            37.587139,
            55.7336158
          ]
        ]
      },
      "properties": {
        "osm_id": 114470294,
        "osm_type": "way",
        "narrow": "yes",
        "highway": "footway",
        "lit": "yes",
        "surface": "paving_stones",
        "stroke": "#ff8800"
      }
    },
    {
      "type": "Feature",
      "geometry": {
        "type": "LineString",
        "coordinates": [
          [
            37.5775319,
            55.7362527
          ],
          [
            37.5773499,
            55.7362528
          ]
        ]
      },
      "properties": {
        "osm_id": 128463421,
        "osm_type": "way",
        "narrow": "no",
        "highway": "footway",
        "lit": "yes",
        "surface": "paving_stones"
      }
    },
    {
      "type": "Feature",
      "geometry": {
        "type": "LineString",
        "coordinates": [
          [
            37.5773499,
            55.7362528
          ],
          [
            37.5771959,
            55.7361102
          ]
        ]
      },
      "properties": {
        "osm_id": 128463421,
        "osm_type": "way",
        "narrow": "no",
        "highway": "footway",
        "lit": "yes",
        "surface": "paving_stones"
      }
    },
    {
      "type": "Feature",
      "geometry": {
        "type": "LineString",
        "coordinates": [
          [
            37.5771959,
            55.7361102
          ],
          [
            37.5773269,
            55.7360014
          ]
        ]
      },
      "properties": {
        "osm_id": 128463421,
        "osm_type": "way",
        "narrow": "no",
        "highway": "footway",
        "lit": "yes",
        "surface": "paving_stones"
      }
    },
    {
      "type": "Feature",
      "geometry": {
        "type": "LineString",
        "coordinates": [
          [
            37.5773269,
            55.7360014
          ],
          [
            37.5774319,
            55.7359858
          ]
        ]
      },
      "properties": {
        "osm_id": 128463421,
        "osm_type": "way",
        "narrow": "no",
        "highway": "footway",
        "lit": "yes",
        "surface": "paving_stones"
      }
    },
    {
      "type": "Feature",
      "geometry": {
        "type": "LineString",
        "coordinates": [
          [
            37.5774319,
            55.7359858
          ],
          [
            37.5775978,
            55.7360137
          ]
        ]
      },
      "properties": {
        "osm_id": 128463421,
        "osm_type": "way",
        "narrow": "no",
        "highway": "footway",
        "lit": "yes",
        "surface": "paving_stones"
      }
    },
    {
      "type": "Feature",
      "geometry": {
        "type": "LineString",
        "coordinates": [
          [
            37.5775978,
            55.7360137
          ],
          [
            37.5776849,
            55.7361089
          ]
        ]
      },
      "properties": {
        "osm_id": 128463421,
        "osm_type": "way",
        "narrow": "no",
        "highway": "footway",
        "lit": "yes",
        "surface": "paving_stones"
      }
    },
    {
      "type": "Feature",
      "geometry": {
        "type": "LineString",
        "coordinates": [
          [
            37.5776849,
            55.7361089
          ],
          [
            37.5776032,
            55.736228
          ]
        ]
      },
      "properties": {
        "osm_id": 128463421,
        "osm_type": "way",
        "narrow": "no",
        "highway": "footway",
        "lit": "yes",
        "surface": "paving_stones"
      }
    },
    {
      "type": "Feature",
      "geometry": {
        "type": "LineString",
        "coordinates": [
          [
            37.5776032,
            55.736228
          ],
          [
            37.5775319,
            55.7362527
          ]
        ]
      },
      "properties": {
        "osm_id": 128463421,
        "osm_type": "way",
        "narrow": "no",
        "highway": "footway",
        "lit": "yes",
        "surface": "paving_stones"
      }
    },
    {
      "type": "Feature",
      "geometry": {
        "type": "LineString",
        "coordinates": [
          [
            37.5774319,
            55.7359858
          ],
          [
            37.5773701,
            55.7358561
          ]
        ]
      },
      "properties": {
        "osm_id": 128463423,
        "osm_type": "way",
        "narrow": "no",
        "highway": "footway",
        "lit": "yes",
        "surface": "paving_stones"
      }
    },
    {
      "type": "Feature",
      "geometry": {
        "type": "LineString",
        "coordinates": [
          [
            37.5773701,
            55.7358561
          ],
          [
            37.5774132,
            55.735577799999994
          ]
        ]
      },
      "properties": {
        "osm_id": 128463423,
        "osm_type": "way",
        "narrow": "no",
        "highway": "footway",
        "lit": "yes",
        "surface": "paving_stones"
      }
    },
    {
      "type": "Feature",
      "geometry": {
        "type": "LineString",
        "coordinates": [
          [
            37.5774132,
            55.735577799999994
          ],
          [
            37.5776475,
            55.7352691
          ]
        ]
      },
      "properties": {
        "osm_id": 128463423,
        "osm_type": "way",
        "narrow": "no",
        "highway": "footway",
        "lit": "yes",
        "surface": "paving_stones"
      }
    },
    {
      "type": "Feature",
      "geometry": {
        "type": "LineString",
        "coordinates": [
          [
            37.5836158,
            55.7287109
          ],
          [
            37.5836645,
            55.728661
          ]
        ]
      },
      "properties": {
        "osm_id": 128949696,
        "osm_type": "way",
        "narrow": "no",
        "highway": "footway",
        "lit": "yes",
        "surface": "asphalt"
      }
    },
    {
      "type": "Feature",
      "geometry": {
        "type": "LineString",
        "coordinates": [
          [
            37.5836645,
            55.728661
          ],
          [
            37.5837253,
            55.7286126
          ]
        ]
      },
      "properties": {
        "osm_id": 128949696,
        "osm_type": "way",
        "narrow": "no",
        "highway": "footway",
        "lit": "yes",
        "surface": "asphalt"
      }
    },
    {
      "type": "Feature",
      "geometry": {
        "type": "LineString",
        "coordinates": [
          [
            37.5837253,
            55.7286126
          ],
          [
            37.5837448,
            55.7286046
          ]
        ]
      },
      "properties": {
        "osm_id": 128949696,
        "osm_type": "way",
        "narrow": "no",
        "highway": "footway",
        "lit": "yes",
        "surface": "asphalt"
      }
    },
    {
      "type": "Feature",
      "geometry": {
        "type": "LineString",
        "coordinates": [
          [
            37.5887604,
            55.73077
          ],
          [
            37.5888932,
            55.7307934
          ]
        ]
      },
      "properties": {
        "osm_id": 128949699,
        "osm_type": "way",
        "narrow": "no",
        "footway": "sidewalk",
        "highway": "footway",
        "lit": "yes",
        "surface": "asphalt"
      }
    },
    {
      "type": "Feature",
      "geometry": {
        "type": "LineString",
        "coordinates": [
          [
            37.5894524,
            55.7368141
          ],
          [
            37.5891181,
            55.7369484
          ]
        ]
      },
      "properties": {
        "osm_id": 132387465,
        "osm_type": "way",
        "narrow": "no",
        "footway": "sidewalk",
        "highway": "footway",
        "lit": "yes",
        "smoothness": "excellent",
        "surface": "paving_stones",
        "width": "7.7"
      }
    },
    {
      "type": "Feature",
      "geometry": {
        "type": "LineString",
        "coordinates": [
          [
            37.5891181,
            55.7369484
          ],
          [
            37.58820246899688,
            55.73733871241317
          ]
        ]
      },
      "properties": {
        "osm_id": 132387465,
        "osm_type": "way",
        "narrow": "no",
        "footway": "sidewalk",
        "highway": "footway",
        "lit": "yes",
        "smoothness": "excellent",
        "surface": "paving_stones",
        "width": "7.7"
      }
    },
    {
      "type": "Feature",
      "geometry": {
        "type": "LineString",
        "coordinates": [
          [
            37.58820246899688,
            55.73733871241317
          ],
          [
            37.5874234,
            55.7376708
          ]
        ]
      },
      "properties": {
        "osm_id": 132387465,
        "osm_type": "way",
        "narrow": "no",
        "footway": "sidewalk",
        "highway": "footway",
        "lit": "yes",
        "smoothness": "excellent",
        "surface": "paving_stones",
        "width": "7.7"
      }
    },
    {
      "type": "Feature",
      "geometry": {
        "type": "LineString",
        "coordinates": [
          [
            37.5874234,
            55.7376708
          ],
          [
            37.5864237,
            55.7380943
          ]
        ]
      },
      "properties": {
        "osm_id": 132387465,
        "osm_type": "way",
        "narrow": "no",
        "footway": "sidewalk",
        "highway": "footway",
        "lit": "yes",
        "smoothness": "excellent",
        "surface": "paving_stones",
        "width": "7.7"
      }
    },
    {
      "type": "Feature",
      "geometry": {
        "type": "LineString",
        "coordinates": [
          [
            37.5931775,
            55.7356291
          ],
          [
            37.5931001,
            55.7356127
          ]
        ]
      },
      "properties": {
        "osm_id": 132387471,
        "osm_type": "way",
        "narrow": "no",
        "highway": "footway",
        "lit": "yes",
        "surface": "paving_stones"
      }
    },
    {
      "type": "Feature",
      "geometry": {
        "type": "LineString",
        "coordinates": [
          [
            37.5814884,
            55.7270504
          ],
          [
            37.5819359,
            55.7273481
          ]
        ]
      },
      "properties": {
        "osm_id": 140402904,
        "osm_type": "way",
        "narrow": "no",
        "footway": "sidewalk",
        "highway": "footway",
        "lit": "yes",
        "surface": "paving_stones",
        "width": "5.5"
      }
    },
    {
      "type": "Feature",
      "geometry": {
        "type": "LineString",
        "coordinates": [
          [
            37.5819359,
            55.7273481
          ],
          [
            37.5823129,
            55.7276435
          ]
        ]
      },
      "properties": {
        "osm_id": 140402904,
        "osm_type": "way",
        "narrow": "no",
        "footway": "sidewalk",
        "highway": "footway",
        "lit": "yes",
        "surface": "paving_stones",
        "width": "5.5"
      }
    },
    {
      "type": "Feature",
      "geometry": {
        "type": "LineString",
        "coordinates": [
          [
            37.5823129,
            55.7276435
          ],
          [
            37.582577,
            55.7278391
          ]
        ]
      },
      "properties": {
        "osm_id": 140402904,
        "osm_type": "way",
        "narrow": "no",
        "footway": "sidewalk",
        "highway": "footway",
        "lit": "yes",
        "surface": "paving_stones",
        "width": "5.5"
      }
    },
    {
      "type": "Feature",
      "geometry": {
        "type": "LineString",
        "coordinates": [
          [
            37.582577,
            55.7278391
          ],
          [
            37.5831539,
            55.7282664
          ]
        ]
      },
      "properties": {
        "osm_id": 140402904,
        "osm_type": "way",
        "narrow": "no",
        "footway": "sidewalk",
        "highway": "footway",
        "lit": "yes",
        "surface": "paving_stones",
        "width": "5.5"
      }
    },
    {
      "type": "Feature",
      "geometry": {
        "type": "LineString",
        "coordinates": [
          [
            37.5831539,
            55.7282664
          ],
          [
            37.5834464,
            55.7284796
          ]
        ]
      },
      "properties": {
        "osm_id": 140402904,
        "osm_type": "way",
        "narrow": "no",
        "footway": "sidewalk",
        "highway": "footway",
        "lit": "yes",
        "surface": "paving_stones",
        "width": "5.5"
      }
    },
    {
      "type": "Feature",
      "geometry": {
        "type": "LineString",
        "coordinates": [
          [
            37.5834464,
            55.7284796
          ],
          [
            37.5836645,
            55.728661
          ]
        ]
      },
      "properties": {
        "osm_id": 140402904,
        "osm_type": "way",
        "narrow": "no",
        "footway": "sidewalk",
        "highway": "footway",
        "lit": "yes",
        "surface": "paving_stones",
        "width": "5.5"
      }
    },
    {
      "type": "Feature",
      "geometry": {
        "type": "LineString",
        "coordinates": [
          [
            37.5887604,
            55.73077
          ],
          [
            37.5885056,
            55.7306612
          ]
        ]
      },
      "properties": {
        "osm_id": 140402906,
        "osm_type": "way",
        "narrow": "no",
        "footway": "crossing",
        "highway": "footway",
        "lit": "yes",
        "surface": "asphalt"
      }
    },
    {
      "type": "Feature",
      "geometry": {
        "type": "LineString",
        "coordinates": [
          [
            37.5885056,
            55.7306612
          ],
          [
            37.5866177721874,
            55.72996937306181
          ]
        ]
      },
      "properties": {
        "osm_id": 140402907,
        "osm_type": "way",
        "narrow": "no",
        "footway": "sidewalk",
        "highway": "footway",
        "surface": "asphalt",
        "width": "3"
      }
    },
    {
      "type": "Feature",
      "geometry": {
        "type": "LineString",
        "coordinates": [
          [
            37.5866177721874,
            55.72996937306181
          ],
          [
            37.58552049186675,
            55.72956723133815
          ]
        ]
      },
      "properties": {
        "osm_id": 140402907,
        "osm_type": "way",
        "narrow": "no",
        "footway": "sidewalk",
        "highway": "footway",
        "surface": "asphalt",
        "width": "3"
      }
    },
    {
      "type": "Feature",
      "geometry": {
        "type": "LineString",
        "coordinates": [
          [
            37.58552049186675,
            55.72956723133815
          ],
          [
            37.5834891,
            55.7288227
          ]
        ]
      },
      "properties": {
        "osm_id": 140402907,
        "osm_type": "way",
        "narrow": "no",
        "footway": "sidewalk",
        "highway": "footway",
        "surface": "asphalt",
        "width": "3"
      }
    },
    {
      "type": "Feature",
      "geometry": {
        "type": "LineString",
        "coordinates": [
          [
            37.5834891,
            55.7288227
          ],
          [
            37.58121,
            55.7279813
          ]
        ]
      },
      "properties": {
        "osm_id": 140402907,
        "osm_type": "way",
        "narrow": "no",
        "footway": "sidewalk",
        "highway": "footway",
        "surface": "asphalt",
        "width": "3"
      }
    },
    {
      "type": "Feature",
      "geometry": {
        "type": "LineString",
        "coordinates": [
          [
            37.58121,
            55.7279813
          ],
          [
            37.581015,
            55.7279071
          ]
        ]
      },
      "properties": {
        "osm_id": 140402907,
        "osm_type": "way",
        "narrow": "no",
        "footway": "sidewalk",
        "highway": "footway",
        "surface": "asphalt",
        "width": "3"
      }
    },
    {
      "type": "Feature",
      "geometry": {
        "type": "LineString",
        "coordinates": [
          [
            37.581015,
            55.7279071
          ],
          [
            37.5808258,
            55.7278364
          ]
        ]
      },
      "properties": {
        "osm_id": 140402907,
        "osm_type": "way",
        "narrow": "no",
        "footway": "sidewalk",
        "highway": "footway",
        "surface": "asphalt",
        "width": "3"
      }
    },
    {
      "type": "Feature",
      "geometry": {
        "type": "LineString",
        "coordinates": [
          [
            37.5808258,
            55.7278364
          ],
          [
            37.5806348,
            55.7277656
          ]
        ]
      },
      "properties": {
        "osm_id": 140402907,
        "osm_type": "way",
        "narrow": "no",
        "footway": "sidewalk",
        "highway": "footway",
        "surface": "asphalt",
        "width": "3"
      }
    },
    {
      "type": "Feature",
      "geometry": {
        "type": "LineString",
        "coordinates": [
          [
            37.5857877,
            55.7385279
          ],
          [
            37.5857735,
            55.738543
          ]
        ]
      },
      "properties": {
        "osm_id": 150799039,
        "osm_type": "way",
        "narrow": "no",
        "highway": "footway",
        "lit": "yes",
        "surface": "paving_stones"
      }
    },
    {
      "type": "Feature",
      "geometry": {
        "type": "LineString",
        "coordinates": [
          [
            37.5857735,
            55.738543
          ],
          [
            37.5856604,
            55.738664
          ]
        ]
      },
      "properties": {
        "osm_id": 150799039,
        "osm_type": "way",
        "narrow": "no",
        "highway": "footway",
        "lit": "yes",
        "surface": "paving_stones"
      }
    },
    {
      "type": "Feature",
      "geometry": {
        "type": "LineString",
        "coordinates": [
          [
            37.5856604,
            55.738664
          ],
          [
            37.5855426,
            55.7387898
          ]
        ]
      },
      "properties": {
        "osm_id": 150799039,
        "osm_type": "way",
        "narrow": "yes",
        "highway": "footway",
        "lit": "yes",
        "surface": "paving_stones",
        "stroke": "#ff8800"
      }
    },
    {
      "type": "Feature",
      "geometry": {
        "type": "LineString",
        "coordinates": [
          [
            37.5855426,
            55.7387898
          ],
          [
            37.5855242,
            55.7388095
          ]
        ]
      },
      "properties": {
        "osm_id": 150799039,
        "osm_type": "way",
        "narrow": "no",
        "highway": "footway",
        "lit": "yes",
        "surface": "paving_stones"
      }
    },
    {
      "type": "Feature",
      "geometry": {
        "type": "LineString",
        "coordinates": [
          [
            37.5788168,
            55.7394521
          ],
          [
            37.5790808,
            55.7394312
          ]
        ]
      },
      "properties": {
        "osm_id": 155276798,
        "osm_type": "way",
        "narrow": "no",
        "highway": "footway",
        "surface": "asphalt"
      }
    },
    {
      "type": "Feature",
      "geometry": {
        "type": "LineString",
        "coordinates": [
          [
            37.5766533,
            55.7328964
          ],
          [
            37.578643,
            55.7339988
          ]
        ]
      },
      "properties": {
        "osm_id": 159976635,
        "osm_type": "way",
        "narrow": "no",
        "footway": "sidewalk",
        "highway": "footway",
        "lit": "yes",
        "smoothness": "good",
        "surface": "asphalt"
      }
    },
    {
      "type": "Feature",
      "geometry": {
        "type": "LineString",
        "coordinates": [
          [
            37.578643,
            55.7339988
          ],
          [
            37.581025928909256,
            55.731969688939834
          ]
        ]
      },
      "properties": {
        "osm_id": 159976635,
        "osm_type": "way",
        "narrow": "no",
        "footway": "sidewalk",
        "highway": "footway",
        "lit": "yes",
        "smoothness": "good",
        "surface": "asphalt"
      }
    },
    {
      "type": "Feature",
      "geometry": {
        "type": "LineString",
        "coordinates": [
          [
            37.581025928909256,
            55.731969688939834
          ],
          [
            37.5811518,
            55.7318625
          ]
        ]
      },
      "properties": {
        "osm_id": 159976635,
        "osm_type": "way",
        "narrow": "no",
        "footway": "sidewalk",
        "highway": "footway",
        "lit": "yes",
        "smoothness": "good",
        "surface": "asphalt"
      }
    },
    {
      "type": "Feature",
      "geometry": {
        "type": "LineString",
        "coordinates": [
          [
            37.5811518,
            55.7318625
          ],
          [
            37.5786092,
            55.7311266
          ]
        ]
      },
      "properties": {
        "osm_id": 159976635,
        "osm_type": "way",
        "narrow": "no",
        "footway": "sidewalk",
        "highway": "footway",
        "lit": "yes",
        "smoothness": "good",
        "surface": "asphalt"
      }
    },
    {
      "type": "Feature",
      "geometry": {
        "type": "LineString",
        "coordinates": [
          [
            37.5786092,
            55.7311266
          ],
          [
            37.5783396,
            55.7312843
          ]
        ]
      },
      "properties": {
        "osm_id": 159976635,
        "osm_type": "way",
        "narrow": "no",
        "footway": "sidewalk",
        "highway": "footway",
        "lit": "yes",
        "smoothness": "good",
        "surface": "asphalt"
      }
    },
    {
      "type": "Feature",
      "geometry": {
        "type": "LineString",
        "coordinates": [
          [
            37.5783396,
            55.7312843
          ],
          [
            37.5766533,
            55.7328964
          ]
        ]
      },
      "properties": {
        "osm_id": 159976635,
        "osm_type": "way",
        "narrow": "no",
        "footway": "sidewalk",
        "highway": "footway",
        "lit": "yes",
        "smoothness": "good",
        "surface": "asphalt"
      }
    },
    {
      "type": "Feature",
      "geometry": {
        "type": "LineString",
        "coordinates": [
          [
            37.5798246,
            55.737417
          ],
          [
            37.5800429,
            55.7383468
          ]
        ]
      },
      "properties": {
        "osm_id": 159976637,
        "osm_type": "way",
        "narrow": "no",
        "footway": "sidewalk",
        "highway": "footway",
        "lit": "yes",
        "surface": "asphalt"
      }
    },
    {
      "type": "Feature",
      "geometry": {
        "type": "LineString",
        "coordinates": [
          [
            37.5800429,
            55.7383468
          ],
          [
            37.5801083,
            55.7386885
          ]
        ]
      },
      "properties": {
        "osm_id": 159976637,
        "osm_type": "way",
        "narrow": "no",
        "footway": "sidewalk",
        "highway": "footway",
        "lit": "yes",
        "surface": "asphalt"
      }
    },
    {
      "type": "Feature",
      "geometry": {
        "type": "LineString",
        "coordinates": [
          [
            37.5801083,
            55.7386885
          ],
          [
            37.5789964,
            55.7388138
          ]
        ]
      },
      "properties": {
        "osm_id": 159976637,
        "osm_type": "way",
        "narrow": "no",
        "footway": "sidewalk",
        "highway": "footway",
        "lit": "yes",
        "surface": "asphalt"
      }
    },
    {
      "type": "Feature",
      "geometry": {
        "type": "LineString",
        "coordinates": [
          [
            37.5789964,
            55.7388138
          ],
          [
            37.5777483,
            55.7389217
          ]
        ]
      },
      "properties": {
        "osm_id": 159976637,
        "osm_type": "way",
        "narrow": "no",
        "footway": "sidewalk",
        "highway": "footway",
        "lit": "yes",
        "surface": "asphalt"
      }
    },
    {
      "type": "Feature",
      "geometry": {
        "type": "LineString",
        "coordinates": [
          [
            37.5777483,
            55.7389217
          ],
          [
            37.5769541,
            55.739007
          ]
        ]
      },
      "properties": {
        "osm_id": 159976637,
        "osm_type": "way",
        "narrow": "no",
        "footway": "sidewalk",
        "highway": "footway",
        "lit": "yes",
        "surface": "asphalt"
      }
    },
    {
      "type": "Feature",
      "geometry": {
        "type": "LineString",
        "coordinates": [
          [
            37.5769541,
            55.739007
          ],
          [
            37.5764619,
            55.7390501
          ]
        ]
      },
      "properties": {
        "osm_id": 159976637,
        "osm_type": "way",
        "narrow": "no",
        "footway": "sidewalk",
        "highway": "footway",
        "lit": "yes",
        "surface": "asphalt"
      }
    },
    {
      "type": "Feature",
      "geometry": {
        "type": "LineString",
        "coordinates": [
          [
            37.5779705,
            55.7371002
          ],
          [
            37.5779796,
            55.7371771
          ]
        ]
      },
      "properties": {
        "osm_id": 159976639,
        "osm_type": "way",
        "narrow": "no",
        "highway": "footway",
        "lit": "yes",
        "source": "Bing",
        "surface": "paving_stones"
      }
    },
    {
      "type": "Feature",
      "geometry": {
        "type": "LineString",
        "coordinates": [
          [
            37.5779932,
            55.7372547
          ],
          [
            37.5779997,
            55.7372992
          ]
        ]
      },
      "properties": {
        "osm_id": 159976640,
        "osm_type": "way",
        "narrow": "no",
        "highway": "footway",
        "lit": "yes",
        "source": "Bing",
        "surface": "paving_stones"
      }
    },
    {
      "type": "Feature",
      "geometry": {
        "type": "LineString",
        "coordinates": [
          [
            37.5816586,
            55.7371337
          ],
          [
            37.5816332,
            55.7374125
          ]
        ]
      },
      "properties": {
        "osm_id": 159976645,
        "osm_type": "way",
        "narrow": "no",
        "footway": "crossing",
        "highway": "footway",
        "lit": "yes",
        "surface": "asphalt"
      }
    },
    {
      "type": "Feature",
      "geometry": {
        "type": "LineString",
        "coordinates": [
          [
            37.5783396,
            55.7312843
          ],
          [
            37.5783074,
            55.7312741
          ]
        ]
      },
      "properties": {
        "osm_id": 159976646,
        "osm_type": "way",
        "narrow": "yes",
        "footway": "sidewalk",
        "highway": "footway",
        "lit": "yes",
        "surface": "asphalt",
        "stroke": "#ff8800"
      }
    },
    {
      "type": "Feature",
      "geometry": {
        "type": "LineString",
        "coordinates": [
          [
            37.5792573,
            55.7295437
          ],
          [
            37.5792373,
            55.7295404
          ]
        ]
      },
      "properties": {
        "osm_id": 159976648,
        "osm_type": "way",
        "narrow": "yes",
        "footway": "sidewalk",
        "highway": "footway",
        "lit": "yes",
        "smoothness": "intermediate",
        "surface": "asphalt",
        "stroke": "#ff8800"
      }
    },
    {
      "type": "Feature",
      "geometry": {
        "type": "LineString",
        "coordinates": [
          [
            37.5757822,
            55.737403
          ],
          [
            37.5759483,
            55.7376778
          ]
        ]
      },
      "properties": {
        "osm_id": 159976654,
        "osm_type": "way",
        "narrow": "no",
        "footway": "crossing",
        "highway": "footway",
        "lit": "yes",
        "smoothness": "good",
        "surface": "asphalt"
      }
    },
    {
      "type": "Feature",
      "geometry": {
        "type": "LineString",
        "coordinates": [
          [
            37.5801602,
            55.7369143
          ],
          [
            37.5800814,
            55.7365223
          ]
        ]
      },
      "properties": {
        "osm_id": 159976655,
        "osm_type": "way",
        "narrow": "no",
        "highway": "footway",
        "lit": "yes",
        "surface": "paving_stones"
      }
    },
    {
      "type": "Feature",
      "geometry": {
        "type": "LineString",
        "coordinates": [
          [
            37.5800814,
            55.7365223
          ],
          [
            37.5799306,
            55.7360956
          ]
        ]
      },
      "properties": {
        "osm_id": 159976655,
        "osm_type": "way",
        "narrow": "no",
        "highway": "footway",
        "lit": "yes",
        "surface": "paving_stones"
      }
    },
    {
      "type": "Feature",
      "geometry": {
        "type": "LineString",
        "coordinates": [
          [
            37.5799306,
            55.7360956
          ],
          [
            37.5797213,
            55.7358845
          ]
        ]
      },
      "properties": {
        "osm_id": 159976655,
        "osm_type": "way",
        "narrow": "no",
        "highway": "footway",
        "lit": "yes",
        "surface": "paving_stones"
      }
    },
    {
      "type": "Feature",
      "geometry": {
        "type": "LineString",
        "coordinates": [
          [
            37.5797213,
            55.7358845
          ],
          [
            37.5797969,
            55.7358306
          ]
        ]
      },
      "properties": {
        "osm_id": 159976655,
        "osm_type": "way",
        "narrow": "no",
        "highway": "footway",
        "lit": "yes",
        "surface": "paving_stones"
      }
    },
    {
      "type": "Feature",
      "geometry": {
        "type": "LineString",
        "coordinates": [
          [
            37.5801901,
            55.737184
          ],
          [
            37.5802147,
            55.7374406
          ]
        ]
      },
      "properties": {
        "osm_id": 159976663,
        "osm_type": "way",
        "narrow": "no",
        "footway": "crossing",
        "highway": "footway",
        "lit": "yes",
        "surface": "asphalt"
      }
    },
    {
      "type": "Feature",
      "geometry": {
        "type": "LineString",
        "coordinates": [
          [
            37.5786491,
            55.7309428
          ],
          [
            37.5786694,
            55.7310071
          ]
        ]
      },
      "properties": {
        "osm_id": 159976665,
        "osm_type": "way",
        "narrow": "yes",
        "highway": "footway",
        "lit": "yes",
        "smoothness": "excellent",
        "surface": "asphalt",
        "stroke": "#ff8800"
      }
    },
    {
      "type": "Feature",
      "geometry": {
        "type": "LineString",
        "coordinates": [
          [
            37.5786694,
            55.7310071
          ],
          [
            37.5787411,
            55.7309567
          ]
        ]
      },
      "properties": {
        "osm_id": 159976665,
        "osm_type": "way",
        "narrow": "no",
        "highway": "footway",
        "lit": "yes",
        "smoothness": "excellent",
        "surface": "asphalt"
      }
    },
    {
      "type": "Feature",
      "geometry": {
        "type": "LineString",
        "coordinates": [
          [
            37.5787411,
            55.7309567
          ],
          [
            37.5786491,
            55.7309428
          ]
        ]
      },
      "properties": {
        "osm_id": 159976665,
        "osm_type": "way",
        "narrow": "no",
        "highway": "footway",
        "lit": "yes",
        "smoothness": "excellent",
        "surface": "asphalt"
      }
    },
    {
      "type": "Feature",
      "geometry": {
        "type": "LineString",
        "coordinates": [
          [
            37.5779796,
            55.7371771
          ],
          [
            37.5780529,
            55.7372046
          ]
        ]
      },
      "properties": {
        "osm_id": 159976668,
        "osm_type": "way",
        "narrow": "no",
        "highway": "footway",
        "lit": "yes",
        "source": "Bing",
        "surface": "paving_stones"
      }
    },
    {
      "type": "Feature",
      "geometry": {
        "type": "LineString",
        "coordinates": [
          [
            37.5780529,
            55.7372046
          ],
          [
            37.5779932,
            55.7372547
          ]
        ]
      },
      "properties": {
        "osm_id": 159976668,
        "osm_type": "way",
        "narrow": "no",
        "highway": "footway",
        "lit": "yes",
        "source": "Bing",
        "surface": "paving_stones"
      }
    },
    {
      "type": "Feature",
      "geometry": {
        "type": "LineString",
        "coordinates": [
          [
            37.5779932,
            55.7372547
          ],
          [
            37.5779181,
            55.7372103
          ]
        ]
      },
      "properties": {
        "osm_id": 159976668,
        "osm_type": "way",
        "narrow": "no",
        "highway": "footway",
        "lit": "yes",
        "source": "Bing",
        "surface": "paving_stones"
      }
    },
    {
      "type": "Feature",
      "geometry": {
        "type": "LineString",
        "coordinates": [
          [
            37.5779181,
            55.7372103
          ],
          [
            37.5779796,
            55.7371771
          ]
        ]
      },
      "properties": {
        "osm_id": 159976668,
        "osm_type": "way",
        "narrow": "no",
        "highway": "footway",
        "lit": "yes",
        "source": "Bing",
        "surface": "paving_stones"
      }
    },
    {
      "type": "Feature",
      "geometry": {
        "type": "LineString",
        "coordinates": [
          [
            37.5754657,
            55.7338956
          ],
          [
            37.5756967,
            55.7337253
          ]
        ]
      },
      "properties": {
        "osm_id": 159976672,
        "osm_type": "way",
        "narrow": "no",
        "footway": "crossing",
        "highway": "footway",
        "lit": "yes",
        "smoothness": "good",
        "surface": "asphalt"
      }
    },
    {
      "type": "Feature",
      "geometry": {
        "type": "LineString",
        "coordinates": [
          [
            37.5776699,
            55.7372182
          ],
          [
            37.5769045,
            55.7371565
          ]
        ]
      },
      "properties": {
        "osm_id": 159976674,
        "osm_type": "way",
        "narrow": "no",
        "highway": "footway",
        "lit": "yes",
        "smoothness": "excellent",
        "source": "Bing",
        "surface": "paving_stones"
      }
    },
    {
      "type": "Feature",
      "geometry": {
        "type": "LineString",
        "coordinates": [
          [
            37.5763883,
            55.7330541
          ],
          [
            37.57579167882739,
            55.73353503955154
          ]
        ]
      },
      "properties": {
        "osm_id": 159976676,
        "osm_type": "way",
        "narrow": "no",
        "footway": "sidewalk",
        "highway": "footway",
        "lit": "yes",
        "smoothness": "excellent",
        "surface": "asphalt"
      }
    },
    {
      "type": "Feature",
      "geometry": {
        "type": "LineString",
        "coordinates": [
          [
            37.57579167882739,
            55.73353503955154
          ],
          [
            37.5756936,
            55.7336141
          ]
        ]
      },
      "properties": {
        "osm_id": 159976676,
        "osm_type": "way",
        "narrow": "no",
        "footway": "sidewalk",
        "highway": "footway",
        "lit": "yes",
        "smoothness": "excellent",
        "surface": "asphalt"
      }
    },
    {
      "type": "Feature",
      "geometry": {
        "type": "LineString",
        "coordinates": [
          [
            37.5756936,
            55.7336141
          ],
          [
            37.5756967,
            55.7337253
          ]
        ]
      },
      "properties": {
        "osm_id": 159976676,
        "osm_type": "way",
        "narrow": "no",
        "footway": "sidewalk",
        "highway": "footway",
        "lit": "yes",
        "smoothness": "excellent",
        "surface": "asphalt"
      }
    },
    {
      "type": "Feature",
      "geometry": {
        "type": "LineString",
        "coordinates": [
          [
            37.5773515,
            55.7412473
          ],
          [
            37.57747718822572,
            55.74122722222142
          ]
        ]
      },
      "properties": {
        "osm_id": 159978486,
        "osm_type": "way",
        "narrow": "no",
        "footway": "sidewalk",
        "highway": "footway",
        "lit": "yes",
        "surface": "asphalt"
      }
    },
    {
      "type": "Feature",
      "geometry": {
        "type": "LineString",
        "coordinates": [
          [
            37.57747718822572,
            55.74122722222142
          ],
          [
            37.57769327106061,
            55.741192704212644
          ]
        ]
      },
      "properties": {
        "osm_id": 159978486,
        "osm_type": "way",
        "narrow": "yes",
        "footway": "sidewalk",
        "highway": "footway",
        "lit": "yes",
        "surface": "asphalt",
        "stroke": "#ff8800"
      }
    },
    {
      "type": "Feature",
      "geometry": {
        "type": "LineString",
        "coordinates": [
          [
            37.57769327106061,
            55.741192704212644
          ],
          [
            37.577909261069664,
            55.741158200590284
          ]
        ]
      },
      "properties": {
        "osm_id": 159978486,
        "osm_type": "way",
        "narrow": "no",
        "footway": "sidewalk",
        "highway": "footway",
        "lit": "yes",
        "surface": "asphalt"
      }
    },
    {
      "type": "Feature",
      "geometry": {
        "type": "LineString",
        "coordinates": [
          [
            37.577909261069664,
            55.741158200590284
          ],
          [
            37.5785246,
            55.7410599
          ]
        ]
      },
      "properties": {
        "osm_id": 159978486,
        "osm_type": "way",
        "narrow": "no",
        "footway": "sidewalk",
        "highway": "footway",
        "lit": "yes",
        "surface": "asphalt"
      }
    },
    {
      "type": "Feature",
      "geometry": {
        "type": "LineString",
        "coordinates": [
          [
            37.5785246,
            55.7410599
          ],
          [
            37.5782931,
            55.7405727
          ]
        ]
      },
      "properties": {
        "osm_id": 159978486,
        "osm_type": "way",
        "narrow": "no",
        "footway": "sidewalk",
        "highway": "footway",
        "lit": "yes",
        "surface": "asphalt"
      }
    },
    {
      "type": "Feature",
      "geometry": {
        "type": "LineString",
        "coordinates": [
          [
            37.5782931,
            55.7405727
          ],
          [
            37.57784260501592,
            55.73968630399381
          ]
        ]
      },
      "properties": {
        "osm_id": 159978486,
        "osm_type": "way",
        "narrow": "yes",
        "footway": "sidewalk",
        "highway": "footway",
        "lit": "yes",
        "surface": "asphalt",
        "stroke": "#ff8800"
      }
    },
    {
      "type": "Feature",
      "geometry": {
        "type": "LineString",
        "coordinates": [
          [
            37.57784260501592,
            55.73968630399381
          ],
          [
            37.57776956462859,
            55.73954258550579
          ]
        ]
      },
      "properties": {
        "osm_id": 159978486,
        "osm_type": "way",
        "narrow": "no",
        "footway": "sidewalk",
        "highway": "footway",
        "lit": "yes",
        "surface": "asphalt"
      }
    },
    {
      "type": "Feature",
      "geometry": {
        "type": "LineString",
        "coordinates": [
          [
            37.57776956462859,
            55.73954258550579
          ],
          [
            37.5775268,
            55.7390649
          ]
        ]
      },
      "properties": {
        "osm_id": 159978486,
        "osm_type": "way",
        "narrow": "no",
        "footway": "sidewalk",
        "highway": "footway",
        "lit": "yes",
        "surface": "asphalt"
      }
    },
    {
      "type": "Feature",
      "geometry": {
        "type": "LineString",
        "coordinates": [
          [
            37.5775268,
            55.7390649
          ],
          [
            37.5765118,
            55.7391821
          ]
        ]
      },
      "properties": {
        "osm_id": 159978486,
        "osm_type": "way",
        "narrow": "no",
        "footway": "sidewalk",
        "highway": "footway",
        "lit": "yes",
        "surface": "asphalt"
      }
    },
    {
      "type": "Feature",
      "geometry": {
        "type": "LineString",
        "coordinates": [
          [
            37.5798246,
            55.737417
          ],
          [
            37.5801417,
            55.7374162
          ]
        ]
      },
      "properties": {
        "osm_id": 159978487,
        "osm_type": "way",
        "narrow": "yes",
        "footway": "crossing",
        "highway": "footway",
        "lit": "yes",
        "surface": "asphalt",
        "stroke": "#ff8800"
      }
    },
    {
      "type": "Feature",
      "geometry": {
        "type": "LineString",
        "coordinates": [
          [
            37.5790262,
            55.7389196
          ],
          [
            37.5801787,
            55.7388265
          ]
        ]
      },
      "properties": {
        "osm_id": 159978489,
        "osm_type": "way",
        "narrow": "no",
        "footway": "sidewalk",
        "highway": "footway",
        "lit": "yes",
        "surface": "asphalt"
      }
    },
    {
      "type": "Feature",
      "geometry": {
        "type": "LineString",
        "coordinates": [
          [
            37.5801787,
            55.7388265
          ],
          [
            37.5803858,
            55.7388154
          ]
        ]
      },
      "properties": {
        "osm_id": 159978490,
        "osm_type": "way",
        "narrow": "no",
        "footway": "crossing",
        "highway": "footway",
        "lit": "yes",
        "surface": "asphalt"
      }
    },
    {
      "type": "Feature",
      "geometry": {
        "type": "LineString",
        "coordinates": [
          [
            37.5764619,
            55.7390501
          ],
          [
            37.5765118,
            55.7391821
          ]
        ]
      },
      "properties": {
        "osm_id": 159978491,
        "osm_type": "way",
        "narrow": "no",
        "footway": "crossing",
        "highway": "footway",
        "lit": "yes",
        "smoothness": "good",
        "surface": "asphalt"
      }
    },
    {
      "type": "Feature",
      "geometry": {
        "type": "LineString",
        "coordinates": [
          [
            37.5788219,
            55.7389364
          ],
          [
            37.5790262,
            55.7389196
          ]
        ]
      },
      "properties": {
        "osm_id": 159978492,
        "osm_type": "way",
        "narrow": "no",
        "footway": "crossing",
        "highway": "footway",
        "lit": "yes",
        "surface": "asphalt"
      }
    },
    {
      "type": "Feature",
      "geometry": {
        "type": "LineString",
        "coordinates": [
          [
            37.582857,
            55.738755
          ],
          [
            37.5830552,
            55.7387595
          ]
        ]
      },
      "properties": {
        "osm_id": 159978493,
        "osm_type": "way",
        "narrow": "no",
        "footway": "crossing",
        "highway": "footway",
        "lit": "yes",
        "surface": "asphalt"
      }
    },
    {
      "type": "Feature",
      "geometry": {
        "type": "LineString",
        "coordinates": [
          [
            37.583895,
            55.738789
          ],
          [
            37.5840608,
            55.7387845
          ]
        ]
      },
      "properties": {
        "osm_id": 159978494,
        "osm_type": "way",
        "narrow": "no",
        "footway": "crossing",
        "highway": "footway",
        "lit": "yes",
        "surface": "asphalt"
      }
    },
    {
      "type": "Feature",
      "geometry": {
        "type": "LineString",
        "coordinates": [
          [
            37.5775268,
            55.7390649
          ],
          [
            37.5777015,
            55.7390442
          ]
        ]
      },
      "properties": {
        "osm_id": 159978495,
        "osm_type": "way",
        "narrow": "no",
        "footway": "crossing",
        "highway": "footway",
        "lit": "yes",
        "surface": "asphalt"
      }
    },
    {
      "type": "Feature",
      "geometry": {
        "type": "LineString",
        "coordinates": [
          [
            37.5803491,
            55.7386762
          ],
          [
            37.5803819,
            55.7386969
          ]
        ]
      },
      "properties": {
        "osm_id": 159978498,
        "osm_type": "way",
        "narrow": "no",
        "footway": "sidewalk",
        "highway": "footway",
        "lit": "yes",
        "surface": "asphalt"
      }
    },
    {
      "type": "Feature",
      "geometry": {
        "type": "LineString",
        "coordinates": [
          [
            37.5803819,
            55.7386969
          ],
          [
            37.5811255,
            55.738689
          ]
        ]
      },
      "properties": {
        "osm_id": 159978498,
        "osm_type": "way",
        "narrow": "no",
        "footway": "sidewalk",
        "highway": "footway",
        "lit": "yes",
        "surface": "asphalt"
      }
    },
    {
      "type": "Feature",
      "geometry": {
        "type": "LineString",
        "coordinates": [
          [
            37.5828428,
            55.7387553
          ],
          [
            37.5823976,
            55.739933699999995
          ]
        ]
      },
      "properties": {
        "osm_id": 159978501,
        "osm_type": "way",
        "narrow": "no",
        "footway": "sidewalk",
        "highway": "footway",
        "lit": "yes",
        "surface": "asphalt"
      }
    },
    {
      "type": "Feature",
      "geometry": {
        "type": "LineString",
        "coordinates": [
          [
            37.5823976,
            55.739933699999995
          ],
          [
            37.5819724,
            55.739998699999994
          ]
        ]
      },
      "properties": {
        "osm_id": 159978501,
        "osm_type": "way",
        "narrow": "no",
        "footway": "sidewalk",
        "highway": "footway",
        "lit": "yes",
        "surface": "asphalt"
      }
    },
    {
      "type": "Feature",
      "geometry": {
        "type": "LineString",
        "coordinates": [
          [
            37.5819724,
            55.739998699999994
          ],
          [
            37.58205506223674,
            55.74047219641949
          ]
        ]
      },
      "properties": {
        "osm_id": 159978501,
        "osm_type": "way",
        "narrow": "no",
        "footway": "sidewalk",
        "highway": "footway",
        "lit": "yes",
        "surface": "asphalt"
      }
    },
    {
      "type": "Feature",
      "geometry": {
        "type": "LineString",
        "coordinates": [
          [
            37.58205506223674,
            55.74047219641949
          ],
          [
            37.582075,
            55.7405864
          ]
        ]
      },
      "properties": {
        "osm_id": 159978501,
        "osm_type": "way",
        "narrow": "no",
        "footway": "sidewalk",
        "highway": "footway",
        "lit": "yes",
        "surface": "asphalt"
      }
    },
    {
      "type": "Feature",
      "geometry": {
        "type": "LineString",
        "coordinates": [
          [
            37.582075,
            55.7405864
          ],
          [
            37.5817164,
            55.7405746
          ]
        ]
      },
      "properties": {
        "osm_id": 159978501,
        "osm_type": "way",
        "narrow": "no",
        "footway": "sidewalk",
        "highway": "footway",
        "lit": "yes",
        "surface": "asphalt"
      }
    },
    {
      "type": "Feature",
      "geometry": {
        "type": "LineString",
        "coordinates": [
          [
            37.5817164,
            55.7405746
          ],
          [
            37.5811933,
            55.7405358
          ]
        ]
      },
      "properties": {
        "osm_id": 159978501,
        "osm_type": "way",
        "narrow": "no",
        "footway": "sidewalk",
        "highway": "footway",
        "lit": "yes",
        "surface": "asphalt"
      }
    },
    {
      "type": "Feature",
      "geometry": {
        "type": "LineString",
        "coordinates": [
          [
            37.5830552,
            55.7387595
          ],
          [
            37.58365165373544,
            55.73877302891647
          ]
        ]
      },
      "properties": {
        "osm_id": 159978502,
        "osm_type": "way",
        "narrow": "no",
        "footway": "sidewalk",
        "highway": "footway",
        "lit": "yes",
        "surface": "asphalt"
      }
    },
    {
      "type": "Feature",
      "geometry": {
        "type": "LineString",
        "coordinates": [
          [
            37.58365165373544,
            55.73877302891647
          ],
          [
            37.5838488,
            55.7387775
          ]
        ]
      },
      "properties": {
        "osm_id": 159978502,
        "osm_type": "way",
        "narrow": "no",
        "footway": "sidewalk",
        "highway": "footway",
        "lit": "yes",
        "surface": "asphalt"
      }
    },
    {
      "type": "Feature",
      "geometry": {
        "type": "LineString",
        "coordinates": [
          [
            37.5838488,
            55.7387775
          ],
          [
            37.583895,
            55.738789
          ]
        ]
      },
      "properties": {
        "osm_id": 159978502,
        "osm_type": "way",
        "narrow": "no",
        "footway": "sidewalk",
        "highway": "footway",
        "lit": "yes",
        "surface": "asphalt"
      }
    },
    {
      "type": "Feature",
      "geometry": {
        "type": "LineString",
        "coordinates": [
          [
            37.5782212,
            55.7389908
          ],
          [
            37.5788219,
            55.7389364
          ]
        ]
      },
      "properties": {
        "osm_id": 159978503,
        "osm_type": "way",
        "narrow": "no",
        "footway": "sidewalk",
        "highway": "footway",
        "lit": "yes",
        "surface": "asphalt"
      }
    },
    {
      "type": "Feature",
      "geometry": {
        "type": "LineString",
        "coordinates": [
          [
            37.5788219,
            55.7389364
          ],
          [
            37.578962906812286,
            55.73920588854558
          ]
        ]
      },
      "properties": {
        "osm_id": 159978503,
        "osm_type": "way",
        "narrow": "no",
        "footway": "sidewalk",
        "highway": "footway",
        "lit": "yes",
        "surface": "asphalt"
      }
    },
    {
      "type": "Feature",
      "geometry": {
        "type": "LineString",
        "coordinates": [
          [
            37.578962906812286,
            55.73920588854558
          ],
          [
            37.5790808,
            55.7394312
          ]
        ]
      },
      "properties": {
        "osm_id": 159978503,
        "osm_type": "way",
        "narrow": "no",
        "footway": "sidewalk",
        "highway": "footway",
        "lit": "yes",
        "surface": "asphalt"
      }
    },
    {
      "type": "Feature",
      "geometry": {
        "type": "LineString",
        "coordinates": [
          [
            37.5790808,
            55.7394312
          ],
          [
            37.579761,
            55.7408116
          ]
        ]
      },
      "properties": {
        "osm_id": 159978503,
        "osm_type": "way",
        "narrow": "no",
        "footway": "sidewalk",
        "highway": "footway",
        "lit": "yes",
        "surface": "asphalt"
      }
    },
    {
      "type": "Feature",
      "geometry": {
        "type": "LineString",
        "coordinates": [
          [
            37.579761,
            55.7408116
          ],
          [
            37.5797368,
            55.7408331
          ]
        ]
      },
      "properties": {
        "osm_id": 159978503,
        "osm_type": "way",
        "narrow": "no",
        "footway": "sidewalk",
        "highway": "footway",
        "lit": "yes",
        "surface": "asphalt"
      }
    },
    {
      "type": "Feature",
      "geometry": {
        "type": "LineString",
        "coordinates": [
          [
            37.5840608,
            55.7387845
          ],
          [
            37.58423859796214,
            55.73878890499871
          ]
        ]
      },
      "properties": {
        "osm_id": 159978505,
        "osm_type": "way",
        "narrow": "no",
        "footway": "sidewalk",
        "highway": "footway",
        "lit": "yes",
        "surface": "asphalt",
        "width": "8"
      }
    },
    {
      "type": "Feature",
      "geometry": {
        "type": "LineString",
        "coordinates": [
          [
            37.58423859796214,
            55.73878890499871
          ],
          [
            37.5848964,
            55.73880519999999
          ]
        ]
      },
      "properties": {
        "osm_id": 159978505,
        "osm_type": "way",
        "narrow": "no",
        "footway": "sidewalk",
        "highway": "footway",
        "lit": "yes",
        "surface": "asphalt",
        "width": "8"
      }
    },
    {
      "type": "Feature",
      "geometry": {
        "type": "LineString",
        "coordinates": [
          [
            37.5848964,
            55.73880519999999
          ],
          [
            37.5851404,
            55.739035
          ]
        ]
      },
      "properties": {
        "osm_id": 159978505,
        "osm_type": "way",
        "narrow": "no",
        "footway": "sidewalk",
        "highway": "footway",
        "lit": "yes",
        "surface": "asphalt",
        "width": "8"
      }
    },
    {
      "type": "Feature",
      "geometry": {
        "type": "LineString",
        "coordinates": [
          [
            37.5769541,
            55.739007
          ],
          [
            37.5769471,
            55.7389849
          ]
        ]
      },
      "properties": {
        "osm_id": 184742738,
        "osm_type": "way",
        "narrow": "yes",
        "highway": "footway",
        "lit": "yes",
        "surface": "asphalt",
        "stroke": "#ff8800"
      }
    },
    {
      "type": "Feature",
      "geometry": {
        "type": "LineString",
        "coordinates": [
          [
            37.5763323,
            55.7386977
          ],
          [
            37.5763006,
            55.7387007
          ]
        ]
      },
      "properties": {
        "osm_id": 184742739,
        "osm_type": "way",
        "narrow": "no",
        "highway": "footway",
        "lit": "yes",
        "smoothness": "excellent",
        "surface": "paving_stones"
      }
    },
    {
      "type": "Feature",
      "geometry": {
        "type": "LineString",
        "coordinates": [
          [
            37.5764273,
            55.7389722
          ],
          [
            37.5763998,
            55.7389747
          ]
        ]
      },
      "properties": {
        "osm_id": 184742740,
        "osm_type": "way",
        "narrow": "no",
        "highway": "footway",
        "lit": "yes",
        "smoothness": "excellent",
        "surface": "asphalt"
      }
    },
    {
      "type": "Feature",
      "geometry": {
        "type": "LineString",
        "coordinates": [
          [
            37.5840536,
            55.7377735
          ],
          [
            37.5843122,
            55.7375976
          ]
        ]
      },
      "properties": {
        "osm_id": 233038869,
        "osm_type": "way",
        "narrow": "no",
        "footway": "crossing",
        "highway": "footway",
        "lit": "yes",
        "smoothness": "good",
        "surface": "asphalt"
      }
    },
    {
      "type": "Feature",
      "geometry": {
        "type": "LineString",
        "coordinates": [
          [
            37.5821235,
            55.7368894
          ],
          [
            37.5823602,
            55.7367178
          ]
        ]
      },
      "properties": {
        "osm_id": 251078620,
        "osm_type": "way",
        "narrow": "no",
        "footway": "crossing",
        "highway": "footway",
        "lit": "yes",
        "surface": "asphalt"
      }
    },
    {
      "type": "Feature",
      "geometry": {
        "type": "LineString",
        "coordinates": [
          [
            37.5844995,
            55.7403161
          ],
          [
            37.5845619,
            55.7403245
          ]
        ]
      },
      "properties": {
        "osm_id": 277851256,
        "osm_type": "way",
        "narrow": "no",
        "highway": "footway",
        "lit": "yes",
        "surface": "paving_stones"
      }
    },
    {
      "type": "Feature",
      "geometry": {
        "type": "LineString",
        "coordinates": [
          [
            37.5845619,
            55.7403245
          ],
          [
            37.5847271,
            55.7403466
          ]
        ]
      },
      "properties": {
        "osm_id": 277851256,
        "osm_type": "way",
        "narrow": "no",
        "highway": "footway",
        "lit": "yes",
        "surface": "paving_stones"
      }
    },
    {
      "type": "Feature",
      "geometry": {
        "type": "LineString",
        "coordinates": [
          [
            37.584974,
            55.7392806
          ],
          [
            37.5849461,
            55.7393339
          ]
        ]
      },
      "properties": {
        "osm_id": 277851257,
        "osm_type": "way",
        "narrow": "no",
        "highway": "footway",
        "lit": "yes",
        "surface": "paving_stones"
      }
    },
    {
      "type": "Feature",
      "geometry": {
        "type": "LineString",
        "coordinates": [
          [
            37.5849461,
            55.7393339
          ],
          [
            37.584893635884534,
            55.73944928616256
          ]
        ]
      },
      "properties": {
        "osm_id": 277851257,
        "osm_type": "way",
        "narrow": "no",
        "highway": "footway",
        "lit": "yes",
        "surface": "paving_stones"
      }
    },
    {
      "type": "Feature",
      "geometry": {
        "type": "LineString",
        "coordinates": [
          [
            37.584893635884534,
            55.73944928616256
          ],
          [
            37.58461437599182,
            55.7400634601059
          ]
        ]
      },
      "properties": {
        "osm_id": 277851257,
        "osm_type": "way",
        "narrow": "no",
        "highway": "footway",
        "lit": "yes",
        "surface": "paving_stones"
      }
    },
    {
      "type": "Feature",
      "geometry": {
        "type": "LineString",
        "coordinates": [
          [
            37.58461437599182,
            55.7400634601059
          ],
          [
            37.58452987669887,
            55.740249294679245
          ]
        ]
      },
      "properties": {
        "osm_id": 277851257,
        "osm_type": "way",
        "narrow": "no",
        "highway": "footway",
        "lit": "yes",
        "surface": "paving_stones"
      }
    },
    {
      "type": "Feature",
      "geometry": {
        "type": "LineString",
        "coordinates": [
          [
            37.58452987669887,
            55.740249294679245
          ],
          [
            37.5844995,
            55.7403161
          ]
        ]
      },
      "properties": {
        "osm_id": 277851257,
        "osm_type": "way",
        "narrow": "no",
        "highway": "footway",
        "lit": "yes",
        "surface": "paving_stones"
      }
    },
    {
      "type": "Feature",
      "geometry": {
        "type": "LineString",
        "coordinates": [
          [
            37.5844995,
            55.7403161
          ],
          [
            37.58446919166263,
            55.74041746327815
          ]
        ]
      },
      "properties": {
        "osm_id": 277851257,
        "osm_type": "way",
        "narrow": "no",
        "highway": "footway",
        "lit": "yes",
        "surface": "paving_stones"
      }
    },
    {
      "type": "Feature",
      "geometry": {
        "type": "LineString",
        "coordinates": [
          [
            37.58446919166263,
            55.74041746327815
          ],
          [
            37.58442072587615,
            55.74057955123118
          ]
        ]
      },
      "properties": {
        "osm_id": 277851257,
        "osm_type": "way",
        "narrow": "no",
        "highway": "footway",
        "lit": "yes",
        "surface": "paving_stones"
      }
    },
    {
      "type": "Feature",
      "geometry": {
        "type": "LineString",
        "coordinates": [
          [
            37.58442072587615,
            55.74057955123118
          ],
          [
            37.58438115191715,
            55.74071190050139
          ]
        ]
      },
      "properties": {
        "osm_id": 277851257,
        "osm_type": "way",
        "narrow": "no",
        "highway": "footway",
        "lit": "yes",
        "surface": "paving_stones"
      }
    },
    {
      "type": "Feature",
      "geometry": {
        "type": "LineString",
        "coordinates": [
          [
            37.58438115191715,
            55.74071190050139
          ],
          [
            37.5843636,
            55.7407706
          ]
        ]
      },
      "properties": {
        "osm_id": 277851257,
        "osm_type": "way",
        "narrow": "no",
        "highway": "footway",
        "lit": "yes",
        "surface": "paving_stones"
      }
    },
    {
      "type": "Feature",
      "geometry": {
        "type": "LineString",
        "coordinates": [
          [
            37.5843636,
            55.7407706
          ],
          [
            37.5843262,
            55.7408325
          ]
        ]
      },
      "properties": {
        "osm_id": 277851257,
        "osm_type": "way",
        "narrow": "no",
        "highway": "footway",
        "lit": "yes",
        "surface": "paving_stones"
      }
    },
    {
      "type": "Feature",
      "geometry": {
        "type": "LineString",
        "coordinates": [
          [
            37.5843636,
            55.7407706
          ],
          [
            37.5843977,
            55.740694
          ]
        ]
      },
      "properties": {
        "osm_id": 277851265,
        "osm_type": "way",
        "narrow": "no",
        "highway": "footway",
        "lit": "yes",
        "surface": "paving_stones"
      }
    },
    {
      "type": "Feature",
      "geometry": {
        "type": "LineString",
        "coordinates": [
          [
            37.5843571,
            55.7408716
          ],
          [
            37.584346,
            55.7409076
          ]
        ]
      },
      "properties": {
        "osm_id": 277851266,
        "osm_type": "way",
        "narrow": "yes",
        "crossing": "uncontrolled",
        "crossing:markings": "yes",
        "footway": "crossing",
        "highway": "footway",
        "lit": "yes",
        "surface": "asphalt",
        "stroke": "#ff8800"
      }
    },
    {
      "type": "Feature",
      "geometry": {
        "type": "LineString",
        "coordinates": [
          [
            37.5738397,
            55.7332791
          ],
          [
            37.5746638,
            55.733830999999995
          ]
        ]
      },
      "properties": {
        "osm_id": 278005153,
        "osm_type": "way",
        "narrow": "no",
        "highway": "footway",
        "lit": "yes",
        "smoothness": "good",
        "surface": "paving_stones"
      }
    },
    {
      "type": "Feature",
      "geometry": {
        "type": "LineString",
        "coordinates": [
          [
            37.5746638,
            55.733830999999995
          ],
          [
            37.574714,
            55.7339561
          ]
        ]
      },
      "properties": {
        "osm_id": 278005153,
        "osm_type": "way",
        "narrow": "no",
        "highway": "footway",
        "lit": "yes",
        "smoothness": "good",
        "surface": "paving_stones"
      }
    },
    {
      "type": "Feature",
      "geometry": {
        "type": "LineString",
        "coordinates": [
          [
            37.574714,
            55.7339561
          ],
          [
            37.5746959,
            55.734262900000004
          ]
        ]
      },
      "properties": {
        "osm_id": 278005153,
        "osm_type": "way",
        "narrow": "no",
        "highway": "footway",
        "lit": "yes",
        "smoothness": "good",
        "surface": "paving_stones"
      }
    },
    {
      "type": "Feature",
      "geometry": {
        "type": "LineString",
        "coordinates": [
          [
            37.5746959,
            55.734262900000004
          ],
          [
            37.5749698,
            55.734503
          ]
        ]
      },
      "properties": {
        "osm_id": 278005153,
        "osm_type": "way",
        "narrow": "no",
        "highway": "footway",
        "lit": "yes",
        "smoothness": "good",
        "surface": "paving_stones"
      }
    },
    {
      "type": "Feature",
      "geometry": {
        "type": "LineString",
        "coordinates": [
          [
            37.5749698,
            55.734503
          ],
          [
            37.5759173,
            55.7347986
          ]
        ]
      },
      "properties": {
        "osm_id": 278005153,
        "osm_type": "way",
        "narrow": "no",
        "highway": "footway",
        "lit": "yes",
        "smoothness": "good",
        "surface": "paving_stones"
      }
    },
    {
      "type": "Feature",
      "geometry": {
        "type": "LineString",
        "coordinates": [
          [
            37.5759173,
            55.7347986
          ],
          [
            37.5760698,
            55.7348689
          ]
        ]
      },
      "properties": {
        "osm_id": 278005153,
        "osm_type": "way",
        "narrow": "no",
        "highway": "footway",
        "lit": "yes",
        "smoothness": "good",
        "surface": "paving_stones"
      }
    },
    {
      "type": "Feature",
      "geometry": {
        "type": "LineString",
        "coordinates": [
          [
            37.5776475,
            55.7352691
          ],
          [
            37.5763647,
            55.7352429
          ]
        ]
      },
      "properties": {
        "osm_id": 278005155,
        "osm_type": "way",
        "narrow": "no",
        "highway": "footway",
        "lit": "yes",
        "smoothness": "excellent",
        "surface": "paving_stones"
      }
    },
    {
      "type": "Feature",
      "geometry": {
        "type": "LineString",
        "coordinates": [
          [
            37.577964,
            55.7356151
          ],
          [
            37.5782066,
            55.735616
          ]
        ]
      },
      "properties": {
        "osm_id": 278005157,
        "osm_type": "way",
        "narrow": "no",
        "highway": "footway",
        "lit": "yes",
        "surface": "paving_stones"
      }
    },
    {
      "type": "Feature",
      "geometry": {
        "type": "LineString",
        "coordinates": [
          [
            37.5782066,
            55.735616
          ],
          [
            37.5783949,
            55.7356215
          ]
        ]
      },
      "properties": {
        "osm_id": 278005157,
        "osm_type": "way",
        "narrow": "no",
        "highway": "footway",
        "lit": "yes",
        "surface": "paving_stones"
      }
    },
    {
      "type": "Feature",
      "geometry": {
        "type": "LineString",
        "coordinates": [
          [
            37.5783949,
            55.7356215
          ],
          [
            37.5797213,
            55.7358845
          ]
        ]
      },
      "properties": {
        "osm_id": 278005157,
        "osm_type": "way",
        "narrow": "yes",
        "highway": "footway",
        "lit": "yes",
        "surface": "paving_stones",
        "stroke": "#ff8800"
      }
    },
    {
      "type": "Feature",
      "geometry": {
        "type": "LineString",
        "coordinates": [
          [
            37.5810986,
            55.736765
          ],
          [
            37.5810676,
            55.736915
          ]
        ]
      },
      "properties": {
        "osm_id": 278005159,
        "osm_type": "way",
        "narrow": "no",
        "highway": "footway",
        "lit": "yes",
        "surface": "paving_stones"
      }
    },
    {
      "type": "Feature",
      "geometry": {
        "type": "LineString",
        "coordinates": [
          [
            37.5875726,
            55.7343927
          ],
          [
            37.5873425,
            55.7345489
          ]
        ]
      },
      "properties": {
        "osm_id": 282427351,
        "osm_type": "way",
        "narrow": "no",
        "highway": "footway",
        "lit": "yes",
        "surface": "paving_stones",
        "tunnel": "building_passage"
      }
    },
    {
      "type": "Feature",
      "geometry": {
        "type": "LineString",
        "coordinates": [
          [
            37.5884162,
            55.7338502
          ],
          [
            37.58840884570851,
            55.73385492802914
          ]
        ]
      },
      "properties": {
        "osm_id": 282427352,
        "osm_type": "way",
        "narrow": "no",
        "highway": "footway",
        "lit": "yes",
        "surface": "paving_stones",
        "tunnel": "building_passage"
      }
    },
    {
      "type": "Feature",
      "geometry": {
        "type": "LineString",
        "coordinates": [
          [
            37.58840884570851,
            55.73385492802914
          ],
          [
            37.58836023308947,
            55.73388618074529
          ]
        ]
      },
      "properties": {
        "osm_id": 282427352,
        "osm_type": "way",
        "narrow": "no",
        "highway": "footway",
        "lit": "yes",
        "surface": "paving_stones",
        "tunnel": "building_passage"
      }
    },
    {
      "type": "Feature",
      "geometry": {
        "type": "LineString",
        "coordinates": [
          [
            37.58836023308947,
            55.73388618074529
          ],
          [
            37.5882045,
            55.7339863
          ]
        ]
      },
      "properties": {
        "osm_id": 282427352,
        "osm_type": "way",
        "narrow": "no",
        "highway": "footway",
        "lit": "yes",
        "surface": "paving_stones",
        "tunnel": "building_passage"
      }
    },
    {
      "type": "Feature",
      "geometry": {
        "type": "LineString",
        "coordinates": [
          [
            37.588124,
            55.7340358
          ],
          [
            37.5881026,
            55.7340496
          ]
        ]
      },
      "properties": {
        "osm_id": 282427353,
        "osm_type": "way",
        "narrow": "no",
        "highway": "footway",
        "lit": "yes",
        "surface": "paving_stones"
      }
    },
    {
      "type": "Feature",
      "geometry": {
        "type": "LineString",
        "coordinates": [
          [
            37.5881026,
            55.7340496
          ],
          [
            37.58799539335728,
            55.73411891919865
          ]
        ]
      },
      "properties": {
        "osm_id": 282427353,
        "osm_type": "way",
        "narrow": "no",
        "highway": "footway",
        "lit": "yes",
        "surface": "paving_stones"
      }
    },
    {
      "type": "Feature",
      "geometry": {
        "type": "LineString",
        "coordinates": [
          [
            37.58799539335728,
            55.73411891919865
          ],
          [
            37.5876394,
            55.7343491
          ]
        ]
      },
      "properties": {
        "osm_id": 282427353,
        "osm_type": "way",
        "narrow": "no",
        "highway": "footway",
        "lit": "yes",
        "surface": "paving_stones"
      }
    },
    {
      "type": "Feature",
      "geometry": {
        "type": "LineString",
        "coordinates": [
          [
            37.5876394,
            55.7343491
          ],
          [
            37.587604,
            55.734372
          ]
        ]
      },
      "properties": {
        "osm_id": 282427353,
        "osm_type": "way",
        "narrow": "no",
        "highway": "footway",
        "lit": "yes",
        "surface": "paving_stones"
      }
    },
    {
      "type": "Feature",
      "geometry": {
        "type": "LineString",
        "coordinates": [
          [
            37.587604,
            55.734372
          ],
          [
            37.5875726,
            55.7343927
          ]
        ]
      },
      "properties": {
        "osm_id": 282427353,
        "osm_type": "way",
        "narrow": "no",
        "highway": "footway",
        "lit": "yes",
        "surface": "paving_stones"
      }
    },
    {
      "type": "Feature",
      "geometry": {
        "type": "LineString",
        "coordinates": [
          [
            37.5882045,
            55.7339863
          ],
          [
            37.588124,
            55.7340358
          ]
        ]
      },
      "properties": {
        "osm_id": 282427354,
        "osm_type": "way",
        "narrow": "no",
        "highway": "footway",
        "lit": "yes",
        "surface": "paving_stones"
      }
    },
    {
      "type": "Feature",
      "geometry": {
        "type": "LineString",
        "coordinates": [
          [
            37.5873425,
            55.7345489
          ],
          [
            37.5873175,
            55.7345645
          ]
        ]
      },
      "properties": {
        "osm_id": 282427356,
        "osm_type": "way",
        "narrow": "no",
        "highway": "footway",
        "lit": "yes",
        "surface": "paving_stones"
      }
    },
    {
      "type": "Feature",
      "geometry": {
        "type": "LineString",
        "coordinates": [
          [
            37.5873175,
            55.7345645
          ],
          [
            37.5871496,
            55.7346725
          ]
        ]
      },
      "properties": {
        "osm_id": 282427356,
        "osm_type": "way",
        "narrow": "no",
        "highway": "footway",
        "lit": "yes",
        "surface": "paving_stones"
      }
    },
    {
      "type": "Feature",
      "geometry": {
        "type": "LineString",
        "coordinates": [
          [
            37.5871496,
            55.7346725
          ],
          [
            37.5866585,
            55.7349946
          ]
        ]
      },
      "properties": {
        "osm_id": 282427356,
        "osm_type": "way",
        "narrow": "no",
        "highway": "footway",
        "lit": "yes",
        "surface": "paving_stones"
      }
    },
    {
      "type": "Feature",
      "geometry": {
        "type": "LineString",
        "coordinates": [
          [
            37.5866585,
            55.7349946
          ],
          [
            37.5863132,
            55.735219
          ]
        ]
      },
      "properties": {
        "osm_id": 282427356,
        "osm_type": "way",
        "narrow": "no",
        "highway": "footway",
        "lit": "yes",
        "surface": "paving_stones"
      }
    },
    {
      "type": "Feature",
      "geometry": {
        "type": "LineString",
        "coordinates": [
          [
            37.5911516,
            55.7316316
          ],
          [
            37.5900658,
            55.7321269
          ]
        ]
      },
      "properties": {
        "osm_id": 282427357,
        "osm_type": "way",
        "narrow": "no",
        "footway": "sidewalk",
        "highway": "footway",
        "lit": "yes",
        "surface": "asphalt"
      }
    },
    {
      "type": "Feature",
      "geometry": {
        "type": "LineString",
        "coordinates": [
          [
            37.5900658,
            55.7321269
          ],
          [
            37.5895939,
            55.7323189
          ]
        ]
      },
      "properties": {
        "osm_id": 282427357,
        "osm_type": "way",
        "narrow": "no",
        "footway": "sidewalk",
        "highway": "footway",
        "lit": "yes",
        "surface": "asphalt"
      }
    },
    {
      "type": "Feature",
      "geometry": {
        "type": "LineString",
        "coordinates": [
          [
            37.5895939,
            55.7323189
          ],
          [
            37.5892057,
            55.7324792
          ]
        ]
      },
      "properties": {
        "osm_id": 282427357,
        "osm_type": "way",
        "narrow": "no",
        "footway": "sidewalk",
        "highway": "footway",
        "lit": "yes",
        "surface": "asphalt"
      }
    },
    {
      "type": "Feature",
      "geometry": {
        "type": "LineString",
        "coordinates": [
          [
            37.5892057,
            55.7324792
          ],
          [
            37.5889688,
            55.7326117
          ]
        ]
      },
      "properties": {
        "osm_id": 282427357,
        "osm_type": "way",
        "narrow": "no",
        "footway": "sidewalk",
        "highway": "footway",
        "lit": "yes",
        "surface": "asphalt"
      }
    },
    {
      "type": "Feature",
      "geometry": {
        "type": "LineString",
        "coordinates": [
          [
            37.5889688,
            55.7326117
          ],
          [
            37.5888957,
            55.7326573
          ]
        ]
      },
      "properties": {
        "osm_id": 282427357,
        "osm_type": "way",
        "narrow": "no",
        "footway": "sidewalk",
        "highway": "footway",
        "lit": "yes",
        "surface": "asphalt"
      }
    },
    {
      "type": "Feature",
      "geometry": {
        "type": "LineString",
        "coordinates": [
          [
            37.5919541,
            55.7321717
          ],
          [
            37.5914801,
            55.7317431
          ]
        ]
      },
      "properties": {
        "osm_id": 282985490,
        "osm_type": "way",
        "narrow": "yes",
        "footway": "sidewalk",
        "highway": "footway",
        "lit": "yes",
        "surface": "asphalt",
        "width": "3",
        "stroke": "#ff8800"
      }
    },
    {
      "type": "Feature",
      "geometry": {
        "type": "LineString",
        "coordinates": [
          [
            37.5914801,
            55.7317431
          ],
          [
            37.5911516,
            55.7316316
          ]
        ]
      },
      "properties": {
        "osm_id": 282985490,
        "osm_type": "way",
        "narrow": "no",
        "footway": "sidewalk",
        "highway": "footway",
        "lit": "yes",
        "surface": "asphalt",
        "width": "3"
      }
    },
    {
      "type": "Feature",
      "geometry": {
        "type": "LineString",
        "coordinates": [
          [
            37.5929407,
            55.7338646
          ],
          [
            37.5927488,
            55.7335357
          ]
        ]
      },
      "properties": {
        "osm_id": 282985492,
        "osm_type": "way",
        "narrow": "no",
        "footway": "sidewalk",
        "highway": "footway",
        "lit": "yes",
        "surface": "paving_stones"
      }
    },
    {
      "type": "Feature",
      "geometry": {
        "type": "LineString",
        "coordinates": [
          [
            37.5927488,
            55.7335357
          ],
          [
            37.5923261,
            55.7327619
          ]
        ]
      },
      "properties": {
        "osm_id": 282985492,
        "osm_type": "way",
        "narrow": "no",
        "footway": "sidewalk",
        "highway": "footway",
        "lit": "yes",
        "surface": "paving_stones"
      }
    },
    {
      "type": "Feature",
      "geometry": {
        "type": "LineString",
        "coordinates": [
          [
            37.5923261,
            55.7327619
          ],
          [
            37.592175,
            55.7324641
          ]
        ]
      },
      "properties": {
        "osm_id": 282985492,
        "osm_type": "way",
        "narrow": "no",
        "footway": "sidewalk",
        "highway": "footway",
        "lit": "yes",
        "surface": "paving_stones"
      }
    },
    {
      "type": "Feature",
      "geometry": {
        "type": "LineString",
        "coordinates": [
          [
            37.5920462,
            55.7323149
          ],
          [
            37.5919541,
            55.7321717
          ]
        ]
      },
      "properties": {
        "osm_id": 282985493,
        "osm_type": "way",
        "narrow": "no",
        "footway": "sidewalk",
        "highway": "footway",
        "lit": "yes",
        "surface": "asphalt"
      }
    },
    {
      "type": "Feature",
      "geometry": {
        "type": "LineString",
        "coordinates": [
          [
            37.5865333,
            55.7349378
          ],
          [
            37.5866585,
            55.7349946
          ]
        ]
      },
      "properties": {
        "osm_id": 283392064,
        "osm_type": "way",
        "narrow": "no",
        "highway": "footway",
        "surface": "paving_stones"
      }
    },
    {
      "type": "Feature",
      "geometry": {
        "type": "LineString",
        "coordinates": [
          [
            37.5866585,
            55.7349946
          ],
          [
            37.5869408,
            55.7351262
          ]
        ]
      },
      "properties": {
        "osm_id": 283392064,
        "osm_type": "way",
        "narrow": "no",
        "highway": "footway",
        "surface": "paving_stones"
      }
    },
    {
      "type": "Feature",
      "geometry": {
        "type": "LineString",
        "coordinates": [
          [
            37.5869408,
            55.7351262
          ],
          [
            37.5864803,
            55.7354347
          ]
        ]
      },
      "properties": {
        "osm_id": 283392064,
        "osm_type": "way",
        "narrow": "no",
        "highway": "footway",
        "surface": "paving_stones"
      }
    },
    {
      "type": "Feature",
      "geometry": {
        "type": "LineString",
        "coordinates": [
          [
            37.5868852,
            55.7344767
          ],
          [
            37.586985,
            55.7344111
          ]
        ]
      },
      "properties": {
        "osm_id": 283779860,
        "osm_type": "way",
        "narrow": "yes",
        "highway": "footway",
        "lit": "yes",
        "surface": "paving_stones",
        "stroke": "#ff8800"
      }
    },
    {
      "type": "Feature",
      "geometry": {
        "type": "LineString",
        "coordinates": [
          [
            37.587604,
            55.734372
          ],
          [
            37.587539295590716,
            55.7343411239609
          ]
        ]
      },
      "properties": {
        "osm_id": 283788124,
        "osm_type": "way",
        "narrow": "no",
        "highway": "footway",
        "lit": "yes",
        "surface": "paving_stones"
      }
    },
    {
      "type": "Feature",
      "geometry": {
        "type": "LineString",
        "coordinates": [
          [
            37.587539295590716,
            55.7343411239609
          ],
          [
            37.5871371,
            55.7341492
          ]
        ]
      },
      "properties": {
        "osm_id": 283788124,
        "osm_type": "way",
        "narrow": "no",
        "highway": "footway",
        "lit": "yes",
        "surface": "paving_stones"
      }
    },
    {
      "type": "Feature",
      "geometry": {
        "type": "LineString",
        "coordinates": [
          [
            37.5871371,
            55.7341492
          ],
          [
            37.5868393,
            55.7340371
          ]
        ]
      },
      "properties": {
        "osm_id": 283788125,
        "osm_type": "way",
        "narrow": "no",
        "highway": "footway",
        "indoor": "yes",
        "lit": "yes"
      }
    },
    {
      "type": "Feature",
      "geometry": {
        "type": "LineString",
        "coordinates": [
          [
            37.5868393,
            55.7340371
          ],
          [
            37.5868159,
            55.7340255
          ]
        ]
      },
      "properties": {
        "osm_id": 283788126,
        "osm_type": "way",
        "narrow": "no",
        "highway": "footway",
        "lit": "yes",
        "surface": "paving_stones"
      }
    },
    {
      "type": "Feature",
      "geometry": {
        "type": "LineString",
        "coordinates": [
          [
            37.5860016,
            55.738344
          ],
          [
            37.5854689,
            55.738102
          ]
        ]
      },
      "properties": {
        "osm_id": 284321406,
        "osm_type": "way",
        "narrow": "no",
        "footway": "sidewalk",
        "highway": "footway",
        "lit": "yes",
        "surface": "paving_stones"
      }
    },
    {
      "type": "Feature",
      "geometry": {
        "type": "LineString",
        "coordinates": [
          [
            37.5854689,
            55.738102
          ],
          [
            37.5843122,
            55.7375976
          ]
        ]
      },
      "properties": {
        "osm_id": 284321406,
        "osm_type": "way",
        "narrow": "no",
        "footway": "sidewalk",
        "highway": "footway",
        "lit": "yes",
        "surface": "paving_stones"
      }
    },
    {
      "type": "Feature",
      "geometry": {
        "type": "LineString",
        "coordinates": [
          [
            37.5843122,
            55.7375976
          ],
          [
            37.5842796,
            55.7375742
          ]
        ]
      },
      "properties": {
        "osm_id": 284321406,
        "osm_type": "way",
        "narrow": "no",
        "footway": "sidewalk",
        "highway": "footway",
        "lit": "yes",
        "surface": "paving_stones"
      }
    },
    {
      "type": "Feature",
      "geometry": {
        "type": "LineString",
        "coordinates": [
          [
            37.5842796,
            55.7375742
          ],
          [
            37.5841128,
            55.7375017
          ]
        ]
      },
      "properties": {
        "osm_id": 284321406,
        "osm_type": "way",
        "narrow": "no",
        "footway": "sidewalk",
        "highway": "footway",
        "lit": "yes",
        "surface": "paving_stones"
      }
    },
    {
      "type": "Feature",
      "geometry": {
        "type": "LineString",
        "coordinates": [
          [
            37.5841128,
            55.7375017
          ],
          [
            37.5828514,
            55.7369198
          ]
        ]
      },
      "properties": {
        "osm_id": 284321406,
        "osm_type": "way",
        "narrow": "no",
        "footway": "sidewalk",
        "highway": "footway",
        "lit": "yes",
        "surface": "paving_stones"
      }
    },
    {
      "type": "Feature",
      "geometry": {
        "type": "LineString",
        "coordinates": [
          [
            37.5787025,
            55.7342533
          ],
          [
            37.5793998,
            55.7345788
          ]
        ]
      },
      "properties": {
        "osm_id": 284321407,
        "osm_type": "way",
        "narrow": "no",
        "footway": "sidewalk",
        "highway": "footway",
        "lit": "yes",
        "surface": "asphalt"
      }
    },
    {
      "type": "Feature",
      "geometry": {
        "type": "LineString",
        "coordinates": [
          [
            37.5793998,
            55.7345788
          ],
          [
            37.5787567,
            55.7350737
          ]
        ]
      },
      "properties": {
        "osm_id": 284321407,
        "osm_type": "way",
        "narrow": "no",
        "footway": "sidewalk",
        "highway": "footway",
        "lit": "yes",
        "surface": "asphalt"
      }
    },
    {
      "type": "Feature",
      "geometry": {
        "type": "LineString",
        "coordinates": [
          [
            37.5795559,
            55.7346533
          ],
          [
            37.5788954,
            55.7351422
          ]
        ]
      },
      "properties": {
        "osm_id": 284321408,
        "osm_type": "way",
        "narrow": "no",
        "footway": "sidewalk",
        "highway": "footway",
        "lit": "yes",
        "surface": "asphalt"
      }
    },
    {
      "type": "Feature",
      "geometry": {
        "type": "LineString",
        "coordinates": [
          [
            37.5811255,
            55.738689
          ],
          [
            37.582155900000004,
            55.7386728
          ]
        ]
      },
      "properties": {
        "osm_id": 284321409,
        "osm_type": "way",
        "narrow": "no",
        "footway": "sidewalk",
        "highway": "footway",
        "lit": "yes",
        "surface": "paving_stones"
      }
    },
    {
      "type": "Feature",
      "geometry": {
        "type": "LineString",
        "coordinates": [
          [
            37.582155900000004,
            55.7386728
          ],
          [
            37.58230400000001,
            55.73859830000001
          ]
        ]
      },
      "properties": {
        "osm_id": 284321409,
        "osm_type": "way",
        "narrow": "no",
        "footway": "sidewalk",
        "highway": "footway",
        "lit": "yes",
        "surface": "paving_stones"
      }
    },
    {
      "type": "Feature",
      "geometry": {
        "type": "LineString",
        "coordinates": [
          [
            37.58230400000001,
            55.73859830000001
          ],
          [
            37.5838569,
            55.7386777
          ]
        ]
      },
      "properties": {
        "osm_id": 284321409,
        "osm_type": "way",
        "narrow": "no",
        "footway": "sidewalk",
        "highway": "footway",
        "lit": "yes",
        "surface": "paving_stones"
      }
    },
    {
      "type": "Feature",
      "geometry": {
        "type": "LineString",
        "coordinates": [
          [
            37.5838569,
            55.7386777
          ],
          [
            37.5840231,
            55.7386819
          ]
        ]
      },
      "properties": {
        "osm_id": 284321409,
        "osm_type": "way",
        "narrow": "no",
        "footway": "sidewalk",
        "highway": "footway",
        "lit": "yes",
        "surface": "paving_stones"
      }
    },
    {
      "type": "Feature",
      "geometry": {
        "type": "LineString",
        "coordinates": [
          [
            37.5840231,
            55.7386819
          ],
          [
            37.5841571,
            55.7386825
          ]
        ]
      },
      "properties": {
        "osm_id": 284321409,
        "osm_type": "way",
        "narrow": "no",
        "footway": "sidewalk",
        "highway": "footway",
        "lit": "yes",
        "surface": "paving_stones"
      }
    },
    {
      "type": "Feature",
      "geometry": {
        "type": "LineString",
        "coordinates": [
          [
            37.5778587,
            55.7346577
          ],
          [
            37.5784773,
            55.7341344
          ]
        ]
      },
      "properties": {
        "osm_id": 284321410,
        "osm_type": "way",
        "narrow": "no",
        "footway": "sidewalk",
        "highway": "footway",
        "lit": "yes",
        "surface": "asphalt"
      }
    },
    {
      "type": "Feature",
      "geometry": {
        "type": "LineString",
        "coordinates": [
          [
            37.5786802,
            55.7342419
          ],
          [
            37.5780717,
            55.7347577
          ]
        ]
      },
      "properties": {
        "osm_id": 284321412,
        "osm_type": "way",
        "narrow": "no",
        "footway": "sidewalk",
        "highway": "footway",
        "lit": "yes",
        "surface": "asphalt"
      }
    },
    {
      "type": "Feature",
      "geometry": {
        "type": "LineString",
        "coordinates": [
          [
            37.5778401,
            55.7346592
          ],
          [
            37.5776128,
            55.7348414
          ]
        ]
      },
      "properties": {
        "osm_id": 284321414,
        "osm_type": "way",
        "narrow": "no",
        "footway": "crossing",
        "highway": "footway",
        "lit": "yes",
        "smoothness": "good",
        "surface": "asphalt"
      }
    },
    {
      "type": "Feature",
      "geometry": {
        "type": "LineString",
        "coordinates": [
          [
            37.5793998,
            55.7345788
          ],
          [
            37.5795559,
            55.7346533
          ]
        ]
      },
      "properties": {
        "osm_id": 284321415,
        "osm_type": "way",
        "narrow": "no",
        "footway": "crossing",
        "highway": "footway",
        "lit": "yes",
        "surface": "asphalt"
      }
    },
    {
      "type": "Feature",
      "geometry": {
        "type": "LineString",
        "coordinates": [
          [
            37.5824925,
            55.7367452
          ],
          [
            37.5823602,
            55.7367178
          ]
        ]
      },
      "properties": {
        "osm_id": 292077112,
        "osm_type": "way",
        "narrow": "no",
        "footway": "sidewalk",
        "highway": "footway",
        "lit": "yes",
        "surface": "asphalt"
      }
    },
    {
      "type": "Feature",
      "geometry": {
        "type": "LineString",
        "coordinates": [
          [
            37.5823602,
            55.7367178
          ],
          [
            37.5801441,
            55.7357099
          ]
        ]
      },
      "properties": {
        "osm_id": 292077112,
        "osm_type": "way",
        "narrow": "no",
        "footway": "sidewalk",
        "highway": "footway",
        "lit": "yes",
        "surface": "asphalt"
      }
    },
    {
      "type": "Feature",
      "geometry": {
        "type": "LineString",
        "coordinates": [
          [
            37.5801441,
            55.7357099
          ],
          [
            37.58009612113288,
            55.73568808776933
          ]
        ]
      },
      "properties": {
        "osm_id": 292077112,
        "osm_type": "way",
        "narrow": "no",
        "footway": "sidewalk",
        "highway": "footway",
        "lit": "yes",
        "surface": "asphalt"
      }
    },
    {
      "type": "Feature",
      "geometry": {
        "type": "LineString",
        "coordinates": [
          [
            37.58009612113288,
            55.73568808776933
          ],
          [
            37.5788954,
            55.7351422
          ]
        ]
      },
      "properties": {
        "osm_id": 292077112,
        "osm_type": "way",
        "narrow": "no",
        "footway": "sidewalk",
        "highway": "footway",
        "lit": "yes",
        "surface": "asphalt"
      }
    },
    {
      "type": "Feature",
      "geometry": {
        "type": "LineString",
        "coordinates": [
          [
            37.5850464,
            55.7352828
          ],
          [
            37.5850159,
            55.7352688
          ]
        ]
      },
      "properties": {
        "osm_id": 292077113,
        "osm_type": "way",
        "narrow": "no",
        "highway": "footway",
        "lit": "yes",
        "surface": "paving_stones"
      }
    },
    {
      "type": "Feature",
      "geometry": {
        "type": "LineString",
        "coordinates": [
          [
            37.5839969,
            55.7359891
          ],
          [
            37.5839827,
            55.7359825
          ]
        ]
      },
      "properties": {
        "osm_id": 292077117,
        "osm_type": "way",
        "narrow": "no",
        "highway": "footway",
        "lit": "yes",
        "surface": "asphalt"
      }
    },
    {
      "type": "Feature",
      "geometry": {
        "type": "LineString",
        "coordinates": [
          [
            37.5837677,
            55.7361471
          ],
          [
            37.5837538,
            55.7361407
          ]
        ]
      },
      "properties": {
        "osm_id": 292077118,
        "osm_type": "way",
        "narrow": "no",
        "highway": "footway",
        "lit": "yes",
        "surface": "asphalt"
      }
    },
    {
      "type": "Feature",
      "geometry": {
        "type": "LineString",
        "coordinates": [
          [
            37.5848368,
            55.7372304
          ],
          [
            37.5849357,
            55.7371627
          ]
        ]
      },
      "properties": {
        "osm_id": 292077120,
        "osm_type": "way",
        "narrow": "no",
        "footway": "crossing",
        "highway": "footway",
        "lit": "yes",
        "surface": "asphalt"
      }
    },
    {
      "type": "Feature",
      "geometry": {
        "type": "LineString",
        "coordinates": [
          [
            37.5867133,
            55.7360503
          ],
          [
            37.58658,
            55.7359841
          ]
        ]
      },
      "properties": {
        "osm_id": 292077122,
        "osm_type": "way",
        "narrow": "no",
        "footway": "crossing",
        "highway": "footway",
        "lit": "yes",
        "surface": "asphalt"
      }
    },
    {
      "type": "Feature",
      "geometry": {
        "type": "LineString",
        "coordinates": [
          [
            37.5835987,
            55.7362883
          ],
          [
            37.5834945,
            55.7363562
          ]
        ]
      },
      "properties": {
        "osm_id": 292077123,
        "osm_type": "way",
        "narrow": "no",
        "footway": "crossing",
        "highway": "footway",
        "lit": "yes",
        "surface": "asphalt"
      }
    },
    {
      "type": "Feature",
      "geometry": {
        "type": "LineString",
        "coordinates": [
          [
            37.5849847,
            55.7369657
          ],
          [
            37.5848655,
            55.7370372
          ]
        ]
      },
      "properties": {
        "osm_id": 292077124,
        "osm_type": "way",
        "narrow": "no",
        "footway": "sidewalk",
        "highway": "footway",
        "lit": "yes",
        "surface": "asphalt"
      }
    },
    {
      "type": "Feature",
      "geometry": {
        "type": "LineString",
        "coordinates": [
          [
            37.5828278,
            55.7368354
          ],
          [
            37.5824925,
            55.7367452
          ]
        ]
      },
      "properties": {
        "osm_id": 292077126,
        "osm_type": "way",
        "narrow": "no",
        "footway": "crossing",
        "highway": "footway",
        "lit": "yes",
        "smoothness": "good",
        "surface": "asphalt"
      }
    },
    {
      "type": "Feature",
      "geometry": {
        "type": "LineString",
        "coordinates": [
          [
            37.5834903,
            55.736155
          ],
          [
            37.5836363,
            55.7362221
          ]
        ]
      },
      "properties": {
        "osm_id": 292077127,
        "osm_type": "way",
        "narrow": "no",
        "footway": "crossing",
        "highway": "footway",
        "lit": "yes",
        "surface": "asphalt"
      }
    },
    {
      "type": "Feature",
      "geometry": {
        "type": "LineString",
        "coordinates": [
          [
            37.5834945,
            55.7363562
          ],
          [
            37.5840745,
            55.7366448
          ]
        ]
      },
      "properties": {
        "osm_id": 292077129,
        "osm_type": "way",
        "narrow": "yes",
        "covered": "yes",
        "footway": "sidewalk",
        "highway": "footway",
        "lit": "no",
        "surface": "asphalt",
        "stroke": "#ff8800"
      }
    },
    {
      "type": "Feature",
      "geometry": {
        "type": "LineString",
        "coordinates": [
          [
            37.5824925,
            55.7367452
          ],
          [
            37.5832082,
            55.7363025
          ]
        ]
      },
      "properties": {
        "osm_id": 292077130,
        "osm_type": "way",
        "narrow": "no",
        "footway": "sidewalk",
        "highway": "footway",
        "lit": "yes",
        "surface": "asphalt"
      }
    },
    {
      "type": "Feature",
      "geometry": {
        "type": "LineString",
        "coordinates": [
          [
            37.5834903,
            55.736155
          ],
          [
            37.5834221,
            55.7361573
          ]
        ]
      },
      "properties": {
        "osm_id": 292077133,
        "osm_type": "way",
        "narrow": "no",
        "footway": "crossing",
        "highway": "footway",
        "lit": "yes",
        "surface": "asphalt"
      }
    },
    {
      "type": "Feature",
      "geometry": {
        "type": "LineString",
        "coordinates": [
          [
            37.5834221,
            55.7361573
          ],
          [
            37.5832082,
            55.7363025
          ]
        ]
      },
      "properties": {
        "osm_id": 292077133,
        "osm_type": "way",
        "narrow": "yes",
        "footway": "crossing",
        "highway": "footway",
        "lit": "yes",
        "surface": "asphalt",
        "stroke": "#ff8800"
      }
    },
    {
      "type": "Feature",
      "geometry": {
        "type": "LineString",
        "coordinates": [
          [
            37.5864237,
            55.7380943
          ],
          [
            37.5863081,
            55.7380209
          ]
        ]
      },
      "properties": {
        "osm_id": 292077139,
        "osm_type": "way",
        "narrow": "no",
        "footway": "sidewalk",
        "highway": "footway",
        "lit": "yes",
        "surface": "asphalt"
      }
    },
    {
      "type": "Feature",
      "geometry": {
        "type": "LineString",
        "coordinates": [
          [
            37.5863081,
            55.7380209
          ],
          [
            37.5849357,
            55.7371627
          ]
        ]
      },
      "properties": {
        "osm_id": 292077139,
        "osm_type": "way",
        "narrow": "no",
        "footway": "sidewalk",
        "highway": "footway",
        "lit": "yes",
        "surface": "asphalt"
      }
    },
    {
      "type": "Feature",
      "geometry": {
        "type": "LineString",
        "coordinates": [
          [
            37.5849357,
            55.7371627
          ],
          [
            37.5863231,
            55.7362935
          ]
        ]
      },
      "properties": {
        "osm_id": 292077139,
        "osm_type": "way",
        "narrow": "no",
        "footway": "sidewalk",
        "highway": "footway",
        "lit": "yes",
        "surface": "asphalt"
      }
    },
    {
      "type": "Feature",
      "geometry": {
        "type": "LineString",
        "coordinates": [
          [
            37.5863231,
            55.7362935
          ],
          [
            37.5867133,
            55.7360503
          ]
        ]
      },
      "properties": {
        "osm_id": 292077139,
        "osm_type": "way",
        "narrow": "no",
        "footway": "sidewalk",
        "highway": "footway",
        "lit": "yes",
        "surface": "asphalt"
      }
    },
    {
      "type": "Feature",
      "geometry": {
        "type": "LineString",
        "coordinates": [
          [
            37.5867133,
            55.7360503
          ],
          [
            37.5876041,
            55.7354918
          ]
        ]
      },
      "properties": {
        "osm_id": 292077139,
        "osm_type": "way",
        "narrow": "no",
        "footway": "sidewalk",
        "highway": "footway",
        "lit": "yes",
        "surface": "asphalt"
      }
    },
    {
      "type": "Feature",
      "geometry": {
        "type": "LineString",
        "coordinates": [
          [
            37.5876041,
            55.7354918
          ],
          [
            37.5876517,
            55.7354619
          ]
        ]
      },
      "properties": {
        "osm_id": 292077139,
        "osm_type": "way",
        "narrow": "no",
        "footway": "sidewalk",
        "highway": "footway",
        "lit": "yes",
        "surface": "asphalt"
      }
    },
    {
      "type": "Feature",
      "geometry": {
        "type": "LineString",
        "coordinates": [
          [
            37.5795559,
            55.7346533
          ],
          [
            37.580535329727645,
            55.73508611105138
          ]
        ]
      },
      "properties": {
        "osm_id": 292077141,
        "osm_type": "way",
        "narrow": "no",
        "footway": "sidewalk",
        "highway": "footway",
        "lit": "yes",
        "surface": "asphalt"
      }
    },
    {
      "type": "Feature",
      "geometry": {
        "type": "LineString",
        "coordinates": [
          [
            37.580535329727645,
            55.73508611105138
          ],
          [
            37.5813982,
            55.7354674
          ]
        ]
      },
      "properties": {
        "osm_id": 292077141,
        "osm_type": "way",
        "narrow": "no",
        "footway": "sidewalk",
        "highway": "footway",
        "lit": "yes",
        "surface": "asphalt"
      }
    },
    {
      "type": "Feature",
      "geometry": {
        "type": "LineString",
        "coordinates": [
          [
            37.5813982,
            55.7354674
          ],
          [
            37.581467174556934,
            55.73549922470301
          ]
        ]
      },
      "properties": {
        "osm_id": 292077141,
        "osm_type": "way",
        "narrow": "no",
        "footway": "sidewalk",
        "highway": "footway",
        "lit": "yes",
        "surface": "asphalt"
      }
    },
    {
      "type": "Feature",
      "geometry": {
        "type": "LineString",
        "coordinates": [
          [
            37.581467174556934,
            55.73549922470301
          ],
          [
            37.5832082,
            55.7363025
          ]
        ]
      },
      "properties": {
        "osm_id": 292077141,
        "osm_type": "way",
        "narrow": "no",
        "footway": "sidewalk",
        "highway": "footway",
        "lit": "yes",
        "surface": "asphalt"
      }
    },
    {
      "type": "Feature",
      "geometry": {
        "type": "LineString",
        "coordinates": [
          [
            37.5828514,
            55.7369198
          ],
          [
            37.5828278,
            55.7368354
          ]
        ]
      },
      "properties": {
        "osm_id": 292077143,
        "osm_type": "way",
        "narrow": "no",
        "footway": "sidewalk",
        "highway": "footway",
        "lit": "yes",
        "surface": "asphalt"
      }
    },
    {
      "type": "Feature",
      "geometry": {
        "type": "LineString",
        "coordinates": [
          [
            37.5828278,
            55.7368354
          ],
          [
            37.5834945,
            55.7363562
          ]
        ]
      },
      "properties": {
        "osm_id": 292077143,
        "osm_type": "way",
        "narrow": "no",
        "footway": "sidewalk",
        "highway": "footway",
        "lit": "yes",
        "surface": "asphalt"
      }
    },
    {
      "type": "Feature",
      "geometry": {
        "type": "LineString",
        "coordinates": [
          [
            37.5775978,
            55.7360137
          ],
          [
            37.577964,
            55.7356151
          ]
        ]
      },
      "properties": {
        "osm_id": 293019818,
        "osm_type": "way",
        "narrow": "no",
        "highway": "footway",
        "lit": "yes",
        "surface": "asphalt"
      }
    },
    {
      "type": "Feature",
      "geometry": {
        "type": "LineString",
        "coordinates": [
          [
            37.577964,
            55.7356151
          ],
          [
            37.5780629,
            55.7353486
          ]
        ]
      },
      "properties": {
        "osm_id": 293019818,
        "osm_type": "way",
        "narrow": "no",
        "highway": "footway",
        "lit": "yes",
        "surface": "asphalt"
      }
    },
    {
      "type": "Feature",
      "geometry": {
        "type": "LineString",
        "coordinates": [
          [
            37.5776507,
            55.7369453
          ],
          [
            37.5771086,
            55.7368603
          ]
        ]
      },
      "properties": {
        "osm_id": 293019819,
        "osm_type": "way",
        "narrow": "no",
        "highway": "footway",
        "lit": "yes",
        "surface": "paving_stones"
      }
    },
    {
      "type": "Feature",
      "geometry": {
        "type": "LineString",
        "coordinates": [
          [
            37.5819359,
            55.7273481
          ],
          [
            37.5813526,
            55.7278557
          ]
        ]
      },
      "properties": {
        "osm_id": 293849915,
        "osm_type": "way",
        "narrow": "no",
        "highway": "footway",
        "lit": "yes",
        "surface": "paving_stones"
      }
    },
    {
      "type": "Feature",
      "geometry": {
        "type": "LineString",
        "coordinates": [
          [
            37.5813526,
            55.7278557
          ],
          [
            37.5819608,
            55.727987
          ]
        ]
      },
      "properties": {
        "osm_id": 293849915,
        "osm_type": "way",
        "narrow": "no",
        "highway": "footway",
        "lit": "yes",
        "surface": "paving_stones"
      }
    },
    {
      "type": "Feature",
      "geometry": {
        "type": "LineString",
        "coordinates": [
          [
            37.5819608,
            55.727987
          ],
          [
            37.5820689,
            55.7280498
          ]
        ]
      },
      "properties": {
        "osm_id": 293849915,
        "osm_type": "way",
        "narrow": "no",
        "highway": "footway",
        "lit": "yes",
        "surface": "paving_stones"
      }
    },
    {
      "type": "Feature",
      "geometry": {
        "type": "LineString",
        "coordinates": [
          [
            37.5820689,
            55.7280498
          ],
          [
            37.5832161,
            55.7284521
          ]
        ]
      },
      "properties": {
        "osm_id": 293849915,
        "osm_type": "way",
        "narrow": "no",
        "highway": "footway",
        "lit": "yes",
        "surface": "paving_stones"
      }
    },
    {
      "type": "Feature",
      "geometry": {
        "type": "LineString",
        "coordinates": [
          [
            37.5832161,
            55.7284521
          ],
          [
            37.5833238,
            55.7284896
          ]
        ]
      },
      "properties": {
        "osm_id": 293849915,
        "osm_type": "way",
        "narrow": "no",
        "highway": "footway",
        "lit": "yes",
        "surface": "paving_stones"
      }
    },
    {
      "type": "Feature",
      "geometry": {
        "type": "LineString",
        "coordinates": [
          [
            37.5833238,
            55.7284896
          ],
          [
            37.5834464,
            55.7284796
          ]
        ]
      },
      "properties": {
        "osm_id": 293849915,
        "osm_type": "way",
        "narrow": "no",
        "highway": "footway",
        "lit": "yes",
        "surface": "paving_stones"
      }
    },
    {
      "type": "Feature",
      "geometry": {
        "type": "LineString",
        "coordinates": [
          [
            37.5786491,
            55.7309428
          ],
          [
            37.5786134,
            55.7309357
          ]
        ]
      },
      "properties": {
        "osm_id": 308471274,
        "osm_type": "way",
        "narrow": "no",
        "crossing": "uncontrolled",
        "footway": "sidewalk",
        "highway": "footway",
        "lit": "yes",
        "surface": "asphalt"
      }
    },
    {
      "type": "Feature",
      "geometry": {
        "type": "LineString",
        "coordinates": [
          [
            37.5786694,
            55.7310071
          ],
          [
            37.5792733,
            55.7311716
          ]
        ]
      },
      "properties": {
        "osm_id": 308471280,
        "osm_type": "way",
        "narrow": "no",
        "footway": "sidewalk",
        "highway": "footway",
        "lit": "yes",
        "smoothness": "excellent",
        "surface": "asphalt"
      }
    },
    {
      "type": "Feature",
      "geometry": {
        "type": "LineString",
        "coordinates": [
          [
            37.5792733,
            55.7311716
          ],
          [
            37.5794834,
            55.7312313
          ]
        ]
      },
      "properties": {
        "osm_id": 308471280,
        "osm_type": "way",
        "narrow": "no",
        "footway": "sidewalk",
        "highway": "footway",
        "lit": "yes",
        "smoothness": "excellent",
        "surface": "asphalt"
      }
    },
    {
      "type": "Feature",
      "geometry": {
        "type": "LineString",
        "coordinates": [
          [
            37.5794834,
            55.7312313
          ],
          [
            37.579806,
            55.7313273
          ]
        ]
      },
      "properties": {
        "osm_id": 308471280,
        "osm_type": "way",
        "narrow": "no",
        "footway": "sidewalk",
        "highway": "footway",
        "lit": "yes",
        "smoothness": "excellent",
        "surface": "asphalt"
      }
    },
    {
      "type": "Feature",
      "geometry": {
        "type": "LineString",
        "coordinates": [
          [
            37.579806,
            55.7313273
          ],
          [
            37.5800502,
            55.7313941
          ]
        ]
      },
      "properties": {
        "osm_id": 308471280,
        "osm_type": "way",
        "narrow": "no",
        "footway": "sidewalk",
        "highway": "footway",
        "lit": "yes",
        "smoothness": "excellent",
        "surface": "asphalt"
      }
    },
    {
      "type": "Feature",
      "geometry": {
        "type": "LineString",
        "coordinates": [
          [
            37.5800502,
            55.7313941
          ],
          [
            37.580556398853425,
            55.73153950361756
          ]
        ]
      },
      "properties": {
        "osm_id": 308471280,
        "osm_type": "way",
        "narrow": "no",
        "footway": "sidewalk",
        "highway": "footway",
        "lit": "yes",
        "smoothness": "excellent",
        "surface": "asphalt"
      }
    },
    {
      "type": "Feature",
      "geometry": {
        "type": "LineString",
        "coordinates": [
          [
            37.580556398853425,
            55.73153950361756
          ],
          [
            37.5818219,
            55.731903
          ]
        ]
      },
      "properties": {
        "osm_id": 308471280,
        "osm_type": "way",
        "narrow": "no",
        "footway": "sidewalk",
        "highway": "footway",
        "lit": "yes",
        "smoothness": "excellent",
        "surface": "asphalt"
      }
    },
    {
      "type": "Feature",
      "geometry": {
        "type": "LineString",
        "coordinates": [
          [
            37.5818219,
            55.731903
          ],
          [
            37.5820304,
            55.7319625
          ]
        ]
      },
      "properties": {
        "osm_id": 308471280,
        "osm_type": "way",
        "narrow": "no",
        "footway": "sidewalk",
        "highway": "footway",
        "lit": "yes",
        "smoothness": "excellent",
        "surface": "asphalt"
      }
    },
    {
      "type": "Feature",
      "geometry": {
        "type": "LineString",
        "coordinates": [
          [
            37.5820304,
            55.7319625
          ],
          [
            37.58242,
            55.7320735
          ]
        ]
      },
      "properties": {
        "osm_id": 308471280,
        "osm_type": "way",
        "narrow": "no",
        "footway": "sidewalk",
        "highway": "footway",
        "lit": "yes",
        "smoothness": "excellent",
        "surface": "asphalt"
      }
    },
    {
      "type": "Feature",
      "geometry": {
        "type": "LineString",
        "coordinates": [
          [
            37.58242,
            55.7320735
          ],
          [
            37.5826019,
            55.7321254
          ]
        ]
      },
      "properties": {
        "osm_id": 308471280,
        "osm_type": "way",
        "narrow": "no",
        "footway": "sidewalk",
        "highway": "footway",
        "lit": "yes",
        "smoothness": "excellent",
        "surface": "asphalt"
      }
    },
    {
      "type": "Feature",
      "geometry": {
        "type": "LineString",
        "coordinates": [
          [
            37.5826019,
            55.7321254
          ],
          [
            37.5828347,
            55.7321909
          ]
        ]
      },
      "properties": {
        "osm_id": 308471280,
        "osm_type": "way",
        "narrow": "no",
        "footway": "sidewalk",
        "highway": "footway",
        "lit": "yes",
        "smoothness": "excellent",
        "surface": "asphalt"
      }
    },
    {
      "type": "Feature",
      "geometry": {
        "type": "LineString",
        "coordinates": [
          [
            37.5828347,
            55.7321909
          ],
          [
            37.5832222,
            55.7322998
          ]
        ]
      },
      "properties": {
        "osm_id": 308471280,
        "osm_type": "way",
        "narrow": "no",
        "footway": "sidewalk",
        "highway": "footway",
        "lit": "yes",
        "smoothness": "excellent",
        "surface": "asphalt"
      }
    },
    {
      "type": "Feature",
      "geometry": {
        "type": "LineString",
        "coordinates": [
          [
            37.5832222,
            55.7322998
          ],
          [
            37.5834785,
            55.7323719
          ]
        ]
      },
      "properties": {
        "osm_id": 308471280,
        "osm_type": "way",
        "narrow": "no",
        "footway": "sidewalk",
        "highway": "footway",
        "lit": "yes",
        "smoothness": "excellent",
        "surface": "asphalt"
      }
    },
    {
      "type": "Feature",
      "geometry": {
        "type": "LineString",
        "coordinates": [
          [
            37.5834785,
            55.7323719
          ],
          [
            37.5836218,
            55.7324123
          ]
        ]
      },
      "properties": {
        "osm_id": 308471280,
        "osm_type": "way",
        "narrow": "no",
        "footway": "sidewalk",
        "highway": "footway",
        "lit": "yes",
        "smoothness": "excellent",
        "surface": "asphalt"
      }
    },
    {
      "type": "Feature",
      "geometry": {
        "type": "LineString",
        "coordinates": [
          [
            37.5814884,
            55.7270504
          ],
          [
            37.5811989,
            55.7272926
          ]
        ]
      },
      "properties": {
        "osm_id": 311206915,
        "osm_type": "way",
        "narrow": "no",
        "highway": "footway",
        "lit": "yes",
        "surface": "asphalt"
      }
    },
    {
      "type": "Feature",
      "geometry": {
        "type": "LineString",
        "coordinates": [
          [
            37.5811989,
            55.7272926
          ],
          [
            37.58094969458218,
            55.72750071768333
          ]
        ]
      },
      "properties": {
        "osm_id": 311206915,
        "osm_type": "way",
        "narrow": "no",
        "highway": "footway",
        "lit": "yes",
        "surface": "asphalt"
      }
    },
    {
      "type": "Feature",
      "geometry": {
        "type": "LineString",
        "coordinates": [
          [
            37.58094969458218,
            55.72750071768333
          ],
          [
            37.5807513,
            55.7276664
          ]
        ]
      },
      "properties": {
        "osm_id": 311206915,
        "osm_type": "way",
        "narrow": "no",
        "highway": "footway",
        "lit": "yes",
        "surface": "asphalt"
      }
    },
    {
      "type": "Feature",
      "geometry": {
        "type": "LineString",
        "coordinates": [
          [
            37.5799496,
            55.7369146
          ],
          [
            37.5788947,
            55.7371506
          ]
        ]
      },
      "properties": {
        "osm_id": 311936162,
        "osm_type": "way",
        "narrow": "no",
        "highway": "footway",
        "lit": "yes",
        "source": "Bing",
        "surface": "asphalt"
      }
    },
    {
      "type": "Feature",
      "geometry": {
        "type": "LineString",
        "coordinates": [
          [
            37.5788947,
            55.7371506
          ],
          [
            37.5782955,
            55.737188
          ]
        ]
      },
      "properties": {
        "osm_id": 311936162,
        "osm_type": "way",
        "narrow": "no",
        "highway": "footway",
        "lit": "yes",
        "source": "Bing",
        "surface": "asphalt"
      }
    },
    {
      "type": "Feature",
      "geometry": {
        "type": "LineString",
        "coordinates": [
          [
            37.5796092,
            55.7288262
          ],
          [
            37.5795895,
            55.7288006
          ]
        ]
      },
      "properties": {
        "osm_id": 316579908,
        "osm_type": "way",
        "narrow": "yes",
        "footway": "sidewalk",
        "highway": "footway",
        "lit": "yes",
        "smoothness": "excellent",
        "surface": "asphalt",
        "stroke": "#ff8800"
      }
    },
    {
      "type": "Feature",
      "geometry": {
        "type": "LineString",
        "coordinates": [
          [
            37.5818836,
            55.7280533
          ],
          [
            37.5819608,
            55.727987
          ]
        ]
      },
      "properties": {
        "osm_id": 316581244,
        "osm_type": "way",
        "narrow": "no",
        "highway": "footway",
        "lit": "yes",
        "surface": "paving_stones"
      }
    },
    {
      "type": "Feature",
      "geometry": {
        "type": "LineString",
        "coordinates": [
          [
            37.5819608,
            55.727987
          ],
          [
            37.5820721,
            55.7278727
          ]
        ]
      },
      "properties": {
        "osm_id": 316581244,
        "osm_type": "way",
        "narrow": "no",
        "highway": "footway",
        "lit": "yes",
        "surface": "paving_stones"
      }
    },
    {
      "type": "Feature",
      "geometry": {
        "type": "LineString",
        "coordinates": [
          [
            37.5820721,
            55.7278727
          ],
          [
            37.5821732,
            55.7277765
          ]
        ]
      },
      "properties": {
        "osm_id": 316581244,
        "osm_type": "way",
        "narrow": "no",
        "highway": "footway",
        "lit": "yes",
        "surface": "paving_stones"
      }
    },
    {
      "type": "Feature",
      "geometry": {
        "type": "LineString",
        "coordinates": [
          [
            37.5821732,
            55.7277765
          ],
          [
            37.5823129,
            55.7276435
          ]
        ]
      },
      "properties": {
        "osm_id": 316581244,
        "osm_type": "way",
        "narrow": "no",
        "highway": "footway",
        "lit": "yes",
        "surface": "paving_stones"
      }
    },
    {
      "type": "Feature",
      "geometry": {
        "type": "LineString",
        "coordinates": [
          [
            37.582577,
            55.7278391
          ],
          [
            37.582607,
            55.728035899999995
          ]
        ]
      },
      "properties": {
        "osm_id": 316581245,
        "osm_type": "way",
        "narrow": "no",
        "highway": "footway",
        "lit": "yes",
        "surface": "fine_gravel"
      }
    },
    {
      "type": "Feature",
      "geometry": {
        "type": "LineString",
        "coordinates": [
          [
            37.582607,
            55.728035899999995
          ],
          [
            37.5827861,
            55.7281871
          ]
        ]
      },
      "properties": {
        "osm_id": 316581245,
        "osm_type": "way",
        "narrow": "no",
        "highway": "footway",
        "lit": "yes",
        "surface": "fine_gravel"
      }
    },
    {
      "type": "Feature",
      "geometry": {
        "type": "LineString",
        "coordinates": [
          [
            37.5827861,
            55.7281871
          ],
          [
            37.5831295,
            55.7282784
          ]
        ]
      },
      "properties": {
        "osm_id": 316581245,
        "osm_type": "way",
        "narrow": "no",
        "highway": "footway",
        "lit": "yes",
        "surface": "fine_gravel"
      }
    },
    {
      "type": "Feature",
      "geometry": {
        "type": "LineString",
        "coordinates": [
          [
            37.5831295,
            55.7282784
          ],
          [
            37.5832161,
            55.7284521
          ]
        ]
      },
      "properties": {
        "osm_id": 316581245,
        "osm_type": "way",
        "narrow": "no",
        "highway": "footway",
        "lit": "yes",
        "surface": "fine_gravel"
      }
    },
    {
      "type": "Feature",
      "geometry": {
        "type": "LineString",
        "coordinates": [
          [
            37.5820689,
            55.7280498
          ],
          [
            37.5823204,
            55.7280359
          ]
        ]
      },
      "properties": {
        "osm_id": 316581246,
        "osm_type": "way",
        "narrow": "no",
        "highway": "footway",
        "lit": "yes",
        "surface": "fine_gravel"
      }
    },
    {
      "type": "Feature",
      "geometry": {
        "type": "LineString",
        "coordinates": [
          [
            37.5823204,
            55.7280359
          ],
          [
            37.5827861,
            55.7281871
          ]
        ]
      },
      "properties": {
        "osm_id": 316581246,
        "osm_type": "way",
        "narrow": "no",
        "highway": "footway",
        "lit": "yes",
        "surface": "fine_gravel"
      }
    },
    {
      "type": "Feature",
      "geometry": {
        "type": "LineString",
        "coordinates": [
          [
            37.5858311,
            55.7326499
          ],
          [
            37.585857,
            55.7326623
          ]
        ]
      },
      "properties": {
        "osm_id": 317862222,
        "osm_type": "way",
        "narrow": "no",
        "highway": "footway",
        "lit": "yes",
        "surface": "paving_stones"
      }
    },
    {
      "type": "Feature",
      "geometry": {
        "type": "LineString",
        "coordinates": [
          [
            37.585857,
            55.7326623
          ],
          [
            37.5858083,
            55.7327201
          ]
        ]
      },
      "properties": {
        "osm_id": 317862222,
        "osm_type": "way",
        "narrow": "no",
        "highway": "footway",
        "lit": "yes",
        "surface": "paving_stones"
      }
    },
    {
      "type": "Feature",
      "geometry": {
        "type": "LineString",
        "coordinates": [
          [
            37.5858083,
            55.7327201
          ],
          [
            37.5857437,
            55.7326675
          ]
        ]
      },
      "properties": {
        "osm_id": 317862222,
        "osm_type": "way",
        "narrow": "no",
        "highway": "footway",
        "lit": "yes",
        "surface": "paving_stones"
      }
    },
    {
      "type": "Feature",
      "geometry": {
        "type": "LineString",
        "coordinates": [
          [
            37.5857437,
            55.7326675
          ],
          [
            37.5858311,
            55.7326499
          ]
        ]
      },
      "properties": {
        "osm_id": 317862222,
        "osm_type": "way",
        "narrow": "no",
        "highway": "footway",
        "lit": "yes",
        "surface": "paving_stones"
      }
    },
    {
      "type": "Feature",
      "geometry": {
        "type": "LineString",
        "coordinates": [
          [
            37.5851458,
            55.732761
          ],
          [
            37.585105,
            55.732803
          ]
        ]
      },
      "properties": {
        "osm_id": 317862223,
        "osm_type": "way",
        "narrow": "no",
        "highway": "footway",
        "lit": "no",
        "surface": "asphalt",
        "tunnel": "building_passage"
      }
    },
    {
      "type": "Feature",
      "geometry": {
        "type": "LineString",
        "coordinates": [
          [
            37.5836218,
            55.7324123
          ],
          [
            37.5838149,
            55.732489
          ]
        ]
      },
      "properties": {
        "osm_id": 317862224,
        "osm_type": "way",
        "narrow": "no",
        "footway": "crossing",
        "highway": "footway",
        "lit": "yes",
        "smoothness": "good",
        "surface": "asphalt"
      }
    },
    {
      "type": "Feature",
      "geometry": {
        "type": "LineString",
        "coordinates": [
          [
            37.5842147,
            55.7320517
          ],
          [
            37.5842698,
            55.7320573
          ]
        ]
      },
      "properties": {
        "osm_id": 317862225,
        "osm_type": "way",
        "narrow": "no",
        "footway": "sidewalk",
        "highway": "footway",
        "lit": "no",
        "surface": "asphalt"
      }
    },
    {
      "type": "Feature",
      "geometry": {
        "type": "LineString",
        "coordinates": [
          [
            37.5842698,
            55.7320573
          ],
          [
            37.5842791,
            55.7320281
          ]
        ]
      },
      "properties": {
        "osm_id": 317862225,
        "osm_type": "way",
        "narrow": "no",
        "footway": "sidewalk",
        "highway": "footway",
        "lit": "no",
        "surface": "asphalt"
      }
    },
    {
      "type": "Feature",
      "geometry": {
        "type": "LineString",
        "coordinates": [
          [
            37.5842791,
            55.7320281
          ],
          [
            37.5843128,
            55.7319226
          ]
        ]
      },
      "properties": {
        "osm_id": 317862225,
        "osm_type": "way",
        "narrow": "no",
        "footway": "sidewalk",
        "highway": "footway",
        "lit": "no",
        "surface": "asphalt"
      }
    },
    {
      "type": "Feature",
      "geometry": {
        "type": "LineString",
        "coordinates": [
          [
            37.5861018,
            55.7329396
          ],
          [
            37.5860962,
            55.7326036
          ]
        ]
      },
      "properties": {
        "osm_id": 317862226,
        "osm_type": "way",
        "narrow": "no",
        "highway": "footway",
        "lit": "no",
        "surface": "paving_stones"
      }
    },
    {
      "type": "Feature",
      "geometry": {
        "type": "LineString",
        "coordinates": [
          [
            37.585105,
            55.732803
          ],
          [
            37.5850399,
            55.7328701
          ]
        ]
      },
      "properties": {
        "osm_id": 317862227,
        "osm_type": "way",
        "narrow": "yes",
        "highway": "footway",
        "lit": "no",
        "surface": "asphalt",
        "stroke": "#ff8800"
      }
    },
    {
      "type": "Feature",
      "geometry": {
        "type": "LineString",
        "coordinates": [
          [
            37.5867417,
            55.7332005
          ],
          [
            37.5867525,
            55.7331022
          ]
        ]
      },
      "properties": {
        "osm_id": 317862230,
        "osm_type": "way",
        "narrow": "no",
        "highway": "footway",
        "lit": "yes",
        "surface": "paving_stones"
      }
    },
    {
      "type": "Feature",
      "geometry": {
        "type": "LineString",
        "coordinates": [
          [
            37.5839781,
            55.7323925
          ],
          [
            37.5840629,
            55.7324152
          ]
        ]
      },
      "properties": {
        "osm_id": 317862231,
        "osm_type": "way",
        "narrow": "no",
        "highway": "footway",
        "lit": "no",
        "surface": "asphalt",
        "tunnel": "building_passage"
      }
    },
    {
      "type": "Feature",
      "geometry": {
        "type": "LineString",
        "coordinates": [
          [
            37.5838434,
            55.7323566
          ],
          [
            37.5839781,
            55.7323925
          ]
        ]
      },
      "properties": {
        "osm_id": 317862232,
        "osm_type": "way",
        "narrow": "yes",
        "highway": "footway",
        "lit": "no",
        "surface": "asphalt",
        "stroke": "#ff8800"
      }
    },
    {
      "type": "Feature",
      "geometry": {
        "type": "LineString",
        "coordinates": [
          [
            37.5865087,
            55.7326159
          ],
          [
            37.5860962,
            55.7326036
          ]
        ]
      },
      "properties": {
        "osm_id": 317862234,
        "osm_type": "way",
        "narrow": "no",
        "highway": "footway",
        "lit": "no",
        "surface": "paving_stones"
      }
    },
    {
      "type": "Feature",
      "geometry": {
        "type": "LineString",
        "coordinates": [
          [
            37.5838149,
            55.732489
          ],
          [
            37.5838434,
            55.7323566
          ]
        ]
      },
      "properties": {
        "osm_id": 317862235,
        "osm_type": "way",
        "narrow": "no",
        "check_date:surface": "2024-05-19",
        "footway": "sidewalk",
        "highway": "footway",
        "surface": "asphalt"
      }
    },
    {
      "type": "Feature",
      "geometry": {
        "type": "LineString",
        "coordinates": [
          [
            37.5838434,
            55.7323566
          ],
          [
            37.5840168,
            55.7318795
          ]
        ]
      },
      "properties": {
        "osm_id": 317862235,
        "osm_type": "way",
        "narrow": "no",
        "check_date:surface": "2024-05-19",
        "footway": "sidewalk",
        "highway": "footway",
        "surface": "asphalt"
      }
    },
    {
      "type": "Feature",
      "geometry": {
        "type": "LineString",
        "coordinates": [
          [
            37.5840168,
            55.7318795
          ],
          [
            37.5843128,
            55.7319226
          ]
        ]
      },
      "properties": {
        "osm_id": 317862235,
        "osm_type": "way",
        "narrow": "no",
        "check_date:surface": "2024-05-19",
        "footway": "sidewalk",
        "highway": "footway",
        "surface": "asphalt"
      }
    },
    {
      "type": "Feature",
      "geometry": {
        "type": "LineString",
        "coordinates": [
          [
            37.5843128,
            55.7319226
          ],
          [
            37.5846784,
            55.7320181
          ]
        ]
      },
      "properties": {
        "osm_id": 317862235,
        "osm_type": "way",
        "narrow": "no",
        "check_date:surface": "2024-05-19",
        "footway": "sidewalk",
        "highway": "footway",
        "surface": "asphalt"
      }
    },
    {
      "type": "Feature",
      "geometry": {
        "type": "LineString",
        "coordinates": [
          [
            37.5846784,
            55.7320181
          ],
          [
            37.5860561,
            55.7324043
          ]
        ]
      },
      "properties": {
        "osm_id": 317862235,
        "osm_type": "way",
        "narrow": "no",
        "check_date:surface": "2024-05-19",
        "footway": "sidewalk",
        "highway": "footway",
        "surface": "asphalt"
      }
    },
    {
      "type": "Feature",
      "geometry": {
        "type": "LineString",
        "coordinates": [
          [
            37.5860561,
            55.7324043
          ],
          [
            37.5865087,
            55.7326159
          ]
        ]
      },
      "properties": {
        "osm_id": 317862235,
        "osm_type": "way",
        "narrow": "no",
        "check_date:surface": "2024-05-19",
        "footway": "sidewalk",
        "highway": "footway",
        "surface": "asphalt"
      }
    },
    {
      "type": "Feature",
      "geometry": {
        "type": "LineString",
        "coordinates": [
          [
            37.5865087,
            55.7326159
          ],
          [
            37.586995735493204,
            55.73286900935574
          ]
        ]
      },
      "properties": {
        "osm_id": 317862235,
        "osm_type": "way",
        "narrow": "no",
        "check_date:surface": "2024-05-19",
        "footway": "sidewalk",
        "highway": "footway",
        "surface": "asphalt"
      }
    },
    {
      "type": "Feature",
      "geometry": {
        "type": "LineString",
        "coordinates": [
          [
            37.586995735493204,
            55.73286900935574
          ],
          [
            37.5873975,
            55.7330778
          ]
        ]
      },
      "properties": {
        "osm_id": 317862235,
        "osm_type": "way",
        "narrow": "no",
        "check_date:surface": "2024-05-19",
        "footway": "sidewalk",
        "highway": "footway",
        "surface": "asphalt"
      }
    },
    {
      "type": "Feature",
      "geometry": {
        "type": "LineString",
        "coordinates": [
          [
            37.5873975,
            55.7330778
          ],
          [
            37.5877048,
            55.7332394
          ]
        ]
      },
      "properties": {
        "osm_id": 317862235,
        "osm_type": "way",
        "narrow": "no",
        "check_date:surface": "2024-05-19",
        "footway": "sidewalk",
        "highway": "footway",
        "surface": "asphalt"
      }
    },
    {
      "type": "Feature",
      "geometry": {
        "type": "LineString",
        "coordinates": [
          [
            37.5856959,
            55.732836
          ],
          [
            37.5858083,
            55.7327201
          ]
        ]
      },
      "properties": {
        "osm_id": 317862236,
        "osm_type": "way",
        "narrow": "no",
        "highway": "footway",
        "lit": "no",
        "surface": "paving_stones"
      }
    },
    {
      "type": "Feature",
      "geometry": {
        "type": "LineString",
        "coordinates": [
          [
            37.5834785,
            55.7323719
          ],
          [
            37.5836205,
            55.7322203
          ]
        ]
      },
      "properties": {
        "osm_id": 317862237,
        "osm_type": "way",
        "narrow": "no",
        "highway": "footway",
        "lit": "no",
        "smoothness": "excellent",
        "surface": "asphalt"
      }
    },
    {
      "type": "Feature",
      "geometry": {
        "type": "LineString",
        "coordinates": [
          [
            37.5836205,
            55.7322203
          ],
          [
            37.5836373,
            55.7322023
          ]
        ]
      },
      "properties": {
        "osm_id": 317862237,
        "osm_type": "way",
        "narrow": "no",
        "highway": "footway",
        "lit": "no",
        "smoothness": "excellent",
        "surface": "asphalt"
      }
    },
    {
      "type": "Feature",
      "geometry": {
        "type": "LineString",
        "coordinates": [
          [
            37.5870751,
            55.7329315
          ],
          [
            37.5871803,
            55.7331171
          ]
        ]
      },
      "properties": {
        "osm_id": 317862238,
        "osm_type": "way",
        "narrow": "no",
        "highway": "footway",
        "lit": "yes",
        "surface": "paving_stones"
      }
    },
    {
      "type": "Feature",
      "geometry": {
        "type": "LineString",
        "coordinates": [
          [
            37.5871803,
            55.7331171
          ],
          [
            37.58728189685078,
            55.733214469001936
          ]
        ]
      },
      "properties": {
        "osm_id": 317862238,
        "osm_type": "way",
        "narrow": "no",
        "highway": "footway",
        "lit": "yes",
        "surface": "paving_stones"
      }
    },
    {
      "type": "Feature",
      "geometry": {
        "type": "LineString",
        "coordinates": [
          [
            37.58728189685078,
            55.733214469001936
          ],
          [
            37.5873437,
            55.7332737
          ]
        ]
      },
      "properties": {
        "osm_id": 317862238,
        "osm_type": "way",
        "narrow": "no",
        "highway": "footway",
        "lit": "yes",
        "surface": "paving_stones"
      }
    },
    {
      "type": "Feature",
      "geometry": {
        "type": "LineString",
        "coordinates": [
          [
            37.5840629,
            55.7324152
          ],
          [
            37.5841857,
            55.7324479
          ]
        ]
      },
      "properties": {
        "osm_id": 317862240,
        "osm_type": "way",
        "narrow": "yes",
        "highway": "footway",
        "lit": "yes",
        "surface": "asphalt",
        "stroke": "#ff8800"
      }
    },
    {
      "type": "Feature",
      "geometry": {
        "type": "LineString",
        "coordinates": [
          [
            37.5841857,
            55.7324479
          ],
          [
            37.5842778,
            55.7324262
          ]
        ]
      },
      "properties": {
        "osm_id": 317862240,
        "osm_type": "way",
        "narrow": "no",
        "highway": "footway",
        "lit": "yes",
        "surface": "asphalt"
      }
    },
    {
      "type": "Feature",
      "geometry": {
        "type": "LineString",
        "coordinates": [
          [
            37.5842778,
            55.7324262
          ],
          [
            37.5843328,
            55.7324133
          ]
        ]
      },
      "properties": {
        "osm_id": 317862240,
        "osm_type": "way",
        "narrow": "no",
        "highway": "footway",
        "lit": "yes",
        "surface": "asphalt"
      }
    },
    {
      "type": "Feature",
      "geometry": {
        "type": "LineString",
        "coordinates": [
          [
            37.5827571,
            55.7319545
          ],
          [
            37.5836205,
            55.7322203
          ]
        ]
      },
      "properties": {
        "osm_id": 317862241,
        "osm_type": "way",
        "narrow": "no",
        "highway": "footway",
        "lit": "yes",
        "surface": "asphalt"
      }
    },
    {
      "type": "Feature",
      "geometry": {
        "type": "LineString",
        "coordinates": [
          [
            37.5836205,
            55.7322203
          ],
          [
            37.5836846,
            55.7322393
          ]
        ]
      },
      "properties": {
        "osm_id": 317862241,
        "osm_type": "way",
        "narrow": "no",
        "highway": "footway",
        "lit": "yes",
        "surface": "asphalt"
      }
    },
    {
      "type": "Feature",
      "geometry": {
        "type": "LineString",
        "coordinates": [
          [
            37.585857,
            55.7326623
          ],
          [
            37.5860308,
            55.7325596
          ]
        ]
      },
      "properties": {
        "osm_id": 317862242,
        "osm_type": "way",
        "narrow": "no",
        "highway": "footway",
        "lit": "yes",
        "surface": "paving_stones"
      }
    },
    {
      "type": "Feature",
      "geometry": {
        "type": "LineString",
        "coordinates": [
          [
            37.5854935,
            55.7327738
          ],
          [
            37.585733,
            55.7325021
          ]
        ]
      },
      "properties": {
        "osm_id": 317862243,
        "osm_type": "way",
        "narrow": "no",
        "highway": "footway",
        "lit": "no",
        "surface": "paving_stones"
      }
    },
    {
      "type": "Feature",
      "geometry": {
        "type": "LineString",
        "coordinates": [
          [
            37.5841174,
            55.7317636
          ],
          [
            37.5840895,
            55.731754
          ]
        ]
      },
      "properties": {
        "osm_id": 317862246,
        "osm_type": "way",
        "narrow": "no",
        "footway": "sidewalk",
        "highway": "footway",
        "lit": "no",
        "surface": "asphalt"
      }
    },
    {
      "type": "Feature",
      "geometry": {
        "type": "LineString",
        "coordinates": [
          [
            37.5840895,
            55.731754
          ],
          [
            37.5843395,
            55.7309313
          ]
        ]
      },
      "properties": {
        "osm_id": 317862246,
        "osm_type": "way",
        "narrow": "no",
        "footway": "sidewalk",
        "highway": "footway",
        "lit": "no",
        "surface": "asphalt"
      }
    },
    {
      "type": "Feature",
      "geometry": {
        "type": "LineString",
        "coordinates": [
          [
            37.5843395,
            55.7309313
          ],
          [
            37.5844825,
            55.7306345
          ]
        ]
      },
      "properties": {
        "osm_id": 317862246,
        "osm_type": "way",
        "narrow": "no",
        "footway": "sidewalk",
        "highway": "footway",
        "lit": "no",
        "surface": "asphalt"
      }
    },
    {
      "type": "Feature",
      "geometry": {
        "type": "LineString",
        "coordinates": [
          [
            37.5844825,
            55.7306345
          ],
          [
            37.5850756,
            55.7308359
          ]
        ]
      },
      "properties": {
        "osm_id": 317862246,
        "osm_type": "way",
        "narrow": "no",
        "footway": "sidewalk",
        "highway": "footway",
        "lit": "no",
        "surface": "asphalt"
      }
    },
    {
      "type": "Feature",
      "geometry": {
        "type": "LineString",
        "coordinates": [
          [
            37.5850756,
            55.7308359
          ],
          [
            37.5873692,
            55.7317033
          ]
        ]
      },
      "properties": {
        "osm_id": 317862246,
        "osm_type": "way",
        "narrow": "no",
        "footway": "sidewalk",
        "highway": "footway",
        "lit": "no",
        "surface": "asphalt"
      }
    },
    {
      "type": "Feature",
      "geometry": {
        "type": "LineString",
        "coordinates": [
          [
            37.5873692,
            55.7317033
          ],
          [
            37.5881038,
            55.7320557
          ]
        ]
      },
      "properties": {
        "osm_id": 317862246,
        "osm_type": "way",
        "narrow": "no",
        "footway": "sidewalk",
        "highway": "footway",
        "lit": "no",
        "surface": "asphalt"
      }
    },
    {
      "type": "Feature",
      "geometry": {
        "type": "LineString",
        "coordinates": [
          [
            37.5881038,
            55.7320557
          ],
          [
            37.5886762,
            55.7323303
          ]
        ]
      },
      "properties": {
        "osm_id": 317862246,
        "osm_type": "way",
        "narrow": "no",
        "footway": "sidewalk",
        "highway": "footway",
        "lit": "no",
        "surface": "asphalt"
      }
    },
    {
      "type": "Feature",
      "geometry": {
        "type": "LineString",
        "coordinates": [
          [
            37.5886762,
            55.7323303
          ],
          [
            37.5889303,
            55.7324716
          ]
        ]
      },
      "properties": {
        "osm_id": 317862246,
        "osm_type": "way",
        "narrow": "no",
        "footway": "sidewalk",
        "highway": "footway",
        "lit": "no",
        "surface": "asphalt"
      }
    },
    {
      "type": "Feature",
      "geometry": {
        "type": "LineString",
        "coordinates": [
          [
            37.5889303,
            55.7324716
          ],
          [
            37.5888275,
            55.7325451
          ]
        ]
      },
      "properties": {
        "osm_id": 317862246,
        "osm_type": "way",
        "narrow": "no",
        "footway": "sidewalk",
        "highway": "footway",
        "lit": "no",
        "surface": "asphalt"
      }
    },
    {
      "type": "Feature",
      "geometry": {
        "type": "LineString",
        "coordinates": [
          [
            37.5840895,
            55.731754
          ],
          [
            37.5840168,
            55.7318795
          ]
        ]
      },
      "properties": {
        "osm_id": 317862249,
        "osm_type": "way",
        "narrow": "no",
        "footway": "crossing",
        "highway": "footway",
        "lit": "yes",
        "surface": "asphalt"
      }
    },
    {
      "type": "Feature",
      "geometry": {
        "type": "LineString",
        "coordinates": [
          [
            37.5840168,
            55.7318795
          ],
          [
            37.5838151,
            55.7318458
          ]
        ]
      },
      "properties": {
        "osm_id": 317862249,
        "osm_type": "way",
        "narrow": "no",
        "footway": "crossing",
        "highway": "footway",
        "lit": "yes",
        "surface": "asphalt"
      }
    },
    {
      "type": "Feature",
      "geometry": {
        "type": "LineString",
        "coordinates": [
          [
            37.5864695,
            55.7329731
          ],
          [
            37.5864565,
            55.733092
          ]
        ]
      },
      "properties": {
        "osm_id": 317862250,
        "osm_type": "way",
        "narrow": "no",
        "highway": "footway",
        "lit": "yes",
        "surface": "paving_stones"
      }
    },
    {
      "type": "Feature",
      "geometry": {
        "type": "LineString",
        "coordinates": [
          [
            37.5864565,
            55.733092
          ],
          [
            37.5867525,
            55.7331022
          ]
        ]
      },
      "properties": {
        "osm_id": 317862250,
        "osm_type": "way",
        "narrow": "no",
        "highway": "footway",
        "lit": "yes",
        "surface": "paving_stones"
      }
    },
    {
      "type": "Feature",
      "geometry": {
        "type": "LineString",
        "coordinates": [
          [
            37.5867525,
            55.7331022
          ],
          [
            37.5871803,
            55.7331171
          ]
        ]
      },
      "properties": {
        "osm_id": 317862250,
        "osm_type": "way",
        "narrow": "no",
        "highway": "footway",
        "lit": "yes",
        "surface": "paving_stones"
      }
    },
    {
      "type": "Feature",
      "geometry": {
        "type": "LineString",
        "coordinates": [
          [
            37.5871803,
            55.7331171
          ],
          [
            37.5873975,
            55.7330778
          ]
        ]
      },
      "properties": {
        "osm_id": 317862250,
        "osm_type": "way",
        "narrow": "no",
        "highway": "footway",
        "lit": "yes",
        "surface": "paving_stones"
      }
    },
    {
      "type": "Feature",
      "geometry": {
        "type": "LineString",
        "coordinates": [
          [
            37.5860085,
            55.7331705
          ],
          [
            37.5860292,
            55.7329385
          ]
        ]
      },
      "properties": {
        "osm_id": 317862252,
        "osm_type": "way",
        "narrow": "no",
        "highway": "footway",
        "lit": "yes",
        "surface": "asphalt"
      }
    },
    {
      "type": "Feature",
      "geometry": {
        "type": "LineString",
        "coordinates": [
          [
            37.5860292,
            55.7329385
          ],
          [
            37.5858608,
            55.7328867
          ]
        ]
      },
      "properties": {
        "osm_id": 317862252,
        "osm_type": "way",
        "narrow": "no",
        "highway": "footway",
        "lit": "yes",
        "surface": "asphalt"
      }
    },
    {
      "type": "Feature",
      "geometry": {
        "type": "LineString",
        "coordinates": [
          [
            37.5858608,
            55.7328867
          ],
          [
            37.5856959,
            55.732836
          ]
        ]
      },
      "properties": {
        "osm_id": 317862252,
        "osm_type": "way",
        "narrow": "no",
        "highway": "footway",
        "lit": "yes",
        "surface": "asphalt"
      }
    },
    {
      "type": "Feature",
      "geometry": {
        "type": "LineString",
        "coordinates": [
          [
            37.5856959,
            55.732836
          ],
          [
            37.5856284,
            55.7328153
          ]
        ]
      },
      "properties": {
        "osm_id": 317862252,
        "osm_type": "way",
        "narrow": "no",
        "highway": "footway",
        "lit": "yes",
        "surface": "asphalt"
      }
    },
    {
      "type": "Feature",
      "geometry": {
        "type": "LineString",
        "coordinates": [
          [
            37.5856284,
            55.7328153
          ],
          [
            37.5854935,
            55.7327738
          ]
        ]
      },
      "properties": {
        "osm_id": 317862252,
        "osm_type": "way",
        "narrow": "no",
        "highway": "footway",
        "lit": "yes",
        "surface": "asphalt"
      }
    },
    {
      "type": "Feature",
      "geometry": {
        "type": "LineString",
        "coordinates": [
          [
            37.5854935,
            55.7327738
          ],
          [
            37.5854274,
            55.7327535
          ]
        ]
      },
      "properties": {
        "osm_id": 317862252,
        "osm_type": "way",
        "narrow": "no",
        "highway": "footway",
        "lit": "yes",
        "surface": "asphalt"
      }
    },
    {
      "type": "Feature",
      "geometry": {
        "type": "LineString",
        "coordinates": [
          [
            37.5854274,
            55.7327535
          ],
          [
            37.5852161,
            55.732688499999995
          ]
        ]
      },
      "properties": {
        "osm_id": 317862252,
        "osm_type": "way",
        "narrow": "no",
        "highway": "footway",
        "lit": "yes",
        "surface": "asphalt"
      }
    },
    {
      "type": "Feature",
      "geometry": {
        "type": "LineString",
        "coordinates": [
          [
            37.5852161,
            55.732688499999995
          ],
          [
            37.5851458,
            55.732761
          ]
        ]
      },
      "properties": {
        "osm_id": 317862252,
        "osm_type": "way",
        "narrow": "no",
        "highway": "footway",
        "lit": "yes",
        "surface": "asphalt"
      }
    },
    {
      "type": "Feature",
      "geometry": {
        "type": "LineString",
        "coordinates": [
          [
            37.5836218,
            55.7324123
          ],
          [
            37.5836846,
            55.7322393
          ]
        ]
      },
      "properties": {
        "osm_id": 317862253,
        "osm_type": "way",
        "narrow": "no",
        "footway": "sidewalk",
        "highway": "footway",
        "lit": "yes",
        "surface": "asphalt"
      }
    },
    {
      "type": "Feature",
      "geometry": {
        "type": "LineString",
        "coordinates": [
          [
            37.5836846,
            55.7322393
          ],
          [
            37.58375329069304,
            55.732032176223186
          ]
        ]
      },
      "properties": {
        "osm_id": 317862253,
        "osm_type": "way",
        "narrow": "no",
        "footway": "sidewalk",
        "highway": "footway",
        "lit": "yes",
        "surface": "asphalt"
      }
    },
    {
      "type": "Feature",
      "geometry": {
        "type": "LineString",
        "coordinates": [
          [
            37.58375329069304,
            55.732032176223186
          ],
          [
            37.5838151,
            55.7318458
          ]
        ]
      },
      "properties": {
        "osm_id": 317862253,
        "osm_type": "way",
        "narrow": "no",
        "footway": "sidewalk",
        "highway": "footway",
        "lit": "yes",
        "surface": "asphalt"
      }
    },
    {
      "type": "Feature",
      "geometry": {
        "type": "LineString",
        "coordinates": [
          [
            37.5838151,
            55.7318458
          ],
          [
            37.58399716771061,
            55.73125075361396
          ]
        ]
      },
      "properties": {
        "osm_id": 317862253,
        "osm_type": "way",
        "narrow": "no",
        "footway": "sidewalk",
        "highway": "footway",
        "lit": "yes",
        "surface": "asphalt"
      }
    },
    {
      "type": "Feature",
      "geometry": {
        "type": "LineString",
        "coordinates": [
          [
            37.58399716771061,
            55.73125075361396
          ],
          [
            37.58401728840742,
            55.731184992587345
          ]
        ]
      },
      "properties": {
        "osm_id": 317862253,
        "osm_type": "way",
        "narrow": "no",
        "footway": "sidewalk",
        "highway": "footway",
        "lit": "yes",
        "surface": "asphalt"
      }
    },
    {
      "type": "Feature",
      "geometry": {
        "type": "LineString",
        "coordinates": [
          [
            37.58401728840742,
            55.731184992587345
          ],
          [
            37.584028522167785,
            55.73114827687882
          ]
        ]
      },
      "properties": {
        "osm_id": 317862253,
        "osm_type": "way",
        "narrow": "no",
        "footway": "sidewalk",
        "highway": "footway",
        "lit": "yes",
        "surface": "asphalt"
      }
    },
    {
      "type": "Feature",
      "geometry": {
        "type": "LineString",
        "coordinates": [
          [
            37.584028522167785,
            55.73114827687882
          ],
          [
            37.58414291790015,
            55.73077438902961
          ]
        ]
      },
      "properties": {
        "osm_id": 317862253,
        "osm_type": "way",
        "narrow": "no",
        "footway": "sidewalk",
        "highway": "footway",
        "lit": "yes",
        "surface": "asphalt"
      }
    },
    {
      "type": "Feature",
      "geometry": {
        "type": "LineString",
        "coordinates": [
          [
            37.58414291790015,
            55.73077438902961
          ],
          [
            37.5842079,
            55.730562
          ]
        ]
      },
      "properties": {
        "osm_id": 317862253,
        "osm_type": "way",
        "narrow": "no",
        "footway": "sidewalk",
        "highway": "footway",
        "lit": "yes",
        "surface": "asphalt"
      }
    },
    {
      "type": "Feature",
      "geometry": {
        "type": "LineString",
        "coordinates": [
          [
            37.5842079,
            55.730562
          ],
          [
            37.583373023618876,
            55.73024095476299
          ]
        ]
      },
      "properties": {
        "osm_id": 317862253,
        "osm_type": "way",
        "narrow": "no",
        "footway": "sidewalk",
        "highway": "footway",
        "lit": "yes",
        "surface": "asphalt"
      }
    },
    {
      "type": "Feature",
      "geometry": {
        "type": "LineString",
        "coordinates": [
          [
            37.583373023618876,
            55.73024095476299
          ],
          [
            37.5811886,
            55.7294009
          ]
        ]
      },
      "properties": {
        "osm_id": 317862253,
        "osm_type": "way",
        "narrow": "no",
        "footway": "sidewalk",
        "highway": "footway",
        "lit": "yes",
        "surface": "asphalt"
      }
    },
    {
      "type": "Feature",
      "geometry": {
        "type": "LineString",
        "coordinates": [
          [
            37.5864565,
            55.733092
          ],
          [
            37.5863896,
            55.73312440000001
          ]
        ]
      },
      "properties": {
        "osm_id": 317862256,
        "osm_type": "way",
        "narrow": "no",
        "highway": "footway",
        "lit": "yes",
        "surface": "fine_gravel"
      }
    },
    {
      "type": "Feature",
      "geometry": {
        "type": "LineString",
        "coordinates": [
          [
            37.5863896,
            55.73312440000001
          ],
          [
            37.5862077,
            55.7330181
          ]
        ]
      },
      "properties": {
        "osm_id": 317862256,
        "osm_type": "way",
        "narrow": "yes",
        "highway": "footway",
        "lit": "yes",
        "surface": "fine_gravel",
        "stroke": "#ff8800"
      }
    },
    {
      "type": "Feature",
      "geometry": {
        "type": "LineString",
        "coordinates": [
          [
            37.5872448,
            55.7335479
          ],
          [
            37.587139,
            55.7336158
          ]
        ]
      },
      "properties": {
        "osm_id": 317902557,
        "osm_type": "way",
        "narrow": "no",
        "footway": "crossing",
        "highway": "footway",
        "lit": "yes",
        "smoothness": "good",
        "surface": "asphalt"
      }
    },
    {
      "type": "Feature",
      "geometry": {
        "type": "LineString",
        "coordinates": [
          [
            37.5877227,
            55.7332605
          ],
          [
            37.5878144,
            55.7331975
          ]
        ]
      },
      "properties": {
        "osm_id": 317902558,
        "osm_type": "way",
        "narrow": "yes",
        "footway": "crossing",
        "highway": "footway",
        "lit": "yes",
        "surface": "asphalt",
        "stroke": "#ff8800"
      }
    },
    {
      "type": "Feature",
      "geometry": {
        "type": "LineString",
        "coordinates": [
          [
            37.5841174,
            55.7317636
          ],
          [
            37.5843707,
            55.7318326
          ]
        ]
      },
      "properties": {
        "osm_id": 317902560,
        "osm_type": "way",
        "narrow": "no",
        "footway": "sidewalk",
        "highway": "footway",
        "lit": "yes",
        "surface": "asphalt"
      }
    },
    {
      "type": "Feature",
      "geometry": {
        "type": "LineString",
        "coordinates": [
          [
            37.5843707,
            55.7318326
          ],
          [
            37.585991,
            55.7322721
          ]
        ]
      },
      "properties": {
        "osm_id": 317902560,
        "osm_type": "way",
        "narrow": "no",
        "footway": "sidewalk",
        "highway": "footway",
        "lit": "yes",
        "surface": "asphalt"
      }
    },
    {
      "type": "Feature",
      "geometry": {
        "type": "LineString",
        "coordinates": [
          [
            37.585991,
            55.7322721
          ],
          [
            37.5861341,
            55.7323114
          ]
        ]
      },
      "properties": {
        "osm_id": 317902560,
        "osm_type": "way",
        "narrow": "no",
        "footway": "sidewalk",
        "highway": "footway",
        "lit": "yes",
        "surface": "asphalt"
      }
    },
    {
      "type": "Feature",
      "geometry": {
        "type": "LineString",
        "coordinates": [
          [
            37.5861341,
            55.7323114
          ],
          [
            37.5865315,
            55.7325019
          ]
        ]
      },
      "properties": {
        "osm_id": 317902560,
        "osm_type": "way",
        "narrow": "no",
        "footway": "sidewalk",
        "highway": "footway",
        "lit": "yes",
        "surface": "asphalt"
      }
    },
    {
      "type": "Feature",
      "geometry": {
        "type": "LineString",
        "coordinates": [
          [
            37.5865315,
            55.7325019
          ],
          [
            37.5874142,
            55.7329867
          ]
        ]
      },
      "properties": {
        "osm_id": 317902560,
        "osm_type": "way",
        "narrow": "no",
        "footway": "sidewalk",
        "highway": "footway",
        "lit": "yes",
        "surface": "asphalt"
      }
    },
    {
      "type": "Feature",
      "geometry": {
        "type": "LineString",
        "coordinates": [
          [
            37.5874142,
            55.7329867
          ],
          [
            37.5878144,
            55.7331975
          ]
        ]
      },
      "properties": {
        "osm_id": 317902560,
        "osm_type": "way",
        "narrow": "no",
        "footway": "sidewalk",
        "highway": "footway",
        "lit": "yes",
        "surface": "asphalt"
      }
    },
    {
      "type": "Feature",
      "geometry": {
        "type": "LineString",
        "coordinates": [
          [
            37.5878144,
            55.7331975
          ],
          [
            37.5879337,
            55.7331367
          ]
        ]
      },
      "properties": {
        "osm_id": 317902560,
        "osm_type": "way",
        "narrow": "no",
        "footway": "sidewalk",
        "highway": "footway",
        "lit": "yes",
        "surface": "asphalt"
      }
    },
    {
      "type": "Feature",
      "geometry": {
        "type": "LineString",
        "coordinates": [
          [
            37.5879337,
            55.7331367
          ],
          [
            37.5882314,
            55.7329292
          ]
        ]
      },
      "properties": {
        "osm_id": 317902560,
        "osm_type": "way",
        "narrow": "no",
        "footway": "sidewalk",
        "highway": "footway",
        "lit": "yes",
        "surface": "asphalt"
      }
    },
    {
      "type": "Feature",
      "geometry": {
        "type": "LineString",
        "coordinates": [
          [
            37.5882314,
            55.7329292
          ],
          [
            37.5886917,
            55.7326326
          ]
        ]
      },
      "properties": {
        "osm_id": 317902560,
        "osm_type": "way",
        "narrow": "no",
        "footway": "sidewalk",
        "highway": "footway",
        "lit": "yes",
        "surface": "asphalt"
      }
    },
    {
      "type": "Feature",
      "geometry": {
        "type": "LineString",
        "coordinates": [
          [
            37.5886917,
            55.7326326
          ],
          [
            37.58879015146252,
            55.7325691648338
          ]
        ]
      },
      "properties": {
        "osm_id": 317902560,
        "osm_type": "way",
        "narrow": "no",
        "footway": "sidewalk",
        "highway": "footway",
        "lit": "yes",
        "surface": "asphalt"
      }
    },
    {
      "type": "Feature",
      "geometry": {
        "type": "LineString",
        "coordinates": [
          [
            37.58879015146252,
            55.7325691648338
          ],
          [
            37.5888275,
            55.7325451
          ]
        ]
      },
      "properties": {
        "osm_id": 317902560,
        "osm_type": "way",
        "narrow": "no",
        "footway": "sidewalk",
        "highway": "footway",
        "lit": "yes",
        "surface": "asphalt"
      }
    },
    {
      "type": "Feature",
      "geometry": {
        "type": "LineString",
        "coordinates": [
          [
            37.587139,
            55.7336158
          ],
          [
            37.5860413,
            55.7344046
          ]
        ]
      },
      "properties": {
        "osm_id": 317902561,
        "osm_type": "way",
        "narrow": "no",
        "footway": "sidewalk",
        "highway": "footway",
        "lit": "yes",
        "surface": "paving_stones"
      }
    },
    {
      "type": "Feature",
      "geometry": {
        "type": "LineString",
        "coordinates": [
          [
            37.5860413,
            55.7344046
          ],
          [
            37.5834903,
            55.736155
          ]
        ]
      },
      "properties": {
        "osm_id": 317902561,
        "osm_type": "way",
        "narrow": "no",
        "footway": "sidewalk",
        "highway": "footway",
        "lit": "yes",
        "surface": "paving_stones"
      }
    },
    {
      "type": "Feature",
      "geometry": {
        "type": "LineString",
        "coordinates": [
          [
            37.5926826,
            55.7353909
          ],
          [
            37.5930007,
            55.7355289
          ]
        ]
      },
      "properties": {
        "osm_id": 322377704,
        "osm_type": "way",
        "narrow": "yes",
        "highway": "footway",
        "lit": "yes",
        "surface": "paving_stones",
        "stroke": "#ff8800"
      }
    },
    {
      "type": "Feature",
      "geometry": {
        "type": "LineString",
        "coordinates": [
          [
            37.5908734,
            55.7315435
          ],
          [
            37.5904534,
            55.7313719
          ]
        ]
      },
      "properties": {
        "osm_id": 323146063,
        "osm_type": "way",
        "narrow": "no",
        "footway": "sidewalk",
        "highway": "footway",
        "lit": "yes",
        "surface": "asphalt"
      }
    },
    {
      "type": "Feature",
      "geometry": {
        "type": "LineString",
        "coordinates": [
          [
            37.5904534,
            55.7313719
          ],
          [
            37.5888932,
            55.7307934
          ]
        ]
      },
      "properties": {
        "osm_id": 323146063,
        "osm_type": "way",
        "narrow": "yes",
        "footway": "sidewalk",
        "highway": "footway",
        "lit": "yes",
        "surface": "asphalt",
        "stroke": "#ff8800"
      }
    },
    {
      "type": "Feature",
      "geometry": {
        "type": "LineString",
        "coordinates": [
          [
            37.5911516,
            55.7316316
          ],
          [
            37.5908734,
            55.7315435
          ]
        ]
      },
      "properties": {
        "osm_id": 323146070,
        "osm_type": "way",
        "narrow": "no",
        "footway": "crossing",
        "highway": "footway",
        "lit": "yes",
        "surface": "asphalt"
      }
    },
    {
      "type": "Feature",
      "geometry": {
        "type": "LineString",
        "coordinates": [
          [
            37.59332,
            55.735343
          ],
          [
            37.5933686,
            55.7353876
          ]
        ]
      },
      "properties": {
        "osm_id": 331032777,
        "osm_type": "way",
        "narrow": "no",
        "highway": "footway",
        "lit": "yes",
        "surface": "paving_stones"
      }
    },
    {
      "type": "Feature",
      "geometry": {
        "type": "LineString",
        "coordinates": [
          [
            37.5932554,
            55.7350152
          ],
          [
            37.593368,
            55.7351275
          ]
        ]
      },
      "properties": {
        "osm_id": 331032778,
        "osm_type": "way",
        "narrow": "yes",
        "covered": "yes",
        "highway": "footway",
        "lit": "yes",
        "surface": "paving_stones",
        "stroke": "#ff8800"
      }
    },
    {
      "type": "Feature",
      "geometry": {
        "type": "LineString",
        "coordinates": [
          [
            37.593368,
            55.7351275
          ],
          [
            37.5934796,
            55.7352389
          ]
        ]
      },
      "properties": {
        "osm_id": 331032778,
        "osm_type": "way",
        "narrow": "no",
        "covered": "yes",
        "highway": "footway",
        "lit": "yes",
        "surface": "paving_stones"
      }
    },
    {
      "type": "Feature",
      "geometry": {
        "type": "LineString",
        "coordinates": [
          [
            37.5801417,
            55.7374162
          ],
          [
            37.5802147,
            55.7374406
          ]
        ]
      },
      "properties": {
        "osm_id": 332239394,
        "osm_type": "way",
        "narrow": "no",
        "footway": "sidewalk",
        "highway": "footway",
        "lit": "yes",
        "surface": "asphalt"
      }
    },
    {
      "type": "Feature",
      "geometry": {
        "type": "LineString",
        "coordinates": [
          [
            37.5802147,
            55.7374406
          ],
          [
            37.5805785,
            55.7374334
          ]
        ]
      },
      "properties": {
        "osm_id": 332239394,
        "osm_type": "way",
        "narrow": "no",
        "footway": "sidewalk",
        "highway": "footway",
        "lit": "yes",
        "surface": "asphalt"
      }
    },
    {
      "type": "Feature",
      "geometry": {
        "type": "LineString",
        "coordinates": [
          [
            37.5805785,
            55.7374334
          ],
          [
            37.5812217,
            55.7374207
          ]
        ]
      },
      "properties": {
        "osm_id": 332239394,
        "osm_type": "way",
        "narrow": "yes",
        "footway": "sidewalk",
        "highway": "footway",
        "lit": "yes",
        "surface": "asphalt",
        "stroke": "#ff8800"
      }
    },
    {
      "type": "Feature",
      "geometry": {
        "type": "LineString",
        "coordinates": [
          [
            37.5812217,
            55.7374207
          ],
          [
            37.5816332,
            55.7374125
          ]
        ]
      },
      "properties": {
        "osm_id": 332239394,
        "osm_type": "way",
        "narrow": "no",
        "footway": "sidewalk",
        "highway": "footway",
        "lit": "yes",
        "surface": "asphalt"
      }
    },
    {
      "type": "Feature",
      "geometry": {
        "type": "LineString",
        "coordinates": [
          [
            37.5816332,
            55.7374125
          ],
          [
            37.582587,
            55.73741939999999
          ]
        ]
      },
      "properties": {
        "osm_id": 332239394,
        "osm_type": "way",
        "narrow": "no",
        "footway": "sidewalk",
        "highway": "footway",
        "lit": "yes",
        "surface": "asphalt"
      }
    },
    {
      "type": "Feature",
      "geometry": {
        "type": "LineString",
        "coordinates": [
          [
            37.582587,
            55.73741939999999
          ],
          [
            37.5836313,
            55.7375802
          ]
        ]
      },
      "properties": {
        "osm_id": 332239394,
        "osm_type": "way",
        "narrow": "yes",
        "footway": "sidewalk",
        "highway": "footway",
        "lit": "yes",
        "surface": "asphalt",
        "stroke": "#ff8800"
      }
    },
    {
      "type": "Feature",
      "geometry": {
        "type": "LineString",
        "coordinates": [
          [
            37.5836313,
            55.7375802
          ],
          [
            37.5840536,
            55.7377735
          ]
        ]
      },
      "properties": {
        "osm_id": 332239394,
        "osm_type": "way",
        "narrow": "no",
        "footway": "sidewalk",
        "highway": "footway",
        "lit": "yes",
        "surface": "asphalt"
      }
    },
    {
      "type": "Feature",
      "geometry": {
        "type": "LineString",
        "coordinates": [
          [
            37.5840536,
            55.7377735
          ],
          [
            37.5845136,
            55.7379792
          ]
        ]
      },
      "properties": {
        "osm_id": 332239394,
        "osm_type": "way",
        "narrow": "yes",
        "footway": "sidewalk",
        "highway": "footway",
        "lit": "yes",
        "surface": "asphalt",
        "stroke": "#ff8800"
      }
    },
    {
      "type": "Feature",
      "geometry": {
        "type": "LineString",
        "coordinates": [
          [
            37.5845136,
            55.7379792
          ],
          [
            37.5846121,
            55.7380233
          ]
        ]
      },
      "properties": {
        "osm_id": 332239394,
        "osm_type": "way",
        "narrow": "no",
        "footway": "sidewalk",
        "highway": "footway",
        "lit": "yes",
        "surface": "asphalt"
      }
    },
    {
      "type": "Feature",
      "geometry": {
        "type": "LineString",
        "coordinates": [
          [
            37.5780717,
            55.7347577
          ],
          [
            37.5778587,
            55.7346577
          ]
        ]
      },
      "properties": {
        "osm_id": 332239400,
        "osm_type": "way",
        "narrow": "no",
        "footway": "crossing",
        "highway": "footway",
        "lit": "yes",
        "smoothness": "good",
        "surface": "asphalt"
      }
    },
    {
      "type": "Feature",
      "geometry": {
        "type": "LineString",
        "coordinates": [
          [
            37.5778587,
            55.7346577
          ],
          [
            37.5778401,
            55.7346592
          ]
        ]
      },
      "properties": {
        "osm_id": 332239402,
        "osm_type": "way",
        "narrow": "no",
        "footway": "sidewalk",
        "highway": "footway",
        "lit": "yes",
        "smoothness": "good",
        "surface": "asphalt"
      }
    },
    {
      "type": "Feature",
      "geometry": {
        "type": "LineString",
        "coordinates": [
          [
            37.5778401,
            55.7346592
          ],
          [
            37.5766091,
            55.7341229
          ]
        ]
      },
      "properties": {
        "osm_id": 332239402,
        "osm_type": "way",
        "narrow": "no",
        "footway": "sidewalk",
        "highway": "footway",
        "lit": "yes",
        "smoothness": "good",
        "surface": "asphalt"
      }
    },
    {
      "type": "Feature",
      "geometry": {
        "type": "LineString",
        "coordinates": [
          [
            37.5766091,
            55.7341229
          ],
          [
            37.5756967,
            55.7337253
          ]
        ]
      },
      "properties": {
        "osm_id": 332239402,
        "osm_type": "way",
        "narrow": "no",
        "footway": "sidewalk",
        "highway": "footway",
        "lit": "yes",
        "smoothness": "good",
        "surface": "asphalt"
      }
    },
    {
      "type": "Feature",
      "geometry": {
        "type": "LineString",
        "coordinates": [
          [
            37.592175,
            55.7324641
          ],
          [
            37.5920462,
            55.7323149
          ]
        ]
      },
      "properties": {
        "osm_id": 332239406,
        "osm_type": "way",
        "narrow": "no",
        "footway": "crossing",
        "highway": "footway",
        "lit": "yes",
        "surface": "asphalt"
      }
    },
    {
      "type": "Feature",
      "geometry": {
        "type": "LineString",
        "coordinates": [
          [
            37.5788954,
            55.7351422
          ],
          [
            37.5787567,
            55.7350737
          ]
        ]
      },
      "properties": {
        "osm_id": 332239407,
        "osm_type": "way",
        "narrow": "no",
        "footway": "crossing",
        "highway": "footway",
        "lit": "yes",
        "surface": "asphalt"
      }
    },
    {
      "type": "Feature",
      "geometry": {
        "type": "LineString",
        "coordinates": [
          [
            37.5787567,
            55.7350737
          ],
          [
            37.57871721828692,
            55.73505548677969
          ]
        ]
      },
      "properties": {
        "osm_id": 332239411,
        "osm_type": "way",
        "narrow": "no",
        "footway": "sidewalk",
        "highway": "footway",
        "lit": "yes",
        "surface": "asphalt"
      }
    },
    {
      "type": "Feature",
      "geometry": {
        "type": "LineString",
        "coordinates": [
          [
            37.57871721828692,
            55.73505548677969
          ],
          [
            37.5780717,
            55.7347577
          ]
        ]
      },
      "properties": {
        "osm_id": 332239411,
        "osm_type": "way",
        "narrow": "no",
        "footway": "sidewalk",
        "highway": "footway",
        "lit": "yes",
        "surface": "asphalt"
      }
    },
    {
      "type": "Feature",
      "geometry": {
        "type": "LineString",
        "coordinates": [
          [
            37.5788546,
            55.7341004
          ],
          [
            37.5788416,
            55.7341135
          ]
        ]
      },
      "properties": {
        "osm_id": 332239418,
        "osm_type": "way",
        "narrow": "no",
        "footway": "crossing",
        "highway": "footway",
        "lit": "yes",
        "surface": "asphalt"
      }
    },
    {
      "type": "Feature",
      "geometry": {
        "type": "LineString",
        "coordinates": [
          [
            37.5788416,
            55.7341135
          ],
          [
            37.5787025,
            55.7342533
          ]
        ]
      },
      "properties": {
        "osm_id": 332239418,
        "osm_type": "way",
        "narrow": "yes",
        "footway": "crossing",
        "highway": "footway",
        "lit": "yes",
        "surface": "asphalt",
        "stroke": "#ff8800"
      }
    },
    {
      "type": "Feature",
      "geometry": {
        "type": "LineString",
        "coordinates": [
          [
            37.5877459,
            55.7333831
          ],
          [
            37.5878248,
            55.733421
          ]
        ]
      },
      "properties": {
        "osm_id": 332240153,
        "osm_type": "way",
        "narrow": "no",
        "highway": "footway",
        "lit": "yes",
        "smoothness": "excellent",
        "surface": "asphalt"
      }
    },
    {
      "type": "Feature",
      "geometry": {
        "type": "LineString",
        "coordinates": [
          [
            37.5927488,
            55.7335357
          ],
          [
            37.5923754,
            55.7335754
          ]
        ]
      },
      "properties": {
        "osm_id": 332240154,
        "osm_type": "way",
        "narrow": "no",
        "highway": "footway",
        "lit": "no",
        "surface": "asphalt"
      }
    },
    {
      "type": "Feature",
      "geometry": {
        "type": "LineString",
        "coordinates": [
          [
            37.586985,
            55.7344111
          ],
          [
            37.5873175,
            55.7345645
          ]
        ]
      },
      "properties": {
        "osm_id": 332240155,
        "osm_type": "way",
        "narrow": "no",
        "highway": "footway",
        "lit": "yes",
        "surface": "paving_stones"
      }
    },
    {
      "type": "Feature",
      "geometry": {
        "type": "LineString",
        "coordinates": [
          [
            37.5873175,
            55.7345645
          ],
          [
            37.5876114,
            55.7346999
          ]
        ]
      },
      "properties": {
        "osm_id": 332240155,
        "osm_type": "way",
        "narrow": "no",
        "highway": "footway",
        "lit": "yes",
        "surface": "paving_stones"
      }
    },
    {
      "type": "Feature",
      "geometry": {
        "type": "LineString",
        "coordinates": [
          [
            37.5876114,
            55.7346999
          ],
          [
            37.5877621,
            55.7347694
          ]
        ]
      },
      "properties": {
        "osm_id": 332240155,
        "osm_type": "way",
        "narrow": "no",
        "highway": "footway",
        "lit": "yes",
        "surface": "paving_stones"
      }
    },
    {
      "type": "Feature",
      "geometry": {
        "type": "LineString",
        "coordinates": [
          [
            37.5877621,
            55.7347694
          ],
          [
            37.5885965,
            55.7341999
          ]
        ]
      },
      "properties": {
        "osm_id": 332240155,
        "osm_type": "way",
        "narrow": "no",
        "highway": "footway",
        "lit": "yes",
        "surface": "paving_stones"
      }
    },
    {
      "type": "Feature",
      "geometry": {
        "type": "LineString",
        "coordinates": [
          [
            37.5820236,
            55.727824
          ],
          [
            37.5821732,
            55.7277765
          ]
        ]
      },
      "properties": {
        "osm_id": 336103078,
        "osm_type": "way",
        "narrow": "no",
        "highway": "footway",
        "lit": "yes",
        "surface": "paving_stones"
      }
    },
    {
      "type": "Feature",
      "geometry": {
        "type": "LineString",
        "coordinates": [
          [
            37.5821732,
            55.7277765
          ],
          [
            37.5822082,
            55.72785309999999
          ]
        ]
      },
      "properties": {
        "osm_id": 336103078,
        "osm_type": "way",
        "narrow": "no",
        "highway": "footway",
        "lit": "yes",
        "surface": "paving_stones"
      }
    },
    {
      "type": "Feature",
      "geometry": {
        "type": "LineString",
        "coordinates": [
          [
            37.5822082,
            55.72785309999999
          ],
          [
            37.5820721,
            55.7278727
          ]
        ]
      },
      "properties": {
        "osm_id": 336103078,
        "osm_type": "way",
        "narrow": "no",
        "highway": "footway",
        "lit": "yes",
        "surface": "paving_stones"
      }
    },
    {
      "type": "Feature",
      "geometry": {
        "type": "LineString",
        "coordinates": [
          [
            37.5820721,
            55.7278727
          ],
          [
            37.5820236,
            55.727824
          ]
        ]
      },
      "properties": {
        "osm_id": 336103078,
        "osm_type": "way",
        "narrow": "no",
        "highway": "footway",
        "lit": "yes",
        "surface": "paving_stones"
      }
    },
    {
      "type": "Feature",
      "geometry": {
        "type": "LineString",
        "coordinates": [
          [
            37.5831295,
            55.7282784
          ],
          [
            37.5831539,
            55.7282664
          ]
        ]
      },
      "properties": {
        "osm_id": 336103081,
        "osm_type": "way",
        "narrow": "no",
        "highway": "footway",
        "lit": "yes",
        "surface": "fine_gravel"
      }
    },
    {
      "type": "Feature",
      "geometry": {
        "type": "LineString",
        "coordinates": [
          [
            37.5833238,
            55.7284896
          ],
          [
            37.5829924,
            55.7285315
          ]
        ]
      },
      "properties": {
        "osm_id": 336103083,
        "osm_type": "way",
        "narrow": "no",
        "highway": "footway",
        "lit": "yes",
        "surface": "paving_stones"
      }
    },
    {
      "type": "Feature",
      "geometry": {
        "type": "LineString",
        "coordinates": [
          [
            37.5813025,
            55.7273339
          ],
          [
            37.5811989,
            55.7272926
          ]
        ]
      },
      "properties": {
        "osm_id": 336103087,
        "osm_type": "way",
        "narrow": "no",
        "highway": "footway",
        "lit": "yes",
        "surface": "paving_stones"
      }
    },
    {
      "type": "Feature",
      "geometry": {
        "type": "LineString",
        "coordinates": [
          [
            37.5861341,
            55.7323114
          ],
          [
            37.5860561,
            55.7324043
          ]
        ]
      },
      "properties": {
        "osm_id": 339517850,
        "osm_type": "way",
        "narrow": "no",
        "footway": "crossing",
        "highway": "footway",
        "lit": "yes",
        "surface": "asphalt"
      }
    },
    {
      "type": "Feature",
      "geometry": {
        "type": "LineString",
        "coordinates": [
          [
            37.5883541,
            55.7329952
          ],
          [
            37.5882314,
            55.7329292
          ]
        ]
      },
      "properties": {
        "osm_id": 339517852,
        "osm_type": "way",
        "narrow": "no",
        "footway": "crossing",
        "highway": "footway",
        "lit": "yes",
        "surface": "asphalt"
      }
    },
    {
      "type": "Feature",
      "geometry": {
        "type": "LineString",
        "coordinates": [
          [
            37.5815638,
            55.7353509
          ],
          [
            37.5813982,
            55.7354674
          ]
        ]
      },
      "properties": {
        "osm_id": 339517853,
        "osm_type": "way",
        "narrow": "no",
        "footway": "crossing",
        "highway": "footway",
        "lit": "yes",
        "surface": "asphalt"
      }
    },
    {
      "type": "Feature",
      "geometry": {
        "type": "LineString",
        "coordinates": [
          [
            37.5892057,
            55.7324792
          ],
          [
            37.5890913,
            55.7323978
          ]
        ]
      },
      "properties": {
        "osm_id": 339517856,
        "osm_type": "way",
        "narrow": "no",
        "footway": "crossing",
        "highway": "footway",
        "lit": "yes",
        "surface": "asphalt"
      }
    },
    {
      "type": "Feature",
      "geometry": {
        "type": "LineString",
        "coordinates": [
          [
            37.5889688,
            55.7326117
          ],
          [
            37.5888275,
            55.7325451
          ]
        ]
      },
      "properties": {
        "osm_id": 339517860,
        "osm_type": "way",
        "narrow": "no",
        "footway": "crossing",
        "highway": "footway",
        "lit": "yes",
        "surface": "asphalt"
      }
    },
    {
      "type": "Feature",
      "geometry": {
        "type": "LineString",
        "coordinates": [
          [
            37.5844825,
            55.7306345
          ],
          [
            37.5842079,
            55.730562
          ]
        ]
      },
      "properties": {
        "osm_id": 339517866,
        "osm_type": "way",
        "narrow": "yes",
        "footway": "crossing",
        "highway": "footway",
        "lit": "yes",
        "surface": "asphalt",
        "stroke": "#ff8800"
      }
    },
    {
      "type": "Feature",
      "geometry": {
        "type": "LineString",
        "coordinates": [
          [
            37.5811518,
            55.7318625
          ],
          [
            37.5814156,
            55.7319155
          ]
        ]
      },
      "properties": {
        "osm_id": 339517872,
        "osm_type": "way",
        "narrow": "yes",
        "footway": "crossing",
        "highway": "footway",
        "lit": "yes",
        "smoothness": "good",
        "surface": "asphalt",
        "stroke": "#ff8800"
      }
    },
    {
      "type": "Feature",
      "geometry": {
        "type": "LineString",
        "coordinates": [
          [
            37.587139,
            55.7336158
          ],
          [
            37.5814156,
            55.7319155
          ]
        ]
      },
      "properties": {
        "osm_id": 339517875,
        "osm_type": "way",
        "narrow": "no",
        "footway": "sidewalk",
        "highway": "footway",
        "lit": "yes",
        "smoothness": "excellent",
        "surface": "asphalt"
      }
    },
    {
      "type": "Feature",
      "geometry": {
        "type": "LineString",
        "coordinates": [
          [
            37.5814156,
            55.7319155
          ],
          [
            37.58066380446486,
            55.73255716805896
          ]
        ]
      },
      "properties": {
        "osm_id": 339517875,
        "osm_type": "way",
        "narrow": "no",
        "footway": "sidewalk",
        "highway": "footway",
        "lit": "yes",
        "smoothness": "excellent",
        "surface": "asphalt"
      }
    },
    {
      "type": "Feature",
      "geometry": {
        "type": "LineString",
        "coordinates": [
          [
            37.58066380446486,
            55.73255716805896
          ],
          [
            37.5796785,
            55.7333981
          ]
        ]
      },
      "properties": {
        "osm_id": 339517875,
        "osm_type": "way",
        "narrow": "no",
        "footway": "sidewalk",
        "highway": "footway",
        "lit": "yes",
        "smoothness": "excellent",
        "surface": "asphalt"
      }
    },
    {
      "type": "Feature",
      "geometry": {
        "type": "LineString",
        "coordinates": [
          [
            37.5796785,
            55.7333981
          ],
          [
            37.5788546,
            55.7341004
          ]
        ]
      },
      "properties": {
        "osm_id": 339517875,
        "osm_type": "way",
        "narrow": "no",
        "footway": "sidewalk",
        "highway": "footway",
        "lit": "yes",
        "smoothness": "excellent",
        "surface": "asphalt"
      }
    },
    {
      "type": "Feature",
      "geometry": {
        "type": "LineString",
        "coordinates": [
          [
            37.5834221,
            55.7361573
          ],
          [
            37.58331001716809,
            55.73610866394775
          ]
        ]
      },
      "properties": {
        "osm_id": 339517877,
        "osm_type": "way",
        "narrow": "no",
        "footway": "sidewalk",
        "highway": "footway",
        "lit": "yes",
        "surface": "asphalt"
      }
    },
    {
      "type": "Feature",
      "geometry": {
        "type": "LineString",
        "coordinates": [
          [
            37.58331001716809,
            55.73610866394775
          ],
          [
            37.5815638,
            55.7353509
          ]
        ]
      },
      "properties": {
        "osm_id": 339517877,
        "osm_type": "way",
        "narrow": "no",
        "footway": "sidewalk",
        "highway": "footway",
        "lit": "yes",
        "surface": "asphalt"
      }
    },
    {
      "type": "Feature",
      "geometry": {
        "type": "LineString",
        "coordinates": [
          [
            37.5815638,
            55.7353509
          ],
          [
            37.5810994,
            55.7351423
          ]
        ]
      },
      "properties": {
        "osm_id": 339517877,
        "osm_type": "way",
        "narrow": "no",
        "footway": "sidewalk",
        "highway": "footway",
        "lit": "yes",
        "surface": "asphalt"
      }
    },
    {
      "type": "Feature",
      "geometry": {
        "type": "LineString",
        "coordinates": [
          [
            37.5810994,
            55.7351423
          ],
          [
            37.5788416,
            55.7341135
          ]
        ]
      },
      "properties": {
        "osm_id": 339517877,
        "osm_type": "way",
        "narrow": "no",
        "footway": "sidewalk",
        "highway": "footway",
        "lit": "yes",
        "surface": "asphalt"
      }
    },
    {
      "type": "Feature",
      "geometry": {
        "type": "LineString",
        "coordinates": [
          [
            37.5793483,
            55.7300765
          ],
          [
            37.5791771,
            55.7301879
          ]
        ]
      },
      "properties": {
        "osm_id": 360019906,
        "osm_type": "way",
        "narrow": "no",
        "highway": "footway",
        "lit": "yes",
        "surface": "asphalt"
      }
    },
    {
      "type": "Feature",
      "geometry": {
        "type": "LineString",
        "coordinates": [
          [
            37.5791771,
            55.7301879
          ],
          [
            37.5789889,
            55.7301559
          ]
        ]
      },
      "properties": {
        "osm_id": 360019906,
        "osm_type": "way",
        "narrow": "no",
        "highway": "footway",
        "lit": "yes",
        "surface": "asphalt"
      }
    },
    {
      "type": "Feature",
      "geometry": {
        "type": "LineString",
        "coordinates": [
          [
            37.5789889,
            55.7301559
          ],
          [
            37.5792135,
            55.7300323
          ]
        ]
      },
      "properties": {
        "osm_id": 360019906,
        "osm_type": "way",
        "narrow": "no",
        "highway": "footway",
        "lit": "yes",
        "surface": "asphalt"
      }
    },
    {
      "type": "Feature",
      "geometry": {
        "type": "LineString",
        "coordinates": [
          [
            37.5790657,
            55.7299839
          ],
          [
            37.5792135,
            55.7300323
          ]
        ]
      },
      "properties": {
        "osm_id": 360019911,
        "osm_type": "way",
        "narrow": "no",
        "footway": "sidewalk",
        "highway": "footway",
        "lit": "yes",
        "surface": "asphalt"
      }
    },
    {
      "type": "Feature",
      "geometry": {
        "type": "LineString",
        "coordinates": [
          [
            37.5792135,
            55.7300323
          ],
          [
            37.5793483,
            55.7300765
          ]
        ]
      },
      "properties": {
        "osm_id": 360019911,
        "osm_type": "way",
        "narrow": "no",
        "footway": "sidewalk",
        "highway": "footway",
        "lit": "yes",
        "surface": "asphalt"
      }
    },
    {
      "type": "Feature",
      "geometry": {
        "type": "LineString",
        "coordinates": [
          [
            37.5793483,
            55.7300765
          ],
          [
            37.5793943636041,
            55.73009241391029
          ]
        ]
      },
      "properties": {
        "osm_id": 360019911,
        "osm_type": "way",
        "narrow": "no",
        "footway": "sidewalk",
        "highway": "footway",
        "lit": "yes",
        "surface": "asphalt"
      }
    },
    {
      "type": "Feature",
      "geometry": {
        "type": "LineString",
        "coordinates": [
          [
            37.5793943636041,
            55.73009241391029
          ],
          [
            37.5802381,
            55.7303839
          ]
        ]
      },
      "properties": {
        "osm_id": 360019911,
        "osm_type": "way",
        "narrow": "no",
        "footway": "sidewalk",
        "highway": "footway",
        "lit": "yes",
        "surface": "asphalt"
      }
    },
    {
      "type": "Feature",
      "geometry": {
        "type": "LineString",
        "coordinates": [
          [
            37.5802381,
            55.7303839
          ],
          [
            37.5804918,
            55.7304774
          ]
        ]
      },
      "properties": {
        "osm_id": 360019911,
        "osm_type": "way",
        "narrow": "no",
        "footway": "sidewalk",
        "highway": "footway",
        "lit": "yes",
        "surface": "asphalt"
      }
    },
    {
      "type": "Feature",
      "geometry": {
        "type": "LineString",
        "coordinates": [
          [
            37.5804918,
            55.7304774
          ],
          [
            37.579806,
            55.7313273
          ]
        ]
      },
      "properties": {
        "osm_id": 360019911,
        "osm_type": "way",
        "narrow": "no",
        "footway": "sidewalk",
        "highway": "footway",
        "lit": "yes",
        "surface": "asphalt"
      }
    },
    {
      "type": "Feature",
      "geometry": {
        "type": "LineString",
        "coordinates": [
          [
            37.5786694,
            55.7310071
          ],
          [
            37.578666,
            55.7310115
          ]
        ]
      },
      "properties": {
        "osm_id": 360022390,
        "osm_type": "way",
        "narrow": "no",
        "footway": "sidewalk",
        "highway": "footway",
        "lit": "yes",
        "surface": "asphalt"
      }
    },
    {
      "type": "Feature",
      "geometry": {
        "type": "LineString",
        "coordinates": [
          [
            37.5877628,
            55.737194
          ],
          [
            37.5871336,
            55.7367344
          ]
        ]
      },
      "properties": {
        "osm_id": 360024233,
        "osm_type": "way",
        "narrow": "no",
        "highway": "footway"
      }
    },
    {
      "type": "Feature",
      "geometry": {
        "type": "LineString",
        "coordinates": [
          [
            37.5874234,
            55.7376708
          ],
          [
            37.5872882,
            55.7375775
          ]
        ]
      },
      "properties": {
        "osm_id": 360024234,
        "osm_type": "way",
        "narrow": "yes",
        "highway": "footway",
        "lit": "yes",
        "surface": "asphalt",
        "stroke": "#ff8800"
      }
    },
    {
      "type": "Feature",
      "geometry": {
        "type": "LineString",
        "coordinates": [
          [
            37.5872882,
            55.7375775
          ],
          [
            37.5872741,
            55.7375678
          ]
        ]
      },
      "properties": {
        "osm_id": 360024234,
        "osm_type": "way",
        "narrow": "no",
        "highway": "footway",
        "lit": "yes",
        "surface": "asphalt"
      }
    },
    {
      "type": "Feature",
      "geometry": {
        "type": "LineString",
        "coordinates": [
          [
            37.5842952,
            55.7339036
          ],
          [
            37.5843987,
            55.7339438
          ]
        ]
      },
      "properties": {
        "osm_id": 360024508,
        "osm_type": "way",
        "narrow": "no",
        "highway": "footway",
        "surface": "fine_gravel"
      }
    },
    {
      "type": "Feature",
      "geometry": {
        "type": "LineString",
        "coordinates": [
          [
            37.5843987,
            55.7339438
          ],
          [
            37.5845741,
            55.7340241
          ]
        ]
      },
      "properties": {
        "osm_id": 360024508,
        "osm_type": "way",
        "narrow": "no",
        "highway": "footway",
        "surface": "fine_gravel"
      }
    },
    {
      "type": "Feature",
      "geometry": {
        "type": "LineString",
        "coordinates": [
          [
            37.5845741,
            55.7340241
          ],
          [
            37.58481,
            55.7341164
          ]
        ]
      },
      "properties": {
        "osm_id": 360024508,
        "osm_type": "way",
        "narrow": "no",
        "highway": "footway",
        "surface": "fine_gravel"
      }
    },
    {
      "type": "Feature",
      "geometry": {
        "type": "LineString",
        "coordinates": [
          [
            37.58481,
            55.7341164
          ],
          [
            37.5851349,
            55.7342273
          ]
        ]
      },
      "properties": {
        "osm_id": 360024508,
        "osm_type": "way",
        "narrow": "yes",
        "highway": "footway",
        "surface": "fine_gravel",
        "stroke": "#ff8800"
      }
    },
    {
      "type": "Feature",
      "geometry": {
        "type": "LineString",
        "coordinates": [
          [
            37.5851349,
            55.7342273
          ],
          [
            37.5852613,
            55.7341987
          ]
        ]
      },
      "properties": {
        "osm_id": 360024508,
        "osm_type": "way",
        "narrow": "no",
        "highway": "footway",
        "surface": "fine_gravel"
      }
    },
    {
      "type": "Feature",
      "geometry": {
        "type": "LineString",
        "coordinates": [
          [
            37.5852613,
            55.7341987
          ],
          [
            37.5856927,
            55.7342484
          ]
        ]
      },
      "properties": {
        "osm_id": 360024508,
        "osm_type": "way",
        "narrow": "yes",
        "highway": "footway",
        "surface": "fine_gravel",
        "stroke": "#ff8800"
      }
    },
    {
      "type": "Feature",
      "geometry": {
        "type": "LineString",
        "coordinates": [
          [
            37.5856927,
            55.7342484
          ],
          [
            37.5857697,
            55.7342828
          ]
        ]
      },
      "properties": {
        "osm_id": 360024508,
        "osm_type": "way",
        "narrow": "no",
        "highway": "footway",
        "surface": "fine_gravel"
      }
    },
    {
      "type": "Feature",
      "geometry": {
        "type": "LineString",
        "coordinates": [
          [
            37.5857697,
            55.7342828
          ],
          [
            37.5859324,
            55.734356
          ]
        ]
      },
      "properties": {
        "osm_id": 360024508,
        "osm_type": "way",
        "narrow": "no",
        "highway": "footway",
        "surface": "fine_gravel"
      }
    },
    {
      "type": "Feature",
      "geometry": {
        "type": "LineString",
        "coordinates": [
          [
            37.5859324,
            55.734356
          ],
          [
            37.5860413,
            55.7344046
          ]
        ]
      },
      "properties": {
        "osm_id": 360024508,
        "osm_type": "way",
        "narrow": "no",
        "highway": "footway",
        "surface": "fine_gravel"
      }
    },
    {
      "type": "Feature",
      "geometry": {
        "type": "LineString",
        "coordinates": [
          [
            37.58481,
            55.7341164
          ],
          [
            37.5846786,
            55.7341783
          ]
        ]
      },
      "properties": {
        "osm_id": 360024510,
        "osm_type": "way",
        "narrow": "no",
        "highway": "footway",
        "surface": "fine_gravel"
      }
    },
    {
      "type": "Feature",
      "geometry": {
        "type": "LineString",
        "coordinates": [
          [
            37.5845741,
            55.7340241
          ],
          [
            37.584536,
            55.7340969
          ]
        ]
      },
      "properties": {
        "osm_id": 360024511,
        "osm_type": "way",
        "narrow": "no",
        "highway": "footway",
        "surface": "fine_gravel"
      }
    },
    {
      "type": "Feature",
      "geometry": {
        "type": "LineString",
        "coordinates": [
          [
            37.5862606,
            55.7341229
          ],
          [
            37.5859324,
            55.734356
          ]
        ]
      },
      "properties": {
        "osm_id": 360024512,
        "osm_type": "way",
        "narrow": "yes",
        "highway": "footway",
        "surface": "fine_gravel",
        "stroke": "#ff8800"
      }
    },
    {
      "type": "Feature",
      "geometry": {
        "type": "LineString",
        "coordinates": [
          [
            37.5858475,
            55.7339317
          ],
          [
            37.5856965,
            55.7340478
          ]
        ]
      },
      "properties": {
        "osm_id": 360024515,
        "osm_type": "way",
        "narrow": "no",
        "highway": "footway",
        "surface": "fine_gravel"
      }
    },
    {
      "type": "Feature",
      "geometry": {
        "type": "LineString",
        "coordinates": [
          [
            37.5854854,
            55.7344773
          ],
          [
            37.5857697,
            55.7342828
          ]
        ]
      },
      "properties": {
        "osm_id": 360024516,
        "osm_type": "way",
        "narrow": "no",
        "highway": "footway",
        "surface": "fine_gravel"
      }
    },
    {
      "type": "Feature",
      "geometry": {
        "type": "LineString",
        "coordinates": [
          [
            37.5859897,
            55.7339928
          ],
          [
            37.5857431,
            55.7341236
          ]
        ]
      },
      "properties": {
        "osm_id": 360024521,
        "osm_type": "way",
        "narrow": "no",
        "highway": "footway",
        "surface": "fine_gravel"
      }
    },
    {
      "type": "Feature",
      "geometry": {
        "type": "LineString",
        "coordinates": [
          [
            37.5796785,
            55.7333981
          ],
          [
            37.5801044,
            55.7334245
          ]
        ]
      },
      "properties": {
        "osm_id": 360024522,
        "osm_type": "way",
        "narrow": "yes",
        "highway": "footway",
        "stroke": "#ff8800"
      }
    },
    {
      "type": "Feature",
      "geometry": {
        "type": "LineString",
        "coordinates": [
          [
            37.5852613,
            55.7341987
          ],
          [
            37.5852897,
            55.7341099
          ]
        ]
      },
      "properties": {
        "osm_id": 360024524,
        "osm_type": "way",
        "narrow": "no",
        "highway": "footway",
        "surface": "fine_gravel"
      }
    },
    {
      "type": "Feature",
      "geometry": {
        "type": "LineString",
        "coordinates": [
          [
            37.5857431,
            55.7341236
          ],
          [
            37.5856927,
            55.7342484
          ]
        ]
      },
      "properties": {
        "osm_id": 360024525,
        "osm_type": "way",
        "narrow": "no",
        "highway": "footway",
        "surface": "fine_gravel"
      }
    },
    {
      "type": "Feature",
      "geometry": {
        "type": "LineString",
        "coordinates": [
          [
            37.5856324,
            55.7338523
          ],
          [
            37.5856965,
            55.7340478
          ]
        ]
      },
      "properties": {
        "osm_id": 360024527,
        "osm_type": "way",
        "narrow": "no",
        "highway": "footway",
        "surface": "fine_gravel"
      }
    },
    {
      "type": "Feature",
      "geometry": {
        "type": "LineString",
        "coordinates": [
          [
            37.5856965,
            55.7340478
          ],
          [
            37.5857431,
            55.7341236
          ]
        ]
      },
      "properties": {
        "osm_id": 360024527,
        "osm_type": "way",
        "narrow": "no",
        "highway": "footway",
        "surface": "fine_gravel"
      }
    },
    {
      "type": "Feature",
      "geometry": {
        "type": "LineString",
        "coordinates": [
          [
            37.584536,
            55.7340969
          ],
          [
            37.5846786,
            55.7341783
          ]
        ]
      },
      "properties": {
        "osm_id": 360024529,
        "osm_type": "way",
        "narrow": "no",
        "highway": "footway",
        "surface": "fine_gravel"
      }
    },
    {
      "type": "Feature",
      "geometry": {
        "type": "LineString",
        "coordinates": [
          [
            37.5846786,
            55.7341783
          ],
          [
            37.5854854,
            55.7344773
          ]
        ]
      },
      "properties": {
        "osm_id": 360024529,
        "osm_type": "way",
        "narrow": "yes",
        "highway": "footway",
        "surface": "fine_gravel",
        "stroke": "#ff8800"
      }
    },
    {
      "type": "Feature",
      "geometry": {
        "type": "LineString",
        "coordinates": [
          [
            37.584874,
            55.7336063
          ],
          [
            37.5847912,
            55.7336678
          ]
        ]
      },
      "properties": {
        "osm_id": 360024530,
        "osm_type": "way",
        "narrow": "no",
        "highway": "footway",
        "surface": "fine_gravel"
      }
    },
    {
      "type": "Feature",
      "geometry": {
        "type": "LineString",
        "coordinates": [
          [
            37.5847912,
            55.7336678
          ],
          [
            37.5846446,
            55.7337709
          ]
        ]
      },
      "properties": {
        "osm_id": 360024530,
        "osm_type": "way",
        "narrow": "no",
        "highway": "footway",
        "surface": "fine_gravel"
      }
    },
    {
      "type": "Feature",
      "geometry": {
        "type": "LineString",
        "coordinates": [
          [
            37.5846446,
            55.7337709
          ],
          [
            37.5843987,
            55.7339438
          ]
        ]
      },
      "properties": {
        "osm_id": 360024530,
        "osm_type": "way",
        "narrow": "no",
        "highway": "footway",
        "surface": "fine_gravel"
      }
    },
    {
      "type": "Feature",
      "geometry": {
        "type": "LineString",
        "coordinates": [
          [
            37.5852694,
            55.7338693
          ],
          [
            37.5850027,
            55.7337509
          ]
        ]
      },
      "properties": {
        "osm_id": 360024531,
        "osm_type": "way",
        "narrow": "no",
        "highway": "footway",
        "surface": "fine_gravel"
      }
    },
    {
      "type": "Feature",
      "geometry": {
        "type": "LineString",
        "coordinates": [
          [
            37.5850027,
            55.7337509
          ],
          [
            37.5849052,
            55.7337058
          ]
        ]
      },
      "properties": {
        "osm_id": 360024531,
        "osm_type": "way",
        "narrow": "no",
        "highway": "footway",
        "surface": "fine_gravel"
      }
    },
    {
      "type": "Feature",
      "geometry": {
        "type": "LineString",
        "coordinates": [
          [
            37.5849052,
            55.7337058
          ],
          [
            37.5847912,
            55.7336678
          ]
        ]
      },
      "properties": {
        "osm_id": 360024531,
        "osm_type": "way",
        "narrow": "no",
        "highway": "footway",
        "surface": "fine_gravel"
      }
    },
    {
      "type": "Feature",
      "geometry": {
        "type": "LineString",
        "coordinates": [
          [
            37.584874,
            55.7336063
          ],
          [
            37.58495185032816,
            55.733630847460496
          ]
        ]
      },
      "properties": {
        "osm_id": 360024532,
        "osm_type": "way",
        "narrow": "no",
        "highway": "footway",
        "surface": "fine_gravel"
      }
    },
    {
      "type": "Feature",
      "geometry": {
        "type": "LineString",
        "coordinates": [
          [
            37.58495185032816,
            55.733630847460496
          ],
          [
            37.58520834633245,
            55.73371172421049
          ]
        ]
      },
      "properties": {
        "osm_id": 360024532,
        "osm_type": "way",
        "narrow": "no",
        "highway": "footway",
        "surface": "fine_gravel"
      }
    },
    {
      "type": "Feature",
      "geometry": {
        "type": "LineString",
        "coordinates": [
          [
            37.58520834633245,
            55.73371172421049
          ],
          [
            37.5855029,
            55.7338046
          ]
        ]
      },
      "properties": {
        "osm_id": 360024532,
        "osm_type": "way",
        "narrow": "yes",
        "highway": "footway",
        "surface": "fine_gravel",
        "stroke": "#ff8800"
      }
    },
    {
      "type": "Feature",
      "geometry": {
        "type": "LineString",
        "coordinates": [
          [
            37.5855029,
            55.7338046
          ],
          [
            37.5856324,
            55.7338523
          ]
        ]
      },
      "properties": {
        "osm_id": 360024532,
        "osm_type": "way",
        "narrow": "no",
        "highway": "footway",
        "surface": "fine_gravel"
      }
    },
    {
      "type": "Feature",
      "geometry": {
        "type": "LineString",
        "coordinates": [
          [
            37.5856324,
            55.7338523
          ],
          [
            37.5858475,
            55.7339317
          ]
        ]
      },
      "properties": {
        "osm_id": 360024532,
        "osm_type": "way",
        "narrow": "yes",
        "highway": "footway",
        "surface": "fine_gravel",
        "stroke": "#ff8800"
      }
    },
    {
      "type": "Feature",
      "geometry": {
        "type": "LineString",
        "coordinates": [
          [
            37.5858475,
            55.7339317
          ],
          [
            37.5859897,
            55.7339928
          ]
        ]
      },
      "properties": {
        "osm_id": 360024532,
        "osm_type": "way",
        "narrow": "no",
        "highway": "footway",
        "surface": "fine_gravel"
      }
    },
    {
      "type": "Feature",
      "geometry": {
        "type": "LineString",
        "coordinates": [
          [
            37.5859897,
            55.7339928
          ],
          [
            37.5862606,
            55.7341229
          ]
        ]
      },
      "properties": {
        "osm_id": 360024532,
        "osm_type": "way",
        "narrow": "no",
        "highway": "footway",
        "surface": "fine_gravel"
      }
    },
    {
      "type": "Feature",
      "geometry": {
        "type": "LineString",
        "coordinates": [
          [
            37.5855029,
            55.7338046
          ],
          [
            37.5852694,
            55.7338693
          ]
        ]
      },
      "properties": {
        "osm_id": 360024535,
        "osm_type": "way",
        "narrow": "no",
        "highway": "footway",
        "surface": "fine_gravel"
      }
    },
    {
      "type": "Feature",
      "geometry": {
        "type": "LineString",
        "coordinates": [
          [
            37.5852694,
            55.7338693
          ],
          [
            37.5852919,
            55.7339917
          ]
        ]
      },
      "properties": {
        "osm_id": 360024535,
        "osm_type": "way",
        "narrow": "no",
        "highway": "footway",
        "surface": "fine_gravel"
      }
    },
    {
      "type": "Feature",
      "geometry": {
        "type": "LineString",
        "coordinates": [
          [
            37.5852919,
            55.7339917
          ],
          [
            37.5851188,
            55.7340747
          ]
        ]
      },
      "properties": {
        "osm_id": 360024535,
        "osm_type": "way",
        "narrow": "no",
        "highway": "footway",
        "surface": "fine_gravel"
      }
    },
    {
      "type": "Feature",
      "geometry": {
        "type": "LineString",
        "coordinates": [
          [
            37.5850027,
            55.7337509
          ],
          [
            37.5849223,
            55.7338874
          ]
        ]
      },
      "properties": {
        "osm_id": 360024537,
        "osm_type": "way",
        "narrow": "no",
        "highway": "footway",
        "surface": "fine_gravel"
      }
    },
    {
      "type": "Feature",
      "geometry": {
        "type": "LineString",
        "coordinates": [
          [
            37.5849223,
            55.7338874
          ],
          [
            37.5849352,
            55.7339235
          ]
        ]
      },
      "properties": {
        "osm_id": 360024537,
        "osm_type": "way",
        "narrow": "no",
        "highway": "footway",
        "surface": "fine_gravel"
      }
    },
    {
      "type": "Feature",
      "geometry": {
        "type": "LineString",
        "coordinates": [
          [
            37.5849352,
            55.7339235
          ],
          [
            37.5849252,
            55.7339332
          ]
        ]
      },
      "properties": {
        "osm_id": 360024537,
        "osm_type": "way",
        "narrow": "no",
        "highway": "footway",
        "surface": "fine_gravel"
      }
    },
    {
      "type": "Feature",
      "geometry": {
        "type": "LineString",
        "coordinates": [
          [
            37.5849252,
            55.7339332
          ],
          [
            37.5847958,
            55.73398809999998
          ]
        ]
      },
      "properties": {
        "osm_id": 360024537,
        "osm_type": "way",
        "narrow": "no",
        "highway": "footway",
        "surface": "fine_gravel"
      }
    },
    {
      "type": "Feature",
      "geometry": {
        "type": "LineString",
        "coordinates": [
          [
            37.5847958,
            55.73398809999998
          ],
          [
            37.58481,
            55.7341164
          ]
        ]
      },
      "properties": {
        "osm_id": 360024537,
        "osm_type": "way",
        "narrow": "no",
        "highway": "footway",
        "surface": "fine_gravel"
      }
    },
    {
      "type": "Feature",
      "geometry": {
        "type": "LineString",
        "coordinates": [
          [
            37.5849352,
            55.7339235
          ],
          [
            37.5852919,
            55.7339917
          ]
        ]
      },
      "properties": {
        "osm_id": 360024540,
        "osm_type": "way",
        "narrow": "no",
        "highway": "footway",
        "surface": "fine_gravel"
      }
    },
    {
      "type": "Feature",
      "geometry": {
        "type": "LineString",
        "coordinates": [
          [
            37.5852919,
            55.7339917
          ],
          [
            37.5856965,
            55.7340478
          ]
        ]
      },
      "properties": {
        "osm_id": 360024540,
        "osm_type": "way",
        "narrow": "no",
        "highway": "footway",
        "surface": "fine_gravel"
      }
    },
    {
      "type": "Feature",
      "geometry": {
        "type": "LineString",
        "coordinates": [
          [
            37.5857431,
            55.7341236
          ],
          [
            37.5852897,
            55.7341099
          ]
        ]
      },
      "properties": {
        "osm_id": 360024541,
        "osm_type": "way",
        "narrow": "no",
        "highway": "footway",
        "surface": "fine_gravel"
      }
    },
    {
      "type": "Feature",
      "geometry": {
        "type": "LineString",
        "coordinates": [
          [
            37.5852897,
            55.7341099
          ],
          [
            37.5851188,
            55.7340747
          ]
        ]
      },
      "properties": {
        "osm_id": 360024541,
        "osm_type": "way",
        "narrow": "no",
        "highway": "footway",
        "surface": "fine_gravel"
      }
    },
    {
      "type": "Feature",
      "geometry": {
        "type": "LineString",
        "coordinates": [
          [
            37.5851188,
            55.7340747
          ],
          [
            37.584915,
            55.734081199999984
          ]
        ]
      },
      "properties": {
        "osm_id": 360024541,
        "osm_type": "way",
        "narrow": "no",
        "highway": "footway",
        "surface": "fine_gravel"
      }
    },
    {
      "type": "Feature",
      "geometry": {
        "type": "LineString",
        "coordinates": [
          [
            37.584915,
            55.734081199999984
          ],
          [
            37.5849252,
            55.7339332
          ]
        ]
      },
      "properties": {
        "osm_id": 360024541,
        "osm_type": "way",
        "narrow": "no",
        "highway": "footway",
        "surface": "fine_gravel"
      }
    },
    {
      "type": "Feature",
      "geometry": {
        "type": "LineString",
        "coordinates": [
          [
            37.5849052,
            55.7337058
          ],
          [
            37.5849261,
            55.73377609999999
          ]
        ]
      },
      "properties": {
        "osm_id": 360024543,
        "osm_type": "way",
        "narrow": "no",
        "highway": "footway",
        "surface": "fine_gravel"
      }
    },
    {
      "type": "Feature",
      "geometry": {
        "type": "LineString",
        "coordinates": [
          [
            37.5849261,
            55.73377609999999
          ],
          [
            37.5848401,
            55.733763
          ]
        ]
      },
      "properties": {
        "osm_id": 360024543,
        "osm_type": "way",
        "narrow": "no",
        "highway": "footway",
        "surface": "fine_gravel"
      }
    },
    {
      "type": "Feature",
      "geometry": {
        "type": "LineString",
        "coordinates": [
          [
            37.5814007,
            55.7314652
          ],
          [
            37.58136079237531,
            55.73145810572516
          ]
        ]
      },
      "properties": {
        "osm_id": 360025597,
        "osm_type": "way",
        "narrow": "no",
        "highway": "footway",
        "lit": "yes",
        "surface": "fine_gravel"
      }
    },
    {
      "type": "Feature",
      "geometry": {
        "type": "LineString",
        "coordinates": [
          [
            37.58136079237531,
            55.73145810572516
          ],
          [
            37.58114665432669,
            55.73142003869538
          ]
        ]
      },
      "properties": {
        "osm_id": 360025597,
        "osm_type": "way",
        "narrow": "no",
        "highway": "footway",
        "lit": "yes",
        "surface": "fine_gravel"
      }
    },
    {
      "type": "Feature",
      "geometry": {
        "type": "LineString",
        "coordinates": [
          [
            37.58114665432669,
            55.73142003869538
          ],
          [
            37.5809309485643,
            55.73138169252399
          ]
        ]
      },
      "properties": {
        "osm_id": 360025597,
        "osm_type": "way",
        "narrow": "no",
        "highway": "footway",
        "lit": "yes",
        "surface": "fine_gravel"
      }
    },
    {
      "type": "Feature",
      "geometry": {
        "type": "LineString",
        "coordinates": [
          [
            37.5809309485643,
            55.73138169252399
          ],
          [
            37.5808303,
            55.7313638
          ]
        ]
      },
      "properties": {
        "osm_id": 360025597,
        "osm_type": "way",
        "narrow": "no",
        "highway": "footway",
        "lit": "yes",
        "surface": "fine_gravel"
      }
    },
    {
      "type": "Feature",
      "geometry": {
        "type": "LineString",
        "coordinates": [
          [
            37.5828737,
            55.7318404
          ],
          [
            37.5828964,
            55.731851
          ]
        ]
      },
      "properties": {
        "osm_id": 360025598,
        "osm_type": "way",
        "narrow": "no",
        "highway": "footway",
        "lit": "no",
        "surface": "asphalt"
      }
    },
    {
      "type": "Feature",
      "geometry": {
        "type": "LineString",
        "coordinates": [
          [
            37.5816379,
            55.7311501
          ],
          [
            37.5814007,
            55.7314652
          ]
        ]
      },
      "properties": {
        "osm_id": 360025599,
        "osm_type": "way",
        "narrow": "no",
        "highway": "footway",
        "lit": "yes",
        "surface": "paving_stones"
      }
    },
    {
      "type": "Feature",
      "geometry": {
        "type": "LineString",
        "coordinates": [
          [
            37.5818114,
            55.7315762
          ],
          [
            37.5821815,
            55.7312329
          ]
        ]
      },
      "properties": {
        "osm_id": 360033338,
        "osm_type": "way",
        "narrow": "no",
        "highway": "footway",
        "lit": "yes",
        "surface": "fine_gravel",
        "width": "1"
      }
    },
    {
      "type": "Feature",
      "geometry": {
        "type": "LineString",
        "coordinates": [
          [
            37.5798589,
            55.7294828
          ],
          [
            37.5800365,
            55.7295366
          ]
        ]
      },
      "properties": {
        "osm_id": 360033342,
        "osm_type": "way",
        "narrow": "no",
        "highway": "footway",
        "lit": "yes",
        "surface": "asphalt"
      }
    },
    {
      "type": "Feature",
      "geometry": {
        "type": "LineString",
        "coordinates": [
          [
            37.5823365,
            55.7312543
          ],
          [
            37.5820744,
            55.7316323
          ]
        ]
      },
      "properties": {
        "osm_id": 360033345,
        "osm_type": "way",
        "narrow": "no",
        "highway": "footway",
        "lit": "yes",
        "surface": "fine_gravel",
        "width": "1"
      }
    },
    {
      "type": "Feature",
      "geometry": {
        "type": "LineString",
        "coordinates": [
          [
            37.5820744,
            55.7316323
          ],
          [
            37.5819815,
            55.7317136
          ]
        ]
      },
      "properties": {
        "osm_id": 360033345,
        "osm_type": "way",
        "narrow": "no",
        "highway": "footway",
        "lit": "yes",
        "surface": "fine_gravel",
        "width": "1"
      }
    },
    {
      "type": "Feature",
      "geometry": {
        "type": "LineString",
        "coordinates": [
          [
            37.5829714,
            55.7317894
          ],
          [
            37.5828964,
            55.731851
          ]
        ]
      },
      "properties": {
        "osm_id": 360033350,
        "osm_type": "way",
        "narrow": "no",
        "highway": "footway",
        "lit": "no",
        "surface": "asphalt"
      }
    },
    {
      "type": "Feature",
      "geometry": {
        "type": "LineString",
        "coordinates": [
          [
            37.5828964,
            55.731851
          ],
          [
            37.5827571,
            55.7319545
          ]
        ]
      },
      "properties": {
        "osm_id": 360033350,
        "osm_type": "way",
        "narrow": "no",
        "highway": "footway",
        "lit": "no",
        "surface": "asphalt"
      }
    },
    {
      "type": "Feature",
      "geometry": {
        "type": "LineString",
        "coordinates": [
          [
            37.5827571,
            55.7319545
          ],
          [
            37.5827226,
            55.7319923
          ]
        ]
      },
      "properties": {
        "osm_id": 360033350,
        "osm_type": "way",
        "narrow": "no",
        "highway": "footway",
        "lit": "no",
        "surface": "asphalt"
      }
    },
    {
      "type": "Feature",
      "geometry": {
        "type": "LineString",
        "coordinates": [
          [
            37.5820565,
            55.7317309
          ],
          [
            37.5822233,
            55.7316584
          ]
        ]
      },
      "properties": {
        "osm_id": 360035481,
        "osm_type": "way",
        "narrow": "no",
        "highway": "footway",
        "lit": "yes",
        "surface": "fine_gravel",
        "width": "1"
      }
    },
    {
      "type": "Feature",
      "geometry": {
        "type": "LineString",
        "coordinates": [
          [
            37.5822233,
            55.7316584
          ],
          [
            37.5830202,
            55.7313607
          ]
        ]
      },
      "properties": {
        "osm_id": 360035481,
        "osm_type": "way",
        "narrow": "no",
        "highway": "footway",
        "lit": "yes",
        "surface": "fine_gravel",
        "width": "1"
      }
    },
    {
      "type": "Feature",
      "geometry": {
        "type": "LineString",
        "coordinates": [
          [
            37.5872374,
            55.7324928
          ],
          [
            37.5870373,
            55.7323623
          ]
        ]
      },
      "properties": {
        "osm_id": 360157751,
        "osm_type": "way",
        "narrow": "no",
        "highway": "footway"
      }
    },
    {
      "type": "Feature",
      "geometry": {
        "type": "LineString",
        "coordinates": [
          [
            37.5870373,
            55.7323623
          ],
          [
            37.587344,
            55.73217530000001
          ]
        ]
      },
      "properties": {
        "osm_id": 360157751,
        "osm_type": "way",
        "narrow": "no",
        "highway": "footway"
      }
    },
    {
      "type": "Feature",
      "geometry": {
        "type": "LineString",
        "coordinates": [
          [
            37.587344,
            55.73217530000001
          ],
          [
            37.5878789,
            55.7323009
          ]
        ]
      },
      "properties": {
        "osm_id": 360157751,
        "osm_type": "way",
        "narrow": "no",
        "highway": "footway"
      }
    },
    {
      "type": "Feature",
      "geometry": {
        "type": "LineString",
        "coordinates": [
          [
            37.5882314,
            55.7329292
          ],
          [
            37.5881384,
            55.7329057
          ]
        ]
      },
      "properties": {
        "osm_id": 360157753,
        "osm_type": "way",
        "narrow": "yes",
        "highway": "footway",
        "lit": "yes",
        "surface": "asphalt",
        "stroke": "#ff8800"
      }
    },
    {
      "type": "Feature",
      "geometry": {
        "type": "LineString",
        "coordinates": [
          [
            37.5882497,
            55.7324754
          ],
          [
            37.5884186,
            55.7324799
          ]
        ]
      },
      "properties": {
        "osm_id": 360157754,
        "osm_type": "way",
        "narrow": "no",
        "highway": "footway",
        "lit": "yes",
        "surface": "asphalt"
      }
    },
    {
      "type": "Feature",
      "geometry": {
        "type": "LineString",
        "coordinates": [
          [
            37.5878929,
            55.7329591
          ],
          [
            37.588062,
            55.7329629
          ]
        ]
      },
      "properties": {
        "osm_id": 360157755,
        "osm_type": "way",
        "narrow": "no",
        "highway": "footway",
        "lit": "yes",
        "surface": "asphalt"
      }
    },
    {
      "type": "Feature",
      "geometry": {
        "type": "LineString",
        "coordinates": [
          [
            37.588059,
            55.7327196
          ],
          [
            37.588239,
            55.7327231
          ]
        ]
      },
      "properties": {
        "osm_id": 360157756,
        "osm_type": "way",
        "narrow": "no",
        "highway": "footway",
        "lit": "yes",
        "surface": "asphalt"
      }
    },
    {
      "type": "Feature",
      "geometry": {
        "type": "LineString",
        "coordinates": [
          [
            37.5872374,
            55.7324928
          ],
          [
            37.5872822,
            55.7324672
          ]
        ]
      },
      "properties": {
        "osm_id": 360157757,
        "osm_type": "way",
        "narrow": "no",
        "highway": "footway"
      }
    },
    {
      "type": "Feature",
      "geometry": {
        "type": "LineString",
        "coordinates": [
          [
            37.5872822,
            55.7324672
          ],
          [
            37.5873277,
            55.7324411
          ]
        ]
      },
      "properties": {
        "osm_id": 360157757,
        "osm_type": "way",
        "narrow": "no",
        "highway": "footway"
      }
    },
    {
      "type": "Feature",
      "geometry": {
        "type": "LineString",
        "coordinates": [
          [
            37.5870373,
            55.7323623
          ],
          [
            37.5868228,
            55.7323691
          ]
        ]
      },
      "properties": {
        "osm_id": 360157758,
        "osm_type": "way",
        "narrow": "no",
        "highway": "footway",
        "lit": "no",
        "surface": "paving_stones"
      }
    },
    {
      "type": "Feature",
      "geometry": {
        "type": "LineString",
        "coordinates": [
          [
            37.5868228,
            55.7323691
          ],
          [
            37.5865315,
            55.7325019
          ]
        ]
      },
      "properties": {
        "osm_id": 360157758,
        "osm_type": "way",
        "narrow": "no",
        "highway": "footway",
        "lit": "no",
        "surface": "paving_stones"
      }
    },
    {
      "type": "Feature",
      "geometry": {
        "type": "LineString",
        "coordinates": [
          [
            37.5886917,
            55.7326326
          ],
          [
            37.5885808,
            55.7326109
          ]
        ]
      },
      "properties": {
        "osm_id": 360157759,
        "osm_type": "way",
        "narrow": "yes",
        "highway": "path",
        "surface": "asphalt",
        "stroke": "#ff8800"
      }
    },
    {
      "type": "Feature",
      "geometry": {
        "type": "LineString",
        "coordinates": [
          [
            37.5876348,
            55.7325942
          ],
          [
            37.5872822,
            55.7324672
          ]
        ]
      },
      "properties": {
        "osm_id": 360157763,
        "osm_type": "way",
        "narrow": "yes",
        "highway": "footway",
        "stroke": "#ff8800"
      }
    },
    {
      "type": "Feature",
      "geometry": {
        "type": "LineString",
        "coordinates": [
          [
            37.5879337,
            55.7331367
          ],
          [
            37.588062,
            55.7329629
          ]
        ]
      },
      "properties": {
        "osm_id": 360157767,
        "osm_type": "way",
        "narrow": "no",
        "footway": "sidewalk",
        "highway": "footway",
        "lit": "yes",
        "surface": "asphalt"
      }
    },
    {
      "type": "Feature",
      "geometry": {
        "type": "LineString",
        "coordinates": [
          [
            37.588062,
            55.7329629
          ],
          [
            37.588239,
            55.7327231
          ]
        ]
      },
      "properties": {
        "osm_id": 360157767,
        "osm_type": "way",
        "narrow": "no",
        "footway": "sidewalk",
        "highway": "footway",
        "lit": "yes",
        "surface": "asphalt"
      }
    },
    {
      "type": "Feature",
      "geometry": {
        "type": "LineString",
        "coordinates": [
          [
            37.588239,
            55.7327231
          ],
          [
            37.5884186,
            55.7324799
          ]
        ]
      },
      "properties": {
        "osm_id": 360157767,
        "osm_type": "way",
        "narrow": "no",
        "footway": "sidewalk",
        "highway": "footway",
        "lit": "yes",
        "surface": "asphalt"
      }
    },
    {
      "type": "Feature",
      "geometry": {
        "type": "LineString",
        "coordinates": [
          [
            37.5884186,
            55.7324799
          ],
          [
            37.5886762,
            55.7323303
          ]
        ]
      },
      "properties": {
        "osm_id": 360157767,
        "osm_type": "way",
        "narrow": "no",
        "footway": "sidewalk",
        "highway": "footway",
        "lit": "yes",
        "surface": "asphalt"
      }
    },
    {
      "type": "Feature",
      "geometry": {
        "type": "LineString",
        "coordinates": [
          [
            37.5874142,
            55.7329867
          ],
          [
            37.5878789,
            55.7323009
          ]
        ]
      },
      "properties": {
        "osm_id": 360157768,
        "osm_type": "way",
        "narrow": "yes",
        "footway": "sidewalk",
        "highway": "footway",
        "stroke": "#ff8800"
      }
    },
    {
      "type": "Feature",
      "geometry": {
        "type": "LineString",
        "coordinates": [
          [
            37.5878789,
            55.7323009
          ],
          [
            37.5881038,
            55.7320557
          ]
        ]
      },
      "properties": {
        "osm_id": 360157768,
        "osm_type": "way",
        "narrow": "no",
        "footway": "sidewalk",
        "highway": "footway"
      }
    },
    {
      "type": "Feature",
      "geometry": {
        "type": "LineString",
        "coordinates": [
          [
            37.5923261,
            55.7327619
          ],
          [
            37.5918815,
            55.7325792
          ]
        ]
      },
      "properties": {
        "osm_id": 360175209,
        "osm_type": "way",
        "narrow": "no",
        "highway": "footway",
        "lit": "yes",
        "surface": "paving_stones"
      }
    },
    {
      "type": "Feature",
      "geometry": {
        "type": "LineString",
        "coordinates": [
          [
            37.5900658,
            55.7321269
          ],
          [
            37.5914801,
            55.7317431
          ]
        ]
      },
      "properties": {
        "osm_id": 360175217,
        "osm_type": "way",
        "narrow": "no",
        "highway": "footway",
        "lit": "yes",
        "surface": "asphalt"
      }
    },
    {
      "type": "Feature",
      "geometry": {
        "type": "LineString",
        "coordinates": [
          [
            37.5874035,
            55.7315894
          ],
          [
            37.5875534,
            55.7316647
          ]
        ]
      },
      "properties": {
        "osm_id": 361031306,
        "osm_type": "way",
        "narrow": "no",
        "footway": "crossing",
        "highway": "footway",
        "lit": "yes",
        "surface": "asphalt"
      }
    },
    {
      "type": "Feature",
      "geometry": {
        "type": "LineString",
        "coordinates": [
          [
            37.5874035,
            55.7315894
          ],
          [
            37.5885056,
            55.7306612
          ]
        ]
      },
      "properties": {
        "osm_id": 361031308,
        "osm_type": "way",
        "narrow": "yes",
        "footway": "sidewalk",
        "highway": "footway",
        "lit": "yes",
        "surface": "asphalt",
        "width": "3",
        "stroke": "#ff8800"
      }
    },
    {
      "type": "Feature",
      "geometry": {
        "type": "LineString",
        "coordinates": [
          [
            37.5890913,
            55.7323978
          ],
          [
            37.5901954,
            55.7318875
          ]
        ]
      },
      "properties": {
        "osm_id": 361031310,
        "osm_type": "way",
        "narrow": "no",
        "footway": "sidewalk",
        "highway": "footway",
        "lit": "yes",
        "surface": "asphalt"
      }
    },
    {
      "type": "Feature",
      "geometry": {
        "type": "LineString",
        "coordinates": [
          [
            37.5901954,
            55.7318875
          ],
          [
            37.5908734,
            55.7315435
          ]
        ]
      },
      "properties": {
        "osm_id": 361031310,
        "osm_type": "way",
        "narrow": "no",
        "footway": "sidewalk",
        "highway": "footway",
        "lit": "yes",
        "surface": "asphalt"
      }
    },
    {
      "type": "Feature",
      "geometry": {
        "type": "LineString",
        "coordinates": [
          [
            37.5890913,
            55.7323978
          ],
          [
            37.5890415,
            55.7324065
          ]
        ]
      },
      "properties": {
        "osm_id": 361031312,
        "osm_type": "way",
        "narrow": "no",
        "footway": "sidewalk",
        "highway": "footway",
        "lit": "yes",
        "surface": "asphalt"
      }
    },
    {
      "type": "Feature",
      "geometry": {
        "type": "LineString",
        "coordinates": [
          [
            37.5890415,
            55.7324065
          ],
          [
            37.5875534,
            55.7316647
          ]
        ]
      },
      "properties": {
        "osm_id": 361031312,
        "osm_type": "way",
        "narrow": "no",
        "footway": "sidewalk",
        "highway": "footway",
        "lit": "yes",
        "surface": "asphalt"
      }
    },
    {
      "type": "Feature",
      "geometry": {
        "type": "LineString",
        "coordinates": [
          [
            37.5875534,
            55.7316647
          ],
          [
            37.5887604,
            55.73077
          ]
        ]
      },
      "properties": {
        "osm_id": 361031312,
        "osm_type": "way",
        "narrow": "no",
        "footway": "sidewalk",
        "highway": "footway",
        "lit": "yes",
        "surface": "asphalt"
      }
    },
    {
      "type": "Feature",
      "geometry": {
        "type": "LineString",
        "coordinates": [
          [
            37.5939925,
            55.7352024
          ],
          [
            37.5938908,
            55.7352189
          ]
        ]
      },
      "properties": {
        "osm_id": 362897106,
        "osm_type": "way",
        "narrow": "no",
        "crossing": "traffic_signals",
        "footway": "crossing",
        "highway": "footway",
        "lit": "yes",
        "smoothness": "excellent",
        "surface": "asphalt"
      }
    },
    {
      "type": "Feature",
      "geometry": {
        "type": "LineString",
        "coordinates": [
          [
            37.5854689,
            55.738102
          ],
          [
            37.58594,
            55.73788069999999
          ]
        ]
      },
      "properties": {
        "osm_id": 363274957,
        "osm_type": "way",
        "narrow": "no",
        "footway": "sidewalk",
        "highway": "footway",
        "lit": "no",
        "surface": "asphalt"
      }
    },
    {
      "type": "Feature",
      "geometry": {
        "type": "LineString",
        "coordinates": [
          [
            37.58594,
            55.73788069999999
          ],
          [
            37.5848368,
            55.7372304
          ]
        ]
      },
      "properties": {
        "osm_id": 363274957,
        "osm_type": "way",
        "narrow": "no",
        "footway": "sidewalk",
        "highway": "footway",
        "lit": "no",
        "surface": "asphalt"
      }
    },
    {
      "type": "Feature",
      "geometry": {
        "type": "LineString",
        "coordinates": [
          [
            37.5848368,
            55.7372304
          ],
          [
            37.5842796,
            55.7375742
          ]
        ]
      },
      "properties": {
        "osm_id": 363274957,
        "osm_type": "way",
        "narrow": "no",
        "footway": "sidewalk",
        "highway": "footway",
        "lit": "no",
        "surface": "asphalt"
      }
    },
    {
      "type": "Feature",
      "geometry": {
        "type": "LineString",
        "coordinates": [
          [
            37.5896958,
            55.7317491
          ],
          [
            37.5898293,
            55.7317373
          ]
        ]
      },
      "properties": {
        "osm_id": 365987648,
        "osm_type": "way",
        "narrow": "no",
        "highway": "footway",
        "surface": "asphalt"
      }
    },
    {
      "type": "Feature",
      "geometry": {
        "type": "LineString",
        "coordinates": [
          [
            37.5898293,
            55.7317373
          ],
          [
            37.5901954,
            55.7318875
          ]
        ]
      },
      "properties": {
        "osm_id": 365987648,
        "osm_type": "way",
        "narrow": "no",
        "highway": "footway",
        "surface": "asphalt"
      }
    },
    {
      "type": "Feature",
      "geometry": {
        "type": "LineString",
        "coordinates": [
          [
            37.5898293,
            55.7317373
          ],
          [
            37.5900174,
            55.7315597
          ]
        ]
      },
      "properties": {
        "osm_id": 365987649,
        "osm_type": "way",
        "narrow": "no",
        "highway": "footway",
        "surface": "asphalt"
      }
    },
    {
      "type": "Feature",
      "geometry": {
        "type": "LineString",
        "coordinates": [
          [
            37.5900174,
            55.7315597
          ],
          [
            37.59008088840927,
            55.731563972122494
          ]
        ]
      },
      "properties": {
        "osm_id": 365987650,
        "osm_type": "way",
        "narrow": "no",
        "check_date:surface": "2024-07-02",
        "highway": "footway",
        "surface": "asphalt"
      }
    },
    {
      "type": "Feature",
      "geometry": {
        "type": "LineString",
        "coordinates": [
          [
            37.59008088840927,
            55.731563972122494
          ],
          [
            37.5902745,
            55.731577
          ]
        ]
      },
      "properties": {
        "osm_id": 365987650,
        "osm_type": "way",
        "narrow": "no",
        "check_date:surface": "2024-07-02",
        "highway": "footway",
        "surface": "asphalt"
      }
    },
    {
      "type": "Feature",
      "geometry": {
        "type": "LineString",
        "coordinates": [
          [
            37.5902745,
            55.731577
          ],
          [
            37.5904308,
            55.7314387
          ]
        ]
      },
      "properties": {
        "osm_id": 365987650,
        "osm_type": "way",
        "narrow": "yes",
        "check_date:surface": "2024-07-02",
        "highway": "footway",
        "surface": "asphalt",
        "stroke": "#ff8800"
      }
    },
    {
      "type": "Feature",
      "geometry": {
        "type": "LineString",
        "coordinates": [
          [
            37.5895939,
            55.7323189
          ],
          [
            37.5897718060921,
            55.73245906855367
          ]
        ]
      },
      "properties": {
        "osm_id": 365987661,
        "osm_type": "way",
        "narrow": "yes",
        "highway": "footway",
        "stroke": "#ff8800"
      }
    },
    {
      "type": "Feature",
      "geometry": {
        "type": "LineString",
        "coordinates": [
          [
            37.5897718060921,
            55.73245906855367
          ],
          [
            37.5898051,
            55.7324853
          ]
        ]
      },
      "properties": {
        "osm_id": 365987661,
        "osm_type": "way",
        "narrow": "no",
        "highway": "footway"
      }
    },
    {
      "type": "Feature",
      "geometry": {
        "type": "LineString",
        "coordinates": [
          [
            37.592992,
            55.7345255
          ],
          [
            37.5930182,
            55.7345671
          ]
        ]
      },
      "properties": {
        "osm_id": 366278540,
        "osm_type": "way",
        "narrow": "yes",
        "highway": "footway",
        "lit": "no",
        "surface": "paving_stones",
        "stroke": "#ff8800"
      }
    },
    {
      "type": "Feature",
      "geometry": {
        "type": "LineString",
        "coordinates": [
          [
            37.5908949,
            55.7336839
          ],
          [
            37.5907791,
            55.73371449999999
          ]
        ]
      },
      "properties": {
        "osm_id": 366278550,
        "osm_type": "way",
        "narrow": "no",
        "highway": "footway",
        "lit": "no",
        "surface": "asphalt"
      }
    },
    {
      "type": "Feature",
      "geometry": {
        "type": "LineString",
        "coordinates": [
          [
            37.5907791,
            55.73371449999999
          ],
          [
            37.5905719,
            55.7336032
          ]
        ]
      },
      "properties": {
        "osm_id": 366278550,
        "osm_type": "way",
        "narrow": "yes",
        "highway": "footway",
        "lit": "no",
        "surface": "asphalt",
        "stroke": "#ff8800"
      }
    },
    {
      "type": "Feature",
      "geometry": {
        "type": "LineString",
        "coordinates": [
          [
            37.5905719,
            55.7336032
          ],
          [
            37.5900218,
            55.7339595
          ]
        ]
      },
      "properties": {
        "osm_id": 366278551,
        "osm_type": "way",
        "narrow": "no",
        "highway": "footway",
        "lit": "yes",
        "smoothness": "excellent",
        "surface": "asphalt"
      }
    },
    {
      "type": "Feature",
      "geometry": {
        "type": "LineString",
        "coordinates": [
          [
            37.5905719,
            55.7336032
          ],
          [
            37.590750693901974,
            55.733486561818815
          ]
        ]
      },
      "properties": {
        "osm_id": 366278552,
        "osm_type": "way",
        "narrow": "no",
        "highway": "footway",
        "lit": "yes",
        "surface": "asphalt"
      }
    },
    {
      "type": "Feature",
      "geometry": {
        "type": "LineString",
        "coordinates": [
          [
            37.590750693901974,
            55.733486561818815
          ],
          [
            37.5908259,
            55.7334375
          ]
        ]
      },
      "properties": {
        "osm_id": 366278552,
        "osm_type": "way",
        "narrow": "no",
        "highway": "footway",
        "lit": "yes",
        "surface": "asphalt"
      }
    },
    {
      "type": "Feature",
      "geometry": {
        "type": "LineString",
        "coordinates": [
          [
            37.5908259,
            55.7334375
          ],
          [
            37.591472,
            55.7330203
          ]
        ]
      },
      "properties": {
        "osm_id": 366278552,
        "osm_type": "way",
        "narrow": "no",
        "highway": "footway",
        "lit": "yes",
        "surface": "asphalt"
      }
    },
    {
      "type": "Feature",
      "geometry": {
        "type": "LineString",
        "coordinates": [
          [
            37.591472,
            55.7330203
          ],
          [
            37.5917839,
            55.7328172
          ]
        ]
      },
      "properties": {
        "osm_id": 366278552,
        "osm_type": "way",
        "narrow": "no",
        "highway": "footway",
        "lit": "yes",
        "surface": "asphalt"
      }
    },
    {
      "type": "Feature",
      "geometry": {
        "type": "LineString",
        "coordinates": [
          [
            37.5908259,
            55.7334375
          ],
          [
            37.5906997,
            55.7333643
          ]
        ]
      },
      "properties": {
        "osm_id": 366278553,
        "osm_type": "way",
        "narrow": "no",
        "footway": "crossing",
        "highway": "footway",
        "lit": "yes",
        "surface": "asphalt"
      }
    },
    {
      "type": "Feature",
      "geometry": {
        "type": "LineString",
        "coordinates": [
          [
            37.5937449,
            55.7352294
          ],
          [
            37.5935577,
            55.7353149
          ]
        ]
      },
      "properties": {
        "osm_id": 366295810,
        "osm_type": "way",
        "narrow": "no",
        "highway": "footway",
        "lit": "yes",
        "smoothness": "excellent",
        "surface": "paving_stones"
      }
    },
    {
      "type": "Feature",
      "geometry": {
        "type": "LineString",
        "coordinates": [
          [
            37.5935577,
            55.7353149
          ],
          [
            37.5933686,
            55.7353876
          ]
        ]
      },
      "properties": {
        "osm_id": 366295810,
        "osm_type": "way",
        "narrow": "no",
        "highway": "footway",
        "lit": "yes",
        "smoothness": "excellent",
        "surface": "paving_stones"
      }
    },
    {
      "type": "Feature",
      "geometry": {
        "type": "LineString",
        "coordinates": [
          [
            37.5835749,
            55.7362642
          ],
          [
            37.5835987,
            55.7362883
          ]
        ]
      },
      "properties": {
        "osm_id": 369122221,
        "osm_type": "way",
        "narrow": "no",
        "footway": "sidewalk",
        "highway": "footway",
        "lit": "yes",
        "surface": "paving_stones"
      }
    },
    {
      "type": "Feature",
      "geometry": {
        "type": "LineString",
        "coordinates": [
          [
            37.5835987,
            55.7362883
          ],
          [
            37.584908340574366,
            55.73692838075779
          ]
        ]
      },
      "properties": {
        "osm_id": 369122221,
        "osm_type": "way",
        "narrow": "no",
        "footway": "sidewalk",
        "highway": "footway",
        "lit": "yes",
        "surface": "paving_stones"
      }
    },
    {
      "type": "Feature",
      "geometry": {
        "type": "LineString",
        "coordinates": [
          [
            37.584908340574366,
            55.73692838075779
          ],
          [
            37.5849847,
            55.7369657
          ]
        ]
      },
      "properties": {
        "osm_id": 369122221,
        "osm_type": "way",
        "narrow": "no",
        "footway": "sidewalk",
        "highway": "footway",
        "lit": "yes",
        "surface": "paving_stones"
      }
    },
    {
      "type": "Feature",
      "geometry": {
        "type": "LineString",
        "coordinates": [
          [
            37.5849847,
            55.7369657
          ],
          [
            37.58658,
            55.7359841
          ]
        ]
      },
      "properties": {
        "osm_id": 369122221,
        "osm_type": "way",
        "narrow": "no",
        "footway": "sidewalk",
        "highway": "footway",
        "lit": "yes",
        "surface": "paving_stones"
      }
    },
    {
      "type": "Feature",
      "geometry": {
        "type": "LineString",
        "coordinates": [
          [
            37.58658,
            55.7359841
          ],
          [
            37.5866718,
            55.7359261
          ]
        ]
      },
      "properties": {
        "osm_id": 369122221,
        "osm_type": "way",
        "narrow": "no",
        "footway": "sidewalk",
        "highway": "footway",
        "lit": "yes",
        "surface": "paving_stones"
      }
    },
    {
      "type": "Feature",
      "geometry": {
        "type": "LineString",
        "coordinates": [
          [
            37.5888957,
            55.7326573
          ],
          [
            37.5883541,
            55.7329952
          ]
        ]
      },
      "properties": {
        "osm_id": 369122222,
        "osm_type": "way",
        "narrow": "no",
        "footway": "sidewalk",
        "highway": "footway",
        "lit": "yes",
        "surface": "paving_stones"
      }
    },
    {
      "type": "Feature",
      "geometry": {
        "type": "LineString",
        "coordinates": [
          [
            37.5883541,
            55.7329952
          ],
          [
            37.5877753,
            55.7333628
          ]
        ]
      },
      "properties": {
        "osm_id": 369122222,
        "osm_type": "way",
        "narrow": "no",
        "footway": "sidewalk",
        "highway": "footway",
        "lit": "yes",
        "surface": "paving_stones"
      }
    },
    {
      "type": "Feature",
      "geometry": {
        "type": "LineString",
        "coordinates": [
          [
            37.5877753,
            55.7333628
          ],
          [
            37.5877459,
            55.7333831
          ]
        ]
      },
      "properties": {
        "osm_id": 369122222,
        "osm_type": "way",
        "narrow": "no",
        "footway": "sidewalk",
        "highway": "footway",
        "lit": "yes",
        "surface": "paving_stones"
      }
    },
    {
      "type": "Feature",
      "geometry": {
        "type": "LineString",
        "coordinates": [
          [
            37.5877459,
            55.7333831
          ],
          [
            37.58748967418956,
            55.73356009150303
          ]
        ]
      },
      "properties": {
        "osm_id": 369122222,
        "osm_type": "way",
        "narrow": "no",
        "footway": "sidewalk",
        "highway": "footway",
        "lit": "yes",
        "surface": "paving_stones"
      }
    },
    {
      "type": "Feature",
      "geometry": {
        "type": "LineString",
        "coordinates": [
          [
            37.58748967418956,
            55.73356009150303
          ],
          [
            37.5868159,
            55.7340255
          ]
        ]
      },
      "properties": {
        "osm_id": 369122222,
        "osm_type": "way",
        "narrow": "no",
        "footway": "sidewalk",
        "highway": "footway",
        "lit": "yes",
        "surface": "paving_stones"
      }
    },
    {
      "type": "Feature",
      "geometry": {
        "type": "LineString",
        "coordinates": [
          [
            37.5868159,
            55.7340255
          ],
          [
            37.5857374649824,
            55.73477217401843
          ]
        ]
      },
      "properties": {
        "osm_id": 369122222,
        "osm_type": "way",
        "narrow": "no",
        "footway": "sidewalk",
        "highway": "footway",
        "lit": "yes",
        "surface": "paving_stones"
      }
    },
    {
      "type": "Feature",
      "geometry": {
        "type": "LineString",
        "coordinates": [
          [
            37.5857374649824,
            55.73477217401843
          ],
          [
            37.5856382,
            55.7348409
          ]
        ]
      },
      "properties": {
        "osm_id": 369122222,
        "osm_type": "way",
        "narrow": "no",
        "footway": "sidewalk",
        "highway": "footway",
        "lit": "yes",
        "surface": "paving_stones"
      }
    },
    {
      "type": "Feature",
      "geometry": {
        "type": "LineString",
        "coordinates": [
          [
            37.5856382,
            55.7348409
          ],
          [
            37.5850159,
            55.7352688
          ]
        ]
      },
      "properties": {
        "osm_id": 369122222,
        "osm_type": "way",
        "narrow": "no",
        "footway": "sidewalk",
        "highway": "footway",
        "lit": "yes",
        "surface": "paving_stones"
      }
    },
    {
      "type": "Feature",
      "geometry": {
        "type": "LineString",
        "coordinates": [
          [
            37.5850159,
            55.7352688
          ],
          [
            37.5845238,
            55.7356087
          ]
        ]
      },
      "properties": {
        "osm_id": 369122222,
        "osm_type": "way",
        "narrow": "no",
        "footway": "sidewalk",
        "highway": "footway",
        "lit": "yes",
        "surface": "paving_stones"
      }
    },
    {
      "type": "Feature",
      "geometry": {
        "type": "LineString",
        "coordinates": [
          [
            37.5845238,
            55.7356087
          ],
          [
            37.5839827,
            55.7359825
          ]
        ]
      },
      "properties": {
        "osm_id": 369122223,
        "osm_type": "way",
        "narrow": "yes",
        "footway": "sidewalk",
        "highway": "footway",
        "lit": "yes",
        "surface": "asphalt",
        "stroke": "#ff8800"
      }
    },
    {
      "type": "Feature",
      "geometry": {
        "type": "LineString",
        "coordinates": [
          [
            37.5839827,
            55.7359825
          ],
          [
            37.5837538,
            55.7361407
          ]
        ]
      },
      "properties": {
        "osm_id": 369122223,
        "osm_type": "way",
        "narrow": "no",
        "footway": "sidewalk",
        "highway": "footway",
        "lit": "yes",
        "surface": "asphalt"
      }
    },
    {
      "type": "Feature",
      "geometry": {
        "type": "LineString",
        "coordinates": [
          [
            37.5837538,
            55.7361407
          ],
          [
            37.5836363,
            55.7362221
          ]
        ]
      },
      "properties": {
        "osm_id": 369122223,
        "osm_type": "way",
        "narrow": "no",
        "footway": "sidewalk",
        "highway": "footway",
        "lit": "yes",
        "surface": "asphalt"
      }
    },
    {
      "type": "Feature",
      "geometry": {
        "type": "LineString",
        "coordinates": [
          [
            37.5836363,
            55.7362221
          ],
          [
            37.5835749,
            55.7362642
          ]
        ]
      },
      "properties": {
        "osm_id": 369122223,
        "osm_type": "way",
        "narrow": "no",
        "footway": "sidewalk",
        "highway": "footway",
        "lit": "yes",
        "surface": "asphalt"
      }
    },
    {
      "type": "Feature",
      "geometry": {
        "type": "LineString",
        "coordinates": [
          [
            37.5843739,
            55.736793
          ],
          [
            37.5848655,
            55.7370372
          ]
        ]
      },
      "properties": {
        "osm_id": 371218482,
        "osm_type": "way",
        "narrow": "yes",
        "footway": "sidewalk",
        "highway": "footway",
        "lit": "no",
        "surface": "paving_stones",
        "stroke": "#ff8800"
      }
    },
    {
      "type": "Feature",
      "geometry": {
        "type": "LineString",
        "coordinates": [
          [
            37.5912776,
            55.7329435
          ],
          [
            37.591472,
            55.7330203
          ]
        ]
      },
      "properties": {
        "osm_id": 371218483,
        "osm_type": "way",
        "narrow": "no",
        "footway": "crossing",
        "highway": "footway",
        "lit": "yes",
        "surface": "asphalt"
      }
    },
    {
      "type": "Feature",
      "geometry": {
        "type": "LineString",
        "coordinates": [
          [
            37.5848655,
            55.7370372
          ],
          [
            37.5841128,
            55.7375017
          ]
        ]
      },
      "properties": {
        "osm_id": 371218486,
        "osm_type": "way",
        "narrow": "no",
        "footway": "sidewalk",
        "highway": "footway",
        "lit": "yes",
        "surface": "asphalt"
      }
    },
    {
      "type": "Feature",
      "geometry": {
        "type": "LineString",
        "coordinates": [
          [
            37.5885092,
            55.7349092
          ],
          [
            37.588519,
            55.7349958
          ]
        ]
      },
      "properties": {
        "osm_id": 371218487,
        "osm_type": "way",
        "narrow": "yes",
        "highway": "footway",
        "lit": "yes",
        "surface": "asphalt",
        "stroke": "#ff8800"
      }
    },
    {
      "type": "Feature",
      "geometry": {
        "type": "LineString",
        "coordinates": [
          [
            37.5898859,
            55.7340447
          ],
          [
            37.5904228,
            55.73426919999999
          ]
        ]
      },
      "properties": {
        "osm_id": 371363525,
        "osm_type": "way",
        "narrow": "no",
        "highway": "footway",
        "lit": "yes",
        "surface": "paving_stones"
      }
    },
    {
      "type": "Feature",
      "geometry": {
        "type": "LineString",
        "coordinates": [
          [
            37.5904228,
            55.73426919999999
          ],
          [
            37.5910239,
            55.7340839
          ]
        ]
      },
      "properties": {
        "osm_id": 371363525,
        "osm_type": "way",
        "narrow": "no",
        "highway": "footway",
        "lit": "yes",
        "surface": "paving_stones"
      }
    },
    {
      "type": "Feature",
      "geometry": {
        "type": "LineString",
        "coordinates": [
          [
            37.5913952,
            55.7338174
          ],
          [
            37.5916089792044,
            55.73373509665431
          ]
        ]
      },
      "properties": {
        "osm_id": 371363527,
        "osm_type": "way",
        "narrow": "no",
        "highway": "footway",
        "lit": "yes",
        "surface": "asphalt"
      }
    },
    {
      "type": "Feature",
      "geometry": {
        "type": "LineString",
        "coordinates": [
          [
            37.5916089792044,
            55.73373509665431
          ],
          [
            37.59200109873254,
            55.73358413177947
          ]
        ]
      },
      "properties": {
        "osm_id": 371363527,
        "osm_type": "way",
        "narrow": "no",
        "highway": "footway",
        "lit": "yes",
        "surface": "asphalt"
      }
    },
    {
      "type": "Feature",
      "geometry": {
        "type": "LineString",
        "coordinates": [
          [
            37.59200109873254,
            55.73358413177947
          ],
          [
            37.5921817,
            55.7335146
          ]
        ]
      },
      "properties": {
        "osm_id": 371363527,
        "osm_type": "way",
        "narrow": "no",
        "highway": "footway",
        "lit": "yes",
        "surface": "asphalt"
      }
    },
    {
      "type": "Feature",
      "geometry": {
        "type": "LineString",
        "coordinates": [
          [
            37.5921817,
            55.7335146
          ],
          [
            37.591909379761574,
            55.732928347830196
          ]
        ]
      },
      "properties": {
        "osm_id": 371363527,
        "osm_type": "way",
        "narrow": "no",
        "highway": "footway",
        "lit": "yes",
        "surface": "asphalt"
      }
    },
    {
      "type": "Feature",
      "geometry": {
        "type": "LineString",
        "coordinates": [
          [
            37.591909379761574,
            55.732928347830196
          ],
          [
            37.5918702,
            55.732844
          ]
        ]
      },
      "properties": {
        "osm_id": 371363527,
        "osm_type": "way",
        "narrow": "no",
        "highway": "footway",
        "lit": "yes",
        "surface": "asphalt"
      }
    },
    {
      "type": "Feature",
      "geometry": {
        "type": "LineString",
        "coordinates": [
          [
            37.5918702,
            55.732844
          ],
          [
            37.5917839,
            55.7328172
          ]
        ]
      },
      "properties": {
        "osm_id": 371363527,
        "osm_type": "way",
        "narrow": "no",
        "highway": "footway",
        "lit": "yes",
        "surface": "asphalt"
      }
    },
    {
      "type": "Feature",
      "geometry": {
        "type": "LineString",
        "coordinates": [
          [
            37.5923754,
            55.7335754
          ],
          [
            37.5921817,
            55.7335146
          ]
        ]
      },
      "properties": {
        "osm_id": 371363532,
        "osm_type": "way",
        "narrow": "no",
        "footway": "crossing",
        "highway": "footway",
        "lit": "no",
        "surface": "asphalt"
      }
    },
    {
      "type": "Feature",
      "geometry": {
        "type": "LineString",
        "coordinates": [
          [
            37.5919933,
            55.7337058
          ],
          [
            37.5922237,
            55.7338496
          ]
        ]
      },
      "properties": {
        "osm_id": 371363534,
        "osm_type": "way",
        "narrow": "no",
        "highway": "footway",
        "lit": "yes",
        "smoothness": "good",
        "surface": "asphalt"
      }
    },
    {
      "type": "Feature",
      "geometry": {
        "type": "LineString",
        "coordinates": [
          [
            37.5922237,
            55.7338496
          ],
          [
            37.5923866,
            55.7338876
          ]
        ]
      },
      "properties": {
        "osm_id": 371363534,
        "osm_type": "way",
        "narrow": "no",
        "highway": "footway",
        "lit": "yes",
        "smoothness": "good",
        "surface": "asphalt"
      }
    },
    {
      "type": "Feature",
      "geometry": {
        "type": "LineString",
        "coordinates": [
          [
            37.5912633,
            55.7338715
          ],
          [
            37.5913614,
            55.7339523
          ]
        ]
      },
      "properties": {
        "osm_id": 371363535,
        "osm_type": "way",
        "narrow": "no",
        "footway": "crossing",
        "highway": "footway",
        "lit": "yes",
        "smoothness": "good",
        "surface": "asphalt"
      }
    },
    {
      "type": "Feature",
      "geometry": {
        "type": "LineString",
        "coordinates": [
          [
            37.5918702,
            55.732844
          ],
          [
            37.5923261,
            55.7327619
          ]
        ]
      },
      "properties": {
        "osm_id": 371363537,
        "osm_type": "way",
        "narrow": "no",
        "highway": "footway",
        "lit": "yes",
        "surface": "asphalt"
      }
    },
    {
      "type": "Feature",
      "geometry": {
        "type": "LineString",
        "coordinates": [
          [
            37.5900218,
            55.7339595
          ],
          [
            37.5898859,
            55.7340447
          ]
        ]
      },
      "properties": {
        "osm_id": 371363539,
        "osm_type": "way",
        "narrow": "no",
        "footway": "crossing",
        "highway": "footway",
        "lit": "yes",
        "surface": "asphalt"
      }
    },
    {
      "type": "Feature",
      "geometry": {
        "type": "LineString",
        "coordinates": [
          [
            37.5900218,
            55.7339595
          ],
          [
            37.5904839,
            55.7341822
          ]
        ]
      },
      "properties": {
        "osm_id": 371363542,
        "osm_type": "way",
        "narrow": "yes",
        "highway": "footway",
        "lit": "yes",
        "smoothness": "good",
        "surface": "asphalt",
        "stroke": "#ff8800"
      }
    },
    {
      "type": "Feature",
      "geometry": {
        "type": "LineString",
        "coordinates": [
          [
            37.5898859,
            55.7340447
          ],
          [
            37.58898994674315,
            55.734607320802006
          ]
        ]
      },
      "properties": {
        "osm_id": 371363544,
        "osm_type": "way",
        "narrow": "no",
        "highway": "footway",
        "lit": "yes",
        "surface": "asphalt"
      }
    },
    {
      "type": "Feature",
      "geometry": {
        "type": "LineString",
        "coordinates": [
          [
            37.58898994674315,
            55.734607320802006
          ],
          [
            37.58869181709232,
            55.734794528546864
          ]
        ]
      },
      "properties": {
        "osm_id": 371363544,
        "osm_type": "way",
        "narrow": "no",
        "highway": "footway",
        "lit": "yes",
        "surface": "asphalt"
      }
    },
    {
      "type": "Feature",
      "geometry": {
        "type": "LineString",
        "coordinates": [
          [
            37.58869181709232,
            55.734794528546864
          ],
          [
            37.5885092,
            55.7349092
          ]
        ]
      },
      "properties": {
        "osm_id": 371363544,
        "osm_type": "way",
        "narrow": "no",
        "highway": "footway",
        "lit": "yes",
        "surface": "asphalt"
      }
    },
    {
      "type": "Feature",
      "geometry": {
        "type": "LineString",
        "coordinates": [
          [
            37.5885092,
            55.7349092
          ],
          [
            37.5878579,
            55.7353243
          ]
        ]
      },
      "properties": {
        "osm_id": 371363544,
        "osm_type": "way",
        "narrow": "no",
        "highway": "footway",
        "lit": "yes",
        "surface": "asphalt"
      }
    },
    {
      "type": "Feature",
      "geometry": {
        "type": "LineString",
        "coordinates": [
          [
            37.5878579,
            55.7353243
          ],
          [
            37.5878763,
            55.7353829
          ]
        ]
      },
      "properties": {
        "osm_id": 371363544,
        "osm_type": "way",
        "narrow": "no",
        "highway": "footway",
        "lit": "yes",
        "surface": "asphalt"
      }
    },
    {
      "type": "Feature",
      "geometry": {
        "type": "LineString",
        "coordinates": [
          [
            37.5878763,
            55.7353829
          ],
          [
            37.5879419272451,
            55.735435753267
          ]
        ]
      },
      "properties": {
        "osm_id": 371363544,
        "osm_type": "way",
        "narrow": "no",
        "highway": "footway",
        "lit": "yes",
        "surface": "asphalt"
      }
    },
    {
      "type": "Feature",
      "geometry": {
        "type": "LineString",
        "coordinates": [
          [
            37.5879419272451,
            55.735435753267
          ],
          [
            37.5881940307925,
            55.735638784616434
          ]
        ]
      },
      "properties": {
        "osm_id": 371363544,
        "osm_type": "way",
        "narrow": "no",
        "highway": "footway",
        "lit": "yes",
        "surface": "asphalt"
      }
    },
    {
      "type": "Feature",
      "geometry": {
        "type": "LineString",
        "coordinates": [
          [
            37.5881940307925,
            55.735638784616434
          ],
          [
            37.58878626536579,
            55.736115729890244
          ]
        ]
      },
      "properties": {
        "osm_id": 371363544,
        "osm_type": "way",
        "narrow": "no",
        "highway": "footway",
        "lit": "yes",
        "surface": "asphalt"
      }
    },
    {
      "type": "Feature",
      "geometry": {
        "type": "LineString",
        "coordinates": [
          [
            37.58878626536579,
            55.736115729890244
          ],
          [
            37.589083444053635,
            55.73635505187864
          ]
        ]
      },
      "properties": {
        "osm_id": 371363544,
        "osm_type": "way",
        "narrow": "no",
        "highway": "footway",
        "lit": "yes",
        "surface": "asphalt"
      }
    },
    {
      "type": "Feature",
      "geometry": {
        "type": "LineString",
        "coordinates": [
          [
            37.589083444053635,
            55.73635505187864
          ],
          [
            37.5895976,
            55.7367691
          ]
        ]
      },
      "properties": {
        "osm_id": 371363544,
        "osm_type": "way",
        "narrow": "no",
        "highway": "footway",
        "lit": "yes",
        "surface": "asphalt"
      }
    },
    {
      "type": "Feature",
      "geometry": {
        "type": "LineString",
        "coordinates": [
          [
            37.5894524,
            55.7368141
          ],
          [
            37.5891752,
            55.7365798
          ]
        ]
      },
      "properties": {
        "osm_id": 371924499,
        "osm_type": "way",
        "narrow": "no",
        "footway": "sidewalk",
        "highway": "footway",
        "lit": "yes",
        "surface": "paving_stones"
      }
    },
    {
      "type": "Feature",
      "geometry": {
        "type": "LineString",
        "coordinates": [
          [
            37.5872741,
            55.7375678
          ],
          [
            37.5870809,
            55.7374387
          ]
        ]
      },
      "properties": {
        "osm_id": 372347975,
        "osm_type": "way",
        "narrow": "yes",
        "highway": "footway",
        "surface": "asphalt",
        "tunnel": "building_passage",
        "stroke": "#ff8800"
      }
    },
    {
      "type": "Feature",
      "geometry": {
        "type": "LineString",
        "coordinates": [
          [
            37.5870809,
            55.7374387
          ],
          [
            37.587037,
            55.7374091
          ]
        ]
      },
      "properties": {
        "osm_id": 372347978,
        "osm_type": "way",
        "narrow": "no",
        "highway": "footway",
        "surface": "asphalt"
      }
    },
    {
      "type": "Feature",
      "geometry": {
        "type": "LineString",
        "coordinates": [
          [
            37.584508,
            55.7316085
          ],
          [
            37.5844894,
            55.7316198
          ]
        ]
      },
      "properties": {
        "osm_id": 372347985,
        "osm_type": "way",
        "narrow": "no",
        "highway": "footway",
        "lit": "yes",
        "surface": "asphalt"
      }
    },
    {
      "type": "Feature",
      "geometry": {
        "type": "LineString",
        "coordinates": [
          [
            37.5844894,
            55.7316198
          ],
          [
            37.5843707,
            55.7318326
          ]
        ]
      },
      "properties": {
        "osm_id": 372347985,
        "osm_type": "way",
        "narrow": "no",
        "highway": "footway",
        "lit": "yes",
        "surface": "asphalt"
      }
    },
    {
      "type": "Feature",
      "geometry": {
        "type": "LineString",
        "coordinates": [
          [
            37.585991,
            55.7322721
          ],
          [
            37.5859819,
            55.7319762
          ]
        ]
      },
      "properties": {
        "osm_id": 372347987,
        "osm_type": "way",
        "narrow": "yes",
        "highway": "footway",
        "lit": "no",
        "surface": "asphalt",
        "stroke": "#ff8800"
      }
    },
    {
      "type": "Feature",
      "geometry": {
        "type": "LineString",
        "coordinates": [
          [
            37.5872882,
            55.7375775
          ],
          [
            37.587213,
            55.7375963
          ]
        ]
      },
      "properties": {
        "osm_id": 374073167,
        "osm_type": "way",
        "narrow": "no",
        "highway": "footway",
        "surface": "asphalt"
      }
    },
    {
      "type": "Feature",
      "geometry": {
        "type": "LineString",
        "coordinates": [
          [
            37.5876547,
            55.7338566
          ],
          [
            37.5876492,
            55.7340358
          ]
        ]
      },
      "properties": {
        "osm_id": 377598043,
        "osm_type": "way",
        "narrow": "no",
        "highway": "footway",
        "lit": "yes",
        "surface": "paving_stones"
      }
    },
    {
      "type": "Feature",
      "geometry": {
        "type": "LineString",
        "coordinates": [
          [
            37.5876492,
            55.7340358
          ],
          [
            37.5876394,
            55.7343491
          ]
        ]
      },
      "properties": {
        "osm_id": 377598043,
        "osm_type": "way",
        "narrow": "yes",
        "highway": "footway",
        "lit": "yes",
        "surface": "paving_stones",
        "stroke": "#ff8800"
      }
    },
    {
      "type": "Feature",
      "geometry": {
        "type": "LineString",
        "coordinates": [
          [
            37.5873874,
            55.7340279
          ],
          [
            37.5876492,
            55.7340358
          ]
        ]
      },
      "properties": {
        "osm_id": 377598044,
        "osm_type": "way",
        "narrow": "no",
        "highway": "footway",
        "lit": "yes",
        "surface": "paving_stones"
      }
    },
    {
      "type": "Feature",
      "geometry": {
        "type": "LineString",
        "coordinates": [
          [
            37.5876492,
            55.7340358
          ],
          [
            37.5881026,
            55.7340496
          ]
        ]
      },
      "properties": {
        "osm_id": 377598044,
        "osm_type": "way",
        "narrow": "no",
        "highway": "footway",
        "lit": "yes",
        "surface": "paving_stones"
      }
    },
    {
      "type": "Feature",
      "geometry": {
        "type": "LineString",
        "coordinates": [
          [
            37.5819292,
            55.7370716
          ],
          [
            37.5819815,
            55.737083
          ]
        ]
      },
      "properties": {
        "osm_id": 377606105,
        "osm_type": "way",
        "narrow": "no",
        "footway": "sidewalk",
        "highway": "footway",
        "lit": "yes",
        "surface": "asphalt"
      }
    },
    {
      "type": "Feature",
      "geometry": {
        "type": "LineString",
        "coordinates": [
          [
            37.5819816,
            55.7369966
          ],
          [
            37.5820352,
            55.7370083
          ]
        ]
      },
      "properties": {
        "osm_id": 377606106,
        "osm_type": "way",
        "narrow": "no",
        "footway": "sidewalk",
        "highway": "footway",
        "lit": "yes",
        "surface": "asphalt"
      }
    },
    {
      "type": "Feature",
      "geometry": {
        "type": "LineString",
        "coordinates": [
          [
            37.5816873,
            55.7367657
          ],
          [
            37.5816141,
            55.7368748
          ]
        ]
      },
      "properties": {
        "osm_id": 377606108,
        "osm_type": "way",
        "narrow": "no",
        "highway": "footway",
        "lit": "yes",
        "surface": "paving_stones"
      }
    },
    {
      "type": "Feature",
      "geometry": {
        "type": "LineString",
        "coordinates": [
          [
            37.5816446,
            55.7369248
          ],
          [
            37.5819472,
            55.7369892
          ]
        ]
      },
      "properties": {
        "osm_id": 377606110,
        "osm_type": "way",
        "narrow": "no",
        "highway": "footway",
        "lit": "yes",
        "surface": "paving_stones"
      }
    },
    {
      "type": "Feature",
      "geometry": {
        "type": "LineString",
        "coordinates": [
          [
            37.5856646,
            55.7348531
          ],
          [
            37.5856382,
            55.7348409
          ]
        ]
      },
      "properties": {
        "osm_id": 377606111,
        "osm_type": "way",
        "narrow": "yes",
        "highway": "footway",
        "lit": "yes",
        "surface": "paving_stones",
        "stroke": "#ff8800"
      }
    },
    {
      "type": "Feature",
      "geometry": {
        "type": "LineString",
        "coordinates": [
          [
            37.5815939,
            55.7370001
          ],
          [
            37.5818965,
            55.7370646
          ]
        ]
      },
      "properties": {
        "osm_id": 377606112,
        "osm_type": "way",
        "narrow": "no",
        "highway": "footway",
        "lit": "yes",
        "surface": "paving_stones"
      }
    },
    {
      "type": "Feature",
      "geometry": {
        "type": "LineString",
        "coordinates": [
          [
            37.5817082,
            55.7367515
          ],
          [
            37.5817536,
            55.7367199
          ]
        ]
      },
      "properties": {
        "osm_id": 377606113,
        "osm_type": "way",
        "narrow": "no",
        "footway": "sidewalk",
        "highway": "footway",
        "incline": "down",
        "lit": "yes",
        "surface": "asphalt"
      }
    },
    {
      "type": "Feature",
      "geometry": {
        "type": "LineString",
        "coordinates": [
          [
            37.5889303,
            55.7324716
          ],
          [
            37.5890415,
            55.7324065
          ]
        ]
      },
      "properties": {
        "osm_id": 377606115,
        "osm_type": "way",
        "narrow": "yes",
        "footway": "crossing",
        "highway": "footway",
        "lit": "yes",
        "surface": "asphalt",
        "stroke": "#ff8800"
      }
    },
    {
      "type": "Feature",
      "geometry": {
        "type": "LineString",
        "coordinates": [
          [
            37.5856646,
            55.7348531
          ],
          [
            37.5858491,
            55.7350107
          ]
        ]
      },
      "properties": {
        "osm_id": 377606116,
        "osm_type": "way",
        "narrow": "no",
        "highway": "footway",
        "indoor": "yes"
      }
    },
    {
      "type": "Feature",
      "geometry": {
        "type": "LineString",
        "coordinates": [
          [
            37.5871496,
            55.7346725
          ],
          [
            37.5870103,
            55.73460469999999
          ]
        ]
      },
      "properties": {
        "osm_id": 377606117,
        "osm_type": "way",
        "narrow": "no",
        "highway": "footway",
        "lit": "yes",
        "surface": "paving_stones"
      }
    },
    {
      "type": "Feature",
      "geometry": {
        "type": "LineString",
        "coordinates": [
          [
            37.5870103,
            55.73460469999999
          ],
          [
            37.5865333,
            55.7349378
          ]
        ]
      },
      "properties": {
        "osm_id": 377606117,
        "osm_type": "way",
        "narrow": "no",
        "highway": "footway",
        "lit": "yes",
        "surface": "paving_stones"
      }
    },
    {
      "type": "Feature",
      "geometry": {
        "type": "LineString",
        "coordinates": [
          [
            37.5865333,
            55.7349378
          ],
          [
            37.5862065,
            55.7351661
          ]
        ]
      },
      "properties": {
        "osm_id": 377606117,
        "osm_type": "way",
        "narrow": "no",
        "highway": "footway",
        "lit": "yes",
        "surface": "paving_stones"
      }
    },
    {
      "type": "Feature",
      "geometry": {
        "type": "LineString",
        "coordinates": [
          [
            37.5845136,
            55.7379792
          ],
          [
            37.5844641,
            55.7380776
          ]
        ]
      },
      "properties": {
        "osm_id": 387559954,
        "osm_type": "way",
        "narrow": "no",
        "highway": "footway",
        "lit": "yes",
        "smoothness": "intermediate",
        "surface": "asphalt"
      }
    },
    {
      "type": "Feature",
      "geometry": {
        "type": "LineString",
        "coordinates": [
          [
            37.5841571,
            55.7386825
          ],
          [
            37.5849262,
            55.7387032
          ]
        ]
      },
      "properties": {
        "osm_id": 387559963,
        "osm_type": "way",
        "narrow": "yes",
        "footway": "sidewalk",
        "highway": "footway",
        "lit": "yes",
        "surface": "paving_stones",
        "stroke": "#ff8800"
      }
    },
    {
      "type": "Feature",
      "geometry": {
        "type": "LineString",
        "coordinates": [
          [
            37.5849262,
            55.7387032
          ],
          [
            37.5853676,
            55.7387461
          ]
        ]
      },
      "properties": {
        "osm_id": 387559963,
        "osm_type": "way",
        "narrow": "no",
        "footway": "sidewalk",
        "highway": "footway",
        "lit": "yes",
        "surface": "paving_stones"
      }
    },
    {
      "type": "Feature",
      "geometry": {
        "type": "LineString",
        "coordinates": [
          [
            37.5853676,
            55.7387461
          ],
          [
            37.5855426,
            55.7387898
          ]
        ]
      },
      "properties": {
        "osm_id": 387559963,
        "osm_type": "way",
        "narrow": "no",
        "footway": "sidewalk",
        "highway": "footway",
        "lit": "yes",
        "surface": "paving_stones"
      }
    },
    {
      "type": "Feature",
      "geometry": {
        "type": "LineString",
        "coordinates": [
          [
            37.5836313,
            55.7375802
          ],
          [
            37.5835788,
            55.73767109999999
          ]
        ]
      },
      "properties": {
        "osm_id": 387559968,
        "osm_type": "way",
        "narrow": "no",
        "highway": "footway",
        "lit": "yes",
        "smoothness": "good",
        "surface": "paving_stones"
      }
    },
    {
      "type": "Feature",
      "geometry": {
        "type": "LineString",
        "coordinates": [
          [
            37.5835788,
            55.73767109999999
          ],
          [
            37.5844641,
            55.7380776
          ]
        ]
      },
      "properties": {
        "osm_id": 387559968,
        "osm_type": "way",
        "narrow": "no",
        "highway": "footway",
        "lit": "yes",
        "smoothness": "good",
        "surface": "paving_stones"
      }
    },
    {
      "type": "Feature",
      "geometry": {
        "type": "LineString",
        "coordinates": [
          [
            37.5850718,
            55.7382317
          ],
          [
            37.5849262,
            55.7387032
          ]
        ]
      },
      "properties": {
        "osm_id": 387559972,
        "osm_type": "way",
        "narrow": "no",
        "highway": "footway",
        "lit": "yes",
        "smoothness": "excellent",
        "surface": "paving_stones"
      }
    },
    {
      "type": "Feature",
      "geometry": {
        "type": "LineString",
        "coordinates": [
          [
            37.5846121,
            55.7380233
          ],
          [
            37.5850718,
            55.7382317
          ]
        ]
      },
      "properties": {
        "osm_id": 387559977,
        "osm_type": "way",
        "narrow": "no",
        "footway": "sidewalk",
        "highway": "footway",
        "lit": "yes",
        "smoothness": "excellent",
        "surface": "paving_stones"
      }
    },
    {
      "type": "Feature",
      "geometry": {
        "type": "LineString",
        "coordinates": [
          [
            37.5850718,
            55.7382317
          ],
          [
            37.5855984,
            55.7384654
          ]
        ]
      },
      "properties": {
        "osm_id": 387559977,
        "osm_type": "way",
        "narrow": "no",
        "footway": "sidewalk",
        "highway": "footway",
        "lit": "yes",
        "smoothness": "excellent",
        "surface": "paving_stones"
      }
    },
    {
      "type": "Feature",
      "geometry": {
        "type": "LineString",
        "coordinates": [
          [
            37.5855984,
            55.7384654
          ],
          [
            37.5857735,
            55.738543
          ]
        ]
      },
      "properties": {
        "osm_id": 387559977,
        "osm_type": "way",
        "narrow": "no",
        "footway": "sidewalk",
        "highway": "footway",
        "lit": "yes",
        "smoothness": "excellent",
        "surface": "paving_stones"
      }
    },
    {
      "type": "Feature",
      "geometry": {
        "type": "LineString",
        "coordinates": [
          [
            37.5922237,
            55.7338496
          ],
          [
            37.5923186,
            55.7339336
          ]
        ]
      },
      "properties": {
        "osm_id": 396745680,
        "osm_type": "way",
        "narrow": "no",
        "highway": "footway",
        "lit": "yes",
        "surface": "asphalt"
      }
    },
    {
      "type": "Feature",
      "geometry": {
        "type": "LineString",
        "coordinates": [
          [
            37.5850756,
            55.7308359
          ],
          [
            37.584869,
            55.7308593
          ]
        ]
      },
      "properties": {
        "osm_id": 397122733,
        "osm_type": "way",
        "narrow": "no",
        "highway": "footway",
        "lit": "no",
        "surface": "asphalt"
      }
    },
    {
      "type": "Feature",
      "geometry": {
        "type": "LineString",
        "coordinates": [
          [
            37.584869,
            55.7308593
          ],
          [
            37.5847088,
            55.7308774
          ]
        ]
      },
      "properties": {
        "osm_id": 397122733,
        "osm_type": "way",
        "narrow": "no",
        "highway": "footway",
        "lit": "no",
        "surface": "asphalt"
      }
    },
    {
      "type": "Feature",
      "geometry": {
        "type": "LineString",
        "coordinates": [
          [
            37.5847088,
            55.7308774
          ],
          [
            37.5843395,
            55.7309313
          ]
        ]
      },
      "properties": {
        "osm_id": 397122733,
        "osm_type": "way",
        "narrow": "no",
        "highway": "footway",
        "lit": "no",
        "surface": "asphalt"
      }
    },
    {
      "type": "Feature",
      "geometry": {
        "type": "LineString",
        "coordinates": [
          [
            37.5903744,
            55.73144
          ],
          [
            37.5904534,
            55.7313719
          ]
        ]
      },
      "properties": {
        "osm_id": 397122734,
        "osm_type": "way",
        "narrow": "no",
        "highway": "footway",
        "lit": "yes",
        "surface": "asphalt"
      }
    },
    {
      "type": "Feature",
      "geometry": {
        "type": "LineString",
        "coordinates": [
          [
            37.578643,
            55.7339988
          ],
          [
            37.5788546,
            55.7341004
          ]
        ]
      },
      "properties": {
        "osm_id": 397122739,
        "osm_type": "way",
        "narrow": "no",
        "footway": "crossing",
        "highway": "footway",
        "lit": "yes",
        "surface": "asphalt"
      }
    },
    {
      "type": "Feature",
      "geometry": {
        "type": "LineString",
        "coordinates": [
          [
            37.5784773,
            55.7341344
          ],
          [
            37.578643,
            55.7339988
          ]
        ]
      },
      "properties": {
        "osm_id": 397122740,
        "osm_type": "way",
        "narrow": "no",
        "footway": "crossing",
        "highway": "footway",
        "lit": "yes",
        "surface": "asphalt"
      }
    },
    {
      "type": "Feature",
      "geometry": {
        "type": "LineString",
        "coordinates": [
          [
            37.5801441,
            55.7357099
          ],
          [
            37.5799065,
            55.7358802
          ]
        ]
      },
      "properties": {
        "osm_id": 397122745,
        "osm_type": "way",
        "narrow": "no",
        "footway": "crossing",
        "highway": "footway",
        "lit": "yes",
        "surface": "asphalt"
      }
    },
    {
      "type": "Feature",
      "geometry": {
        "type": "LineString",
        "coordinates": [
          [
            37.5787025,
            55.7342533
          ],
          [
            37.5786802,
            55.7342419
          ]
        ]
      },
      "properties": {
        "osm_id": 397122747,
        "osm_type": "way",
        "narrow": "no",
        "footway": "crossing",
        "highway": "footway",
        "lit": "yes",
        "surface": "asphalt"
      }
    },
    {
      "type": "Feature",
      "geometry": {
        "type": "LineString",
        "coordinates": [
          [
            37.5786802,
            55.7342419
          ],
          [
            37.5784773,
            55.7341344
          ]
        ]
      },
      "properties": {
        "osm_id": 397122747,
        "osm_type": "way",
        "narrow": "yes",
        "footway": "crossing",
        "highway": "footway",
        "lit": "yes",
        "surface": "asphalt",
        "stroke": "#ff8800"
      }
    },
    {
      "type": "Feature",
      "geometry": {
        "type": "LineString",
        "coordinates": [
          [
            37.5801083,
            55.7386885
          ],
          [
            37.5803491,
            55.7386762
          ]
        ]
      },
      "properties": {
        "osm_id": 401587039,
        "osm_type": "way",
        "narrow": "no",
        "footway": "crossing",
        "highway": "footway",
        "lit": "yes",
        "surface": "asphalt"
      }
    },
    {
      "type": "Feature",
      "geometry": {
        "type": "LineString",
        "coordinates": [
          [
            37.5802147,
            55.7374406
          ],
          [
            37.5801915,
            55.7377082
          ]
        ]
      },
      "properties": {
        "osm_id": 401587045,
        "osm_type": "way",
        "narrow": "no",
        "footway": "sidewalk",
        "highway": "footway",
        "lit": "yes",
        "surface": "asphalt"
      }
    },
    {
      "type": "Feature",
      "geometry": {
        "type": "LineString",
        "coordinates": [
          [
            37.5801915,
            55.7377082
          ],
          [
            37.5803491,
            55.7386762
          ]
        ]
      },
      "properties": {
        "osm_id": 401587045,
        "osm_type": "way",
        "narrow": "no",
        "footway": "sidewalk",
        "highway": "footway",
        "lit": "yes",
        "surface": "asphalt"
      }
    },
    {
      "type": "Feature",
      "geometry": {
        "type": "LineString",
        "coordinates": [
          [
            37.5812402,
            55.737536
          ],
          [
            37.5810696,
            55.7375465
          ]
        ]
      },
      "properties": {
        "osm_id": 402708478,
        "osm_type": "way",
        "narrow": "no",
        "covered": "yes",
        "highway": "footway",
        "lit": "yes",
        "surface": "paving_stones"
      }
    },
    {
      "type": "Feature",
      "geometry": {
        "type": "LineString",
        "coordinates": [
          [
            37.5812337,
            55.7375022
          ],
          [
            37.5812318,
            55.7374927
          ]
        ]
      },
      "properties": {
        "osm_id": 402708479,
        "osm_type": "way",
        "narrow": "yes",
        "highway": "footway",
        "lit": "yes",
        "surface": "paving_stones",
        "stroke": "#ff8800"
      }
    },
    {
      "type": "Feature",
      "geometry": {
        "type": "LineString",
        "coordinates": [
          [
            37.5812236,
            55.7374506
          ],
          [
            37.5812217,
            55.7374207
          ]
        ]
      },
      "properties": {
        "osm_id": 402708481,
        "osm_type": "way",
        "narrow": "no",
        "highway": "footway",
        "lit": "yes",
        "surface": "paving_stones"
      }
    },
    {
      "type": "Feature",
      "geometry": {
        "type": "LineString",
        "coordinates": [
          [
            37.581258,
            55.7376266
          ],
          [
            37.5812402,
            55.737536
          ]
        ]
      },
      "properties": {
        "osm_id": 402708484,
        "osm_type": "way",
        "narrow": "no",
        "covered": "yes",
        "highway": "footway",
        "lit": "yes",
        "surface": "paving_stones"
      }
    },
    {
      "type": "Feature",
      "geometry": {
        "type": "LineString",
        "coordinates": [
          [
            37.5812402,
            55.737536
          ],
          [
            37.5812337,
            55.7375022
          ]
        ]
      },
      "properties": {
        "osm_id": 402708484,
        "osm_type": "way",
        "narrow": "no",
        "covered": "yes",
        "highway": "footway",
        "lit": "yes",
        "surface": "paving_stones"
      }
    },
    {
      "type": "Feature",
      "geometry": {
        "type": "LineString",
        "coordinates": [
          [
            37.5810696,
            55.7375465
          ],
          [
            37.5808537,
            55.7375599
          ]
        ]
      },
      "properties": {
        "osm_id": 402708485,
        "osm_type": "way",
        "narrow": "no",
        "highway": "footway",
        "lit": "yes",
        "surface": "paving_stones"
      }
    },
    {
      "type": "Feature",
      "geometry": {
        "type": "LineString",
        "coordinates": [
          [
            37.5808537,
            55.7375599
          ],
          [
            37.580876200000006,
            55.73767509999999
          ]
        ]
      },
      "properties": {
        "osm_id": 402708485,
        "osm_type": "way",
        "narrow": "no",
        "highway": "footway",
        "lit": "yes",
        "surface": "paving_stones"
      }
    },
    {
      "type": "Feature",
      "geometry": {
        "type": "LineString",
        "coordinates": [
          [
            37.580876200000006,
            55.73767509999999
          ],
          [
            37.5806173,
            55.7376876
          ]
        ]
      },
      "properties": {
        "osm_id": 402708485,
        "osm_type": "way",
        "narrow": "no",
        "highway": "footway",
        "lit": "yes",
        "surface": "paving_stones"
      }
    },
    {
      "type": "Feature",
      "geometry": {
        "type": "LineString",
        "coordinates": [
          [
            37.5806173,
            55.7376876
          ],
          [
            37.5801915,
            55.7377082
          ]
        ]
      },
      "properties": {
        "osm_id": 402708485,
        "osm_type": "way",
        "narrow": "no",
        "highway": "footway",
        "lit": "yes",
        "surface": "paving_stones"
      }
    },
    {
      "type": "Feature",
      "geometry": {
        "type": "LineString",
        "coordinates": [
          [
            37.5931001,
            55.7356127
          ],
          [
            37.59176248587771,
            55.7360543522244
          ]
        ]
      },
      "properties": {
        "osm_id": 402891917,
        "osm_type": "way",
        "narrow": "no",
        "footway": "sidewalk",
        "highway": "footway",
        "lit": "yes",
        "smoothness": "excellent",
        "surface": "paving_stones",
        "width": "7.7"
      }
    },
    {
      "type": "Feature",
      "geometry": {
        "type": "LineString",
        "coordinates": [
          [
            37.59176248587771,
            55.7360543522244
          ],
          [
            37.5895976,
            55.7367691
          ]
        ]
      },
      "properties": {
        "osm_id": 402891917,
        "osm_type": "way",
        "narrow": "yes",
        "footway": "sidewalk",
        "highway": "footway",
        "lit": "yes",
        "smoothness": "excellent",
        "surface": "paving_stones",
        "width": "7.7",
        "stroke": "#ff8800"
      }
    },
    {
      "type": "Feature",
      "geometry": {
        "type": "LineString",
        "coordinates": [
          [
            37.5895743,
            55.736777
          ],
          [
            37.5895006,
            55.7367996
          ]
        ]
      },
      "properties": {
        "osm_id": 402891918,
        "osm_type": "way",
        "narrow": "yes",
        "crossing": "uncontrolled",
        "crossing:markings": "yes",
        "footway": "crossing",
        "highway": "footway",
        "lit": "yes",
        "smoothness": "excellent",
        "surface": "paving_stones",
        "stroke": "#ff8800"
      }
    },
    {
      "type": "Feature",
      "geometry": {
        "type": "LineString",
        "coordinates": [
          [
            37.5840608,
            55.7387845
          ],
          [
            37.5833783,
            55.7404973
          ]
        ]
      },
      "properties": {
        "osm_id": 403667792,
        "osm_type": "way",
        "narrow": "no",
        "footway": "sidewalk",
        "highway": "footway",
        "lit": "yes",
        "surface": "asphalt"
      }
    },
    {
      "type": "Feature",
      "geometry": {
        "type": "LineString",
        "coordinates": [
          [
            37.5833783,
            55.7404973
          ],
          [
            37.58334070076902,
            55.740606935460185
          ]
        ]
      },
      "properties": {
        "osm_id": 403667792,
        "osm_type": "way",
        "narrow": "no",
        "footway": "sidewalk",
        "highway": "footway",
        "lit": "yes",
        "surface": "asphalt"
      }
    },
    {
      "type": "Feature",
      "geometry": {
        "type": "LineString",
        "coordinates": [
          [
            37.58334070076902,
            55.740606935460185
          ],
          [
            37.5833034,
            55.7407157
          ]
        ]
      },
      "properties": {
        "osm_id": 403667792,
        "osm_type": "way",
        "narrow": "no",
        "footway": "sidewalk",
        "highway": "footway",
        "lit": "yes",
        "surface": "asphalt"
      }
    },
    {
      "type": "Feature",
      "geometry": {
        "type": "LineString",
        "coordinates": [
          [
            37.5833034,
            55.7407157
          ],
          [
            37.58349832251683,
            55.740737960144266
          ]
        ]
      },
      "properties": {
        "osm_id": 403667792,
        "osm_type": "way",
        "narrow": "no",
        "footway": "sidewalk",
        "highway": "footway",
        "lit": "yes",
        "surface": "asphalt"
      }
    },
    {
      "type": "Feature",
      "geometry": {
        "type": "LineString",
        "coordinates": [
          [
            37.58349832251683,
            55.740737960144266
          ],
          [
            37.5843262,
            55.7408325
          ]
        ]
      },
      "properties": {
        "osm_id": 403667792,
        "osm_type": "way",
        "narrow": "no",
        "footway": "sidewalk",
        "highway": "footway",
        "lit": "yes",
        "surface": "asphalt"
      }
    },
    {
      "type": "Feature",
      "geometry": {
        "type": "LineString",
        "coordinates": [
          [
            37.5833767,
            55.7400963
          ],
          [
            37.5831188,
            55.7406974
          ]
        ]
      },
      "properties": {
        "osm_id": 403667794,
        "osm_type": "way",
        "narrow": "no",
        "footway": "sidewalk",
        "highway": "footway",
        "lit": "yes",
        "surface": "asphalt"
      }
    },
    {
      "type": "Feature",
      "geometry": {
        "type": "LineString",
        "coordinates": [
          [
            37.5831188,
            55.7406974
          ],
          [
            37.5822614,
            55.7406034
          ]
        ]
      },
      "properties": {
        "osm_id": 403667794,
        "osm_type": "way",
        "narrow": "no",
        "footway": "sidewalk",
        "highway": "footway",
        "lit": "yes",
        "surface": "asphalt"
      }
    },
    {
      "type": "Feature",
      "geometry": {
        "type": "LineString",
        "coordinates": [
          [
            37.5803819,
            55.7386969
          ],
          [
            37.5803954,
            55.7388112
          ]
        ]
      },
      "properties": {
        "osm_id": 406577308,
        "osm_type": "way",
        "narrow": "no",
        "footway": "crossing",
        "highway": "footway",
        "lit": "yes",
        "surface": "asphalt"
      }
    },
    {
      "type": "Feature",
      "geometry": {
        "type": "LineString",
        "coordinates": [
          [
            37.5764619,
            55.7390501
          ],
          [
            37.5763998,
            55.7389747
          ]
        ]
      },
      "properties": {
        "osm_id": 407931189,
        "osm_type": "way",
        "narrow": "no",
        "footway": "sidewalk",
        "highway": "footway",
        "lit": "yes",
        "smoothness": "good",
        "surface": "asphalt"
      }
    },
    {
      "type": "Feature",
      "geometry": {
        "type": "LineString",
        "coordinates": [
          [
            37.5763998,
            55.7389747
          ],
          [
            37.5763006,
            55.7387007
          ]
        ]
      },
      "properties": {
        "osm_id": 407931189,
        "osm_type": "way",
        "narrow": "no",
        "footway": "sidewalk",
        "highway": "footway",
        "lit": "yes",
        "smoothness": "good",
        "surface": "asphalt"
      }
    },
    {
      "type": "Feature",
      "geometry": {
        "type": "LineString",
        "coordinates": [
          [
            37.5763006,
            55.7387007
          ],
          [
            37.57619803416041,
            55.73842403566931
          ]
        ]
      },
      "properties": {
        "osm_id": 407931189,
        "osm_type": "way",
        "narrow": "yes",
        "footway": "sidewalk",
        "highway": "footway",
        "lit": "yes",
        "smoothness": "good",
        "surface": "asphalt",
        "stroke": "#ff8800"
      }
    },
    {
      "type": "Feature",
      "geometry": {
        "type": "LineString",
        "coordinates": [
          [
            37.57619803416041,
            55.73842403566931
          ],
          [
            37.5761403,
            55.7382683
          ]
        ]
      },
      "properties": {
        "osm_id": 407931189,
        "osm_type": "way",
        "narrow": "no",
        "footway": "sidewalk",
        "highway": "footway",
        "lit": "yes",
        "smoothness": "good",
        "surface": "asphalt"
      }
    },
    {
      "type": "Feature",
      "geometry": {
        "type": "LineString",
        "coordinates": [
          [
            37.5799948,
            55.73835
          ],
          [
            37.5800429,
            55.7383468
          ]
        ]
      },
      "properties": {
        "osm_id": 408654698,
        "osm_type": "way",
        "narrow": "no",
        "highway": "footway",
        "lit": "yes",
        "surface": "asphalt"
      }
    },
    {
      "type": "Feature",
      "geometry": {
        "type": "LineString",
        "coordinates": [
          [
            37.5765118,
            55.7391821
          ],
          [
            37.577207765101335,
            55.74089380682308
          ]
        ]
      },
      "properties": {
        "osm_id": 410543427,
        "osm_type": "way",
        "narrow": "yes",
        "highway": "footway",
        "lit": "yes",
        "surface": "asphalt",
        "stroke": "#ff8800"
      }
    },
    {
      "type": "Feature",
      "geometry": {
        "type": "LineString",
        "coordinates": [
          [
            37.577207765101335,
            55.74089380682308
          ],
          [
            37.5773515,
            55.7412473
          ]
        ]
      },
      "properties": {
        "osm_id": 410543427,
        "osm_type": "way",
        "narrow": "no",
        "highway": "footway",
        "lit": "yes",
        "surface": "asphalt"
      }
    },
    {
      "type": "Feature",
      "geometry": {
        "type": "LineString",
        "coordinates": [
          [
            37.5811933,
            55.7405358
          ],
          [
            37.5811199,
            55.7405089
          ]
        ]
      },
      "properties": {
        "osm_id": 417582551,
        "osm_type": "way",
        "narrow": "no",
        "footway": "sidewalk",
        "highway": "footway",
        "lit": "yes",
        "surface": "asphalt"
      }
    },
    {
      "type": "Feature",
      "geometry": {
        "type": "LineString",
        "coordinates": [
          [
            37.5811199,
            55.7405089
          ],
          [
            37.5808162,
            55.7399943
          ]
        ]
      },
      "properties": {
        "osm_id": 417582551,
        "osm_type": "way",
        "narrow": "no",
        "footway": "sidewalk",
        "highway": "footway",
        "lit": "yes",
        "surface": "asphalt"
      }
    },
    {
      "type": "Feature",
      "geometry": {
        "type": "LineString",
        "coordinates": [
          [
            37.5808162,
            55.7399943
          ],
          [
            37.5804572,
            55.7392939
          ]
        ]
      },
      "properties": {
        "osm_id": 417582551,
        "osm_type": "way",
        "narrow": "no",
        "footway": "sidewalk",
        "highway": "footway",
        "lit": "yes",
        "surface": "asphalt"
      }
    },
    {
      "type": "Feature",
      "geometry": {
        "type": "LineString",
        "coordinates": [
          [
            37.5804572,
            55.7392939
          ],
          [
            37.580427304378674,
            55.739093550445894
          ]
        ]
      },
      "properties": {
        "osm_id": 417582551,
        "osm_type": "way",
        "narrow": "no",
        "footway": "sidewalk",
        "highway": "footway",
        "lit": "yes",
        "surface": "asphalt"
      }
    },
    {
      "type": "Feature",
      "geometry": {
        "type": "LineString",
        "coordinates": [
          [
            37.580427304378674,
            55.739093550445894
          ],
          [
            37.5803858,
            55.7388154
          ]
        ]
      },
      "properties": {
        "osm_id": 417582551,
        "osm_type": "way",
        "narrow": "no",
        "footway": "sidewalk",
        "highway": "footway",
        "lit": "yes",
        "surface": "asphalt"
      }
    },
    {
      "type": "Feature",
      "geometry": {
        "type": "LineString",
        "coordinates": [
          [
            37.5803858,
            55.7388154
          ],
          [
            37.5803954,
            55.7388112
          ]
        ]
      },
      "properties": {
        "osm_id": 417582551,
        "osm_type": "way",
        "narrow": "no",
        "footway": "sidewalk",
        "highway": "footway",
        "lit": "yes",
        "surface": "asphalt"
      }
    },
    {
      "type": "Feature",
      "geometry": {
        "type": "LineString",
        "coordinates": [
          [
            37.5803954,
            55.7388112
          ],
          [
            37.5828428,
            55.7387553
          ]
        ]
      },
      "properties": {
        "osm_id": 417582551,
        "osm_type": "way",
        "narrow": "no",
        "footway": "sidewalk",
        "highway": "footway",
        "lit": "yes",
        "surface": "asphalt"
      }
    },
    {
      "type": "Feature",
      "geometry": {
        "type": "LineString",
        "coordinates": [
          [
            37.5813156,
            55.7403969
          ],
          [
            37.5812677,
            55.740177899999985
          ]
        ]
      },
      "properties": {
        "osm_id": 417582558,
        "osm_type": "way",
        "narrow": "no",
        "highway": "footway",
        "surface": "asphalt"
      }
    },
    {
      "type": "Feature",
      "geometry": {
        "type": "LineString",
        "coordinates": [
          [
            37.5812677,
            55.740177899999985
          ],
          [
            37.5808162,
            55.7399943
          ]
        ]
      },
      "properties": {
        "osm_id": 417582558,
        "osm_type": "way",
        "narrow": "no",
        "highway": "footway",
        "surface": "asphalt"
      }
    },
    {
      "type": "Feature",
      "geometry": {
        "type": "LineString",
        "coordinates": [
          [
            37.5828428,
            55.7387553
          ],
          [
            37.582857,
            55.738755
          ]
        ]
      },
      "properties": {
        "osm_id": 417582561,
        "osm_type": "way",
        "narrow": "no",
        "footway": "sidewalk",
        "highway": "footway",
        "lit": "yes",
        "surface": "asphalt"
      }
    },
    {
      "type": "Feature",
      "geometry": {
        "type": "LineString",
        "coordinates": [
          [
            37.5813772,
            55.7404251
          ],
          [
            37.58156,
            55.7404129
          ]
        ]
      },
      "properties": {
        "osm_id": 417582563,
        "osm_type": "way",
        "narrow": "no",
        "highway": "footway",
        "surface": "paving_stones"
      }
    },
    {
      "type": "Feature",
      "geometry": {
        "type": "LineString",
        "coordinates": [
          [
            37.582075,
            55.7405864
          ],
          [
            37.5822614,
            55.7406034
          ]
        ]
      },
      "properties": {
        "osm_id": 417582565,
        "osm_type": "way",
        "narrow": "no",
        "footway": "crossing",
        "highway": "footway",
        "lit": "yes",
        "surface": "asphalt"
      }
    },
    {
      "type": "Feature",
      "geometry": {
        "type": "LineString",
        "coordinates": [
          [
            37.581306,
            55.7403979
          ],
          [
            37.5813156,
            55.7403969
          ]
        ]
      },
      "properties": {
        "osm_id": 417582568,
        "osm_type": "way",
        "narrow": "no",
        "highway": "footway",
        "surface": "paving_stones"
      }
    },
    {
      "type": "Feature",
      "geometry": {
        "type": "LineString",
        "coordinates": [
          [
            37.5813156,
            55.7403969
          ],
          [
            37.5813772,
            55.7404251
          ]
        ]
      },
      "properties": {
        "osm_id": 417582568,
        "osm_type": "way",
        "narrow": "no",
        "highway": "footway",
        "surface": "paving_stones"
      }
    },
    {
      "type": "Feature",
      "geometry": {
        "type": "LineString",
        "coordinates": [
          [
            37.5813772,
            55.7404251
          ],
          [
            37.5812898,
            55.7404545
          ]
        ]
      },
      "properties": {
        "osm_id": 417582568,
        "osm_type": "way",
        "narrow": "no",
        "highway": "footway",
        "surface": "paving_stones"
      }
    },
    {
      "type": "Feature",
      "geometry": {
        "type": "LineString",
        "coordinates": [
          [
            37.5812898,
            55.7404545
          ],
          [
            37.581306,
            55.7403979
          ]
        ]
      },
      "properties": {
        "osm_id": 417582568,
        "osm_type": "way",
        "narrow": "no",
        "highway": "footway",
        "surface": "paving_stones"
      }
    },
    {
      "type": "Feature",
      "geometry": {
        "type": "LineString",
        "coordinates": [
          [
            37.5834891,
            55.7288227
          ],
          [
            37.5836158,
            55.7287109
          ]
        ]
      },
      "properties": {
        "osm_id": 426571847,
        "osm_type": "way",
        "narrow": "no",
        "footway": "crossing",
        "highway": "footway",
        "lit": "yes",
        "surface": "asphalt"
      }
    },
    {
      "type": "Feature",
      "geometry": {
        "type": "LineString",
        "coordinates": [
          [
            37.5777819,
            55.7372154
          ],
          [
            37.5776978,
            55.7369975
          ]
        ]
      },
      "properties": {
        "osm_id": 427311249,
        "osm_type": "way",
        "narrow": "no",
        "highway": "footway",
        "lit": "yes",
        "surface": "paving_stones"
      }
    },
    {
      "type": "Feature",
      "geometry": {
        "type": "LineString",
        "coordinates": [
          [
            37.5776978,
            55.7369975
          ],
          [
            37.5778324,
            55.7368598
          ]
        ]
      },
      "properties": {
        "osm_id": 427311249,
        "osm_type": "way",
        "narrow": "no",
        "highway": "footway",
        "lit": "yes",
        "surface": "paving_stones"
      }
    },
    {
      "type": "Feature",
      "geometry": {
        "type": "LineString",
        "coordinates": [
          [
            37.5778324,
            55.7368598
          ],
          [
            37.5781709,
            55.73692149999999
          ]
        ]
      },
      "properties": {
        "osm_id": 427311249,
        "osm_type": "way",
        "narrow": "no",
        "highway": "footway",
        "lit": "yes",
        "surface": "paving_stones"
      }
    },
    {
      "type": "Feature",
      "geometry": {
        "type": "LineString",
        "coordinates": [
          [
            37.5781709,
            55.73692149999999
          ],
          [
            37.5782155,
            55.7371927
          ]
        ]
      },
      "properties": {
        "osm_id": 427311249,
        "osm_type": "way",
        "narrow": "no",
        "highway": "footway",
        "lit": "yes",
        "surface": "paving_stones"
      }
    },
    {
      "type": "Feature",
      "geometry": {
        "type": "LineString",
        "coordinates": [
          [
            37.578034,
            55.7367976
          ],
          [
            37.5784275,
            55.7365732
          ]
        ]
      },
      "properties": {
        "osm_id": 427311251,
        "osm_type": "way",
        "narrow": "no",
        "highway": "footway",
        "lit": "yes",
        "source": "Bing",
        "surface": "paving_stones"
      }
    },
    {
      "type": "Feature",
      "geometry": {
        "type": "LineString",
        "coordinates": [
          [
            37.5779181,
            55.7372103
          ],
          [
            37.5777819,
            55.7372154
          ]
        ]
      },
      "properties": {
        "osm_id": 427311257,
        "osm_type": "way",
        "narrow": "no",
        "highway": "footway",
        "lit": "yes",
        "source": "Bing",
        "surface": "paving_stones"
      }
    },
    {
      "type": "Feature",
      "geometry": {
        "type": "LineString",
        "coordinates": [
          [
            37.5782155,
            55.7371927
          ],
          [
            37.5780529,
            55.7372046
          ]
        ]
      },
      "properties": {
        "osm_id": 427311263,
        "osm_type": "way",
        "narrow": "no",
        "highway": "footway",
        "lit": "yes",
        "source": "Bing",
        "surface": "paving_stones"
      }
    },
    {
      "type": "Feature",
      "geometry": {
        "type": "LineString",
        "coordinates": [
          [
            37.576884,
            55.737366
          ],
          [
            37.5778757,
            55.7373067
          ]
        ]
      },
      "properties": {
        "osm_id": 430378889,
        "osm_type": "way",
        "narrow": "no",
        "footway": "sidewalk",
        "highway": "footway",
        "lit": "yes",
        "smoothness": "good",
        "surface": "asphalt"
      }
    },
    {
      "type": "Feature",
      "geometry": {
        "type": "LineString",
        "coordinates": [
          [
            37.5778757,
            55.7373067
          ],
          [
            37.5779997,
            55.7372992
          ]
        ]
      },
      "properties": {
        "osm_id": 430378894,
        "osm_type": "way",
        "narrow": "no",
        "footway": "sidewalk",
        "highway": "footway",
        "lit": "yes",
        "surface": "paving_stones"
      }
    },
    {
      "type": "Feature",
      "geometry": {
        "type": "LineString",
        "coordinates": [
          [
            37.5779997,
            55.7372992
          ],
          [
            37.5781385,
            55.7372916
          ]
        ]
      },
      "properties": {
        "osm_id": 430378894,
        "osm_type": "way",
        "narrow": "no",
        "footway": "sidewalk",
        "highway": "footway",
        "lit": "yes",
        "surface": "paving_stones"
      }
    },
    {
      "type": "Feature",
      "geometry": {
        "type": "LineString",
        "coordinates": [
          [
            37.5757822,
            55.737403
          ],
          [
            37.576884,
            55.737366
          ]
        ]
      },
      "properties": {
        "osm_id": 430378903,
        "osm_type": "way",
        "narrow": "no",
        "footway": "sidewalk",
        "highway": "footway",
        "lit": "yes",
        "smoothness": "good",
        "surface": "paving_stones"
      }
    },
    {
      "type": "Feature",
      "geometry": {
        "type": "LineString",
        "coordinates": [
          [
            37.5866718,
            55.7359261
          ],
          [
            37.5874643,
            55.7354259
          ]
        ]
      },
      "properties": {
        "osm_id": 431049214,
        "osm_type": "way",
        "narrow": "no",
        "footway": "sidewalk",
        "highway": "footway",
        "lit": "yes",
        "smoothness": "intermediate",
        "surface": "paving_stones"
      }
    },
    {
      "type": "Feature",
      "geometry": {
        "type": "LineString",
        "coordinates": [
          [
            37.5874643,
            55.7354259
          ],
          [
            37.5877354,
            55.7352548
          ]
        ]
      },
      "properties": {
        "osm_id": 431049214,
        "osm_type": "way",
        "narrow": "no",
        "footway": "sidewalk",
        "highway": "footway",
        "lit": "yes",
        "smoothness": "intermediate",
        "surface": "paving_stones"
      }
    },
    {
      "type": "Feature",
      "geometry": {
        "type": "LineString",
        "coordinates": [
          [
            37.5877354,
            55.7352548
          ],
          [
            37.587813907117116,
            55.73520456500236
          ]
        ]
      },
      "properties": {
        "osm_id": 431049214,
        "osm_type": "way",
        "narrow": "no",
        "footway": "sidewalk",
        "highway": "footway",
        "lit": "yes",
        "smoothness": "intermediate",
        "surface": "paving_stones"
      }
    },
    {
      "type": "Feature",
      "geometry": {
        "type": "LineString",
        "coordinates": [
          [
            37.587813907117116,
            55.73520456500236
          ],
          [
            37.58805299603206,
            55.735051576089
          ]
        ]
      },
      "properties": {
        "osm_id": 431049214,
        "osm_type": "way",
        "narrow": "no",
        "footway": "sidewalk",
        "highway": "footway",
        "lit": "yes",
        "smoothness": "intermediate",
        "surface": "paving_stones"
      }
    },
    {
      "type": "Feature",
      "geometry": {
        "type": "LineString",
        "coordinates": [
          [
            37.58805299603206,
            55.735051576089
          ],
          [
            37.588426678359234,
            55.734812459790184
          ]
        ]
      },
      "properties": {
        "osm_id": 431049214,
        "osm_type": "way",
        "narrow": "no",
        "footway": "sidewalk",
        "highway": "footway",
        "lit": "yes",
        "smoothness": "intermediate",
        "surface": "paving_stones"
      }
    },
    {
      "type": "Feature",
      "geometry": {
        "type": "LineString",
        "coordinates": [
          [
            37.588426678359234,
            55.734812459790184
          ],
          [
            37.5889486171191,
            55.73447846854047
          ]
        ]
      },
      "properties": {
        "osm_id": 431049214,
        "osm_type": "way",
        "narrow": "no",
        "footway": "sidewalk",
        "highway": "footway",
        "lit": "yes",
        "smoothness": "intermediate",
        "surface": "paving_stones"
      }
    },
    {
      "type": "Feature",
      "geometry": {
        "type": "LineString",
        "coordinates": [
          [
            37.5889486171191,
            55.73447846854047
          ],
          [
            37.5897496,
            55.7339659
          ]
        ]
      },
      "properties": {
        "osm_id": 431049214,
        "osm_type": "way",
        "narrow": "no",
        "footway": "sidewalk",
        "highway": "footway",
        "lit": "yes",
        "smoothness": "intermediate",
        "surface": "paving_stones"
      }
    },
    {
      "type": "Feature",
      "geometry": {
        "type": "LineString",
        "coordinates": [
          [
            37.5897496,
            55.7339659
          ],
          [
            37.5906997,
            55.7333643
          ]
        ]
      },
      "properties": {
        "osm_id": 431049214,
        "osm_type": "way",
        "narrow": "no",
        "footway": "sidewalk",
        "highway": "footway",
        "lit": "yes",
        "smoothness": "intermediate",
        "surface": "paving_stones"
      }
    },
    {
      "type": "Feature",
      "geometry": {
        "type": "LineString",
        "coordinates": [
          [
            37.5906997,
            55.7333643
          ],
          [
            37.5912776,
            55.7329435
          ]
        ]
      },
      "properties": {
        "osm_id": 431049214,
        "osm_type": "way",
        "narrow": "no",
        "footway": "sidewalk",
        "highway": "footway",
        "lit": "yes",
        "smoothness": "intermediate",
        "surface": "paving_stones"
      }
    },
    {
      "type": "Feature",
      "geometry": {
        "type": "LineString",
        "coordinates": [
          [
            37.5912776,
            55.7329435
          ],
          [
            37.5920462,
            55.7323149
          ]
        ]
      },
      "properties": {
        "osm_id": 431049214,
        "osm_type": "way",
        "narrow": "no",
        "footway": "sidewalk",
        "highway": "footway",
        "lit": "yes",
        "smoothness": "intermediate",
        "surface": "paving_stones"
      }
    },
    {
      "type": "Feature",
      "geometry": {
        "type": "LineString",
        "coordinates": [
          [
            37.5833783,
            55.7404973
          ],
          [
            37.5836092,
            55.7405255
          ]
        ]
      },
      "properties": {
        "osm_id": 431049225,
        "osm_type": "way",
        "narrow": "yes",
        "highway": "footway",
        "surface": "asphalt",
        "stroke": "#ff8800"
      }
    },
    {
      "type": "Feature",
      "geometry": {
        "type": "LineString",
        "coordinates": [
          [
            37.5836092,
            55.7405255
          ],
          [
            37.5836206,
            55.7406353
          ]
        ]
      },
      "properties": {
        "osm_id": 431049225,
        "osm_type": "way",
        "narrow": "no",
        "highway": "footway",
        "surface": "asphalt"
      }
    },
    {
      "type": "Feature",
      "geometry": {
        "type": "LineString",
        "coordinates": [
          [
            37.5795597,
            55.7400274
          ],
          [
            37.5798324,
            55.7398915
          ]
        ]
      },
      "properties": {
        "osm_id": 436414126,
        "osm_type": "way",
        "narrow": "no",
        "highway": "footway",
        "surface": "asphalt"
      }
    },
    {
      "type": "Feature",
      "geometry": {
        "type": "LineString",
        "coordinates": [
          [
            37.5800733,
            55.7401148
          ],
          [
            37.5796387,
            55.7401828
          ]
        ]
      },
      "properties": {
        "osm_id": 436414129,
        "osm_type": "way",
        "narrow": "no",
        "highway": "footway",
        "surface": "asphalt"
      }
    },
    {
      "type": "Feature",
      "geometry": {
        "type": "LineString",
        "coordinates": [
          [
            37.5790262,
            55.7389196
          ],
          [
            37.5794079,
            55.7397287
          ]
        ]
      },
      "properties": {
        "osm_id": 436414130,
        "osm_type": "way",
        "narrow": "no",
        "footway": "sidewalk",
        "highway": "footway",
        "lit": "yes",
        "surface": "asphalt"
      }
    },
    {
      "type": "Feature",
      "geometry": {
        "type": "LineString",
        "coordinates": [
          [
            37.5794079,
            55.7397287
          ],
          [
            37.5795095,
            55.7399287
          ]
        ]
      },
      "properties": {
        "osm_id": 436414130,
        "osm_type": "way",
        "narrow": "no",
        "footway": "sidewalk",
        "highway": "footway",
        "lit": "yes",
        "surface": "asphalt"
      }
    },
    {
      "type": "Feature",
      "geometry": {
        "type": "LineString",
        "coordinates": [
          [
            37.5795095,
            55.7399287
          ],
          [
            37.5795597,
            55.7400274
          ]
        ]
      },
      "properties": {
        "osm_id": 436414130,
        "osm_type": "way",
        "narrow": "no",
        "footway": "sidewalk",
        "highway": "footway",
        "lit": "yes",
        "surface": "asphalt"
      }
    },
    {
      "type": "Feature",
      "geometry": {
        "type": "LineString",
        "coordinates": [
          [
            37.5795597,
            55.7400274
          ],
          [
            37.5796387,
            55.7401828
          ]
        ]
      },
      "properties": {
        "osm_id": 436414130,
        "osm_type": "way",
        "narrow": "no",
        "footway": "sidewalk",
        "highway": "footway",
        "lit": "yes",
        "surface": "asphalt"
      }
    },
    {
      "type": "Feature",
      "geometry": {
        "type": "LineString",
        "coordinates": [
          [
            37.5796387,
            55.7401828
          ],
          [
            37.5799525,
            55.7407734
          ]
        ]
      },
      "properties": {
        "osm_id": 436414130,
        "osm_type": "way",
        "narrow": "no",
        "footway": "sidewalk",
        "highway": "footway",
        "lit": "yes",
        "surface": "asphalt"
      }
    },
    {
      "type": "Feature",
      "geometry": {
        "type": "LineString",
        "coordinates": [
          [
            37.5799525,
            55.7407734
          ],
          [
            37.5809271,
            55.7405429
          ]
        ]
      },
      "properties": {
        "osm_id": 436414130,
        "osm_type": "way",
        "narrow": "no",
        "footway": "sidewalk",
        "highway": "footway",
        "lit": "yes",
        "surface": "asphalt"
      }
    },
    {
      "type": "Feature",
      "geometry": {
        "type": "LineString",
        "coordinates": [
          [
            37.5809271,
            55.7405429
          ],
          [
            37.5809299,
            55.7405121
          ]
        ]
      },
      "properties": {
        "osm_id": 436414130,
        "osm_type": "way",
        "narrow": "no",
        "footway": "sidewalk",
        "highway": "footway",
        "lit": "yes",
        "surface": "asphalt"
      }
    },
    {
      "type": "Feature",
      "geometry": {
        "type": "LineString",
        "coordinates": [
          [
            37.5790262,
            55.7389196
          ],
          [
            37.5789964,
            55.7388138
          ]
        ]
      },
      "properties": {
        "osm_id": 436414132,
        "osm_type": "way",
        "narrow": "no",
        "footway": "crossing",
        "highway": "footway",
        "lit": "yes",
        "surface": "asphalt"
      }
    },
    {
      "type": "Feature",
      "geometry": {
        "type": "LineString",
        "coordinates": [
          [
            37.579761,
            55.7408116
          ],
          [
            37.5799525,
            55.7407734
          ]
        ]
      },
      "properties": {
        "osm_id": 436414133,
        "osm_type": "way",
        "narrow": "no",
        "footway": "crossing",
        "highway": "footway",
        "lit": "yes",
        "surface": "asphalt"
      }
    },
    {
      "type": "Feature",
      "geometry": {
        "type": "LineString",
        "coordinates": [
          [
            37.5809271,
            55.7405429
          ],
          [
            37.5811199,
            55.7405089
          ]
        ]
      },
      "properties": {
        "osm_id": 436414135,
        "osm_type": "way",
        "narrow": "no",
        "footway": "crossing",
        "highway": "footway",
        "lit": "yes",
        "surface": "asphalt"
      }
    },
    {
      "type": "Feature",
      "geometry": {
        "type": "LineString",
        "coordinates": [
          [
            37.5795095,
            55.7399287
          ],
          [
            37.5796236,
            55.7397901
          ]
        ]
      },
      "properties": {
        "osm_id": 436414143,
        "osm_type": "way",
        "narrow": "no",
        "highway": "footway",
        "surface": "asphalt"
      }
    },
    {
      "type": "Feature",
      "geometry": {
        "type": "LineString",
        "coordinates": [
          [
            37.5796236,
            55.7397901
          ],
          [
            37.5797973,
            55.739578800000004
          ]
        ]
      },
      "properties": {
        "osm_id": 436414143,
        "osm_type": "way",
        "narrow": "no",
        "highway": "footway",
        "surface": "asphalt"
      }
    },
    {
      "type": "Feature",
      "geometry": {
        "type": "LineString",
        "coordinates": [
          [
            37.5797973,
            55.739578800000004
          ],
          [
            37.5803146,
            55.7394594
          ]
        ]
      },
      "properties": {
        "osm_id": 436414143,
        "osm_type": "way",
        "narrow": "yes",
        "highway": "footway",
        "surface": "asphalt",
        "stroke": "#ff8800"
      }
    },
    {
      "type": "Feature",
      "geometry": {
        "type": "LineString",
        "coordinates": [
          [
            37.5794079,
            55.7397287
          ],
          [
            37.5796236,
            55.7397901
          ]
        ]
      },
      "properties": {
        "osm_id": 436414145,
        "osm_type": "way",
        "narrow": "no",
        "highway": "footway",
        "surface": "asphalt"
      }
    },
    {
      "type": "Feature",
      "geometry": {
        "type": "LineString",
        "coordinates": [
          [
            37.5796236,
            55.7397901
          ],
          [
            37.5798324,
            55.7398915
          ]
        ]
      },
      "properties": {
        "osm_id": 436414145,
        "osm_type": "way",
        "narrow": "no",
        "highway": "footway",
        "surface": "asphalt"
      }
    },
    {
      "type": "Feature",
      "geometry": {
        "type": "LineString",
        "coordinates": [
          [
            37.5798324,
            55.7398915
          ],
          [
            37.5800733,
            55.7401148
          ]
        ]
      },
      "properties": {
        "osm_id": 436414145,
        "osm_type": "way",
        "narrow": "no",
        "highway": "footway",
        "surface": "asphalt"
      }
    },
    {
      "type": "Feature",
      "geometry": {
        "type": "LineString",
        "coordinates": [
          [
            37.5799306,
            55.7360956
          ],
          [
            37.5798097,
            55.7364708
          ]
        ]
      },
      "properties": {
        "osm_id": 436414149,
        "osm_type": "way",
        "narrow": "no",
        "highway": "footway",
        "lit": "yes",
        "surface": "paving_stones"
      }
    },
    {
      "type": "Feature",
      "geometry": {
        "type": "LineString",
        "coordinates": [
          [
            37.5798097,
            55.7364708
          ],
          [
            37.5800048,
            55.736915
          ]
        ]
      },
      "properties": {
        "osm_id": 436414149,
        "osm_type": "way",
        "narrow": "no",
        "highway": "footway",
        "lit": "yes",
        "surface": "paving_stones"
      }
    },
    {
      "type": "Feature",
      "geometry": {
        "type": "LineString",
        "coordinates": [
          [
            37.5776032,
            55.736228
          ],
          [
            37.5784275,
            55.7365732
          ]
        ]
      },
      "properties": {
        "osm_id": 436414156,
        "osm_type": "way",
        "narrow": "no",
        "highway": "footway",
        "lit": "yes",
        "surface": "paving_stones"
      }
    },
    {
      "type": "Feature",
      "geometry": {
        "type": "LineString",
        "coordinates": [
          [
            37.5784275,
            55.7365732
          ],
          [
            37.5788434,
            55.7366929
          ]
        ]
      },
      "properties": {
        "osm_id": 436414156,
        "osm_type": "way",
        "narrow": "no",
        "highway": "footway",
        "lit": "yes",
        "surface": "paving_stones"
      }
    },
    {
      "type": "Feature",
      "geometry": {
        "type": "LineString",
        "coordinates": [
          [
            37.5788434,
            55.7366929
          ],
          [
            37.5797966,
            55.7368379
          ]
        ]
      },
      "properties": {
        "osm_id": 436414156,
        "osm_type": "way",
        "narrow": "no",
        "highway": "footway",
        "lit": "yes",
        "surface": "paving_stones"
      }
    },
    {
      "type": "Feature",
      "geometry": {
        "type": "LineString",
        "coordinates": [
          [
            37.5801787,
            55.7388265
          ],
          [
            37.5803146,
            55.7394594
          ]
        ]
      },
      "properties": {
        "osm_id": 436414165,
        "osm_type": "way",
        "narrow": "no",
        "footway": "sidewalk",
        "highway": "footway",
        "lit": "yes",
        "surface": "asphalt"
      }
    },
    {
      "type": "Feature",
      "geometry": {
        "type": "LineString",
        "coordinates": [
          [
            37.5803146,
            55.7394594
          ],
          [
            37.5809299,
            55.7405121
          ]
        ]
      },
      "properties": {
        "osm_id": 436414165,
        "osm_type": "way",
        "narrow": "no",
        "footway": "sidewalk",
        "highway": "footway",
        "lit": "yes",
        "surface": "asphalt"
      }
    },
    {
      "type": "Feature",
      "geometry": {
        "type": "LineString",
        "coordinates": [
          [
            37.5821771,
            55.7402197
          ],
          [
            37.5821552,
            55.7400419
          ]
        ]
      },
      "properties": {
        "osm_id": 436433976,
        "osm_type": "way",
        "narrow": "no",
        "footway": "sidewalk",
        "highway": "footway",
        "surface": "paving_stones"
      }
    },
    {
      "type": "Feature",
      "geometry": {
        "type": "LineString",
        "coordinates": [
          [
            37.5821552,
            55.7400419
          ],
          [
            37.5825626,
            55.7399401
          ]
        ]
      },
      "properties": {
        "osm_id": 436433976,
        "osm_type": "way",
        "narrow": "no",
        "footway": "sidewalk",
        "highway": "footway",
        "surface": "paving_stones"
      }
    },
    {
      "type": "Feature",
      "geometry": {
        "type": "LineString",
        "coordinates": [
          [
            37.5833034,
            55.7407157
          ],
          [
            37.5831188,
            55.7406974
          ]
        ]
      },
      "properties": {
        "osm_id": 436473218,
        "osm_type": "way",
        "narrow": "no",
        "footway": "crossing",
        "highway": "footway",
        "lit": "yes",
        "surface": "asphalt"
      }
    },
    {
      "type": "Feature",
      "geometry": {
        "type": "LineString",
        "coordinates": [
          [
            37.583559,
            55.7396511
          ],
          [
            37.5833767,
            55.7400963
          ]
        ]
      },
      "properties": {
        "osm_id": 436525105,
        "osm_type": "way",
        "narrow": "no",
        "footway": "sidewalk",
        "highway": "footway",
        "lit": "yes",
        "surface": "paving_stones"
      }
    },
    {
      "type": "Feature",
      "geometry": {
        "type": "LineString",
        "coordinates": [
          [
            37.5838488,
            55.7387775
          ],
          [
            37.5838569,
            55.7386777
          ]
        ]
      },
      "properties": {
        "osm_id": 436525108,
        "osm_type": "way",
        "narrow": "no",
        "footway": "crossing",
        "highway": "footway",
        "lit": "yes",
        "surface": "asphalt"
      }
    },
    {
      "type": "Feature",
      "geometry": {
        "type": "LineString",
        "coordinates": [
          [
            37.5822614,
            55.7406034
          ],
          [
            37.5821771,
            55.7402197
          ]
        ]
      },
      "properties": {
        "osm_id": 436525112,
        "osm_type": "way",
        "narrow": "yes",
        "footway": "sidewalk",
        "highway": "footway",
        "lit": "yes",
        "surface": "asphalt",
        "stroke": "#ff8800"
      }
    },
    {
      "type": "Feature",
      "geometry": {
        "type": "LineString",
        "coordinates": [
          [
            37.5825626,
            55.7399401
          ],
          [
            37.5830552,
            55.7387595
          ]
        ]
      },
      "properties": {
        "osm_id": 436525113,
        "osm_type": "way",
        "narrow": "no",
        "footway": "sidewalk",
        "highway": "footway",
        "lit": "yes",
        "surface": "asphalt"
      }
    },
    {
      "type": "Feature",
      "geometry": {
        "type": "LineString",
        "coordinates": [
          [
            37.583895,
            55.738789
          ],
          [
            37.58380663551336,
            55.739015727153394
          ]
        ]
      },
      "properties": {
        "osm_id": 436525114,
        "osm_type": "way",
        "narrow": "no",
        "footway": "sidewalk",
        "highway": "footway",
        "lit": "yes",
        "surface": "asphalt"
      }
    },
    {
      "type": "Feature",
      "geometry": {
        "type": "LineString",
        "coordinates": [
          [
            37.58380663551336,
            55.739015727153394
          ],
          [
            37.583559,
            55.7396511
          ]
        ]
      },
      "properties": {
        "osm_id": 436525114,
        "osm_type": "way",
        "narrow": "no",
        "footway": "sidewalk",
        "highway": "footway",
        "lit": "yes",
        "surface": "asphalt"
      }
    },
    {
      "type": "Feature",
      "geometry": {
        "type": "LineString",
        "coordinates": [
          [
            37.5797368,
            55.7408331
          ],
          [
            37.5786887,
            55.7410398
          ]
        ]
      },
      "properties": {
        "osm_id": 438880844,
        "osm_type": "way",
        "narrow": "no",
        "footway": "sidewalk",
        "highway": "footway",
        "lit": "yes",
        "surface": "asphalt"
      }
    },
    {
      "type": "Feature",
      "geometry": {
        "type": "LineString",
        "coordinates": [
          [
            37.5786887,
            55.7410398
          ],
          [
            37.5784348,
            55.7405503
          ]
        ]
      },
      "properties": {
        "osm_id": 438880844,
        "osm_type": "way",
        "narrow": "no",
        "footway": "sidewalk",
        "highway": "footway",
        "lit": "yes",
        "surface": "asphalt"
      }
    },
    {
      "type": "Feature",
      "geometry": {
        "type": "LineString",
        "coordinates": [
          [
            37.5784348,
            55.7405503
          ],
          [
            37.5780831,
            55.7398519
          ]
        ]
      },
      "properties": {
        "osm_id": 438880844,
        "osm_type": "way",
        "narrow": "no",
        "footway": "sidewalk",
        "highway": "footway",
        "lit": "yes",
        "surface": "asphalt"
      }
    },
    {
      "type": "Feature",
      "geometry": {
        "type": "LineString",
        "coordinates": [
          [
            37.5805935,
            55.7375319
          ],
          [
            37.5808537,
            55.7375599
          ]
        ]
      },
      "properties": {
        "osm_id": 438880852,
        "osm_type": "way",
        "narrow": "no",
        "highway": "footway",
        "lit": "yes",
        "surface": "paving_stones"
      }
    },
    {
      "type": "Feature",
      "geometry": {
        "type": "LineString",
        "coordinates": [
          [
            37.5784348,
            55.7405503
          ],
          [
            37.5782931,
            55.7405727
          ]
        ]
      },
      "properties": {
        "osm_id": 438880853,
        "osm_type": "way",
        "narrow": "no",
        "footway": "crossing",
        "highway": "footway",
        "lit": "yes",
        "surface": "asphalt"
      }
    },
    {
      "type": "Feature",
      "geometry": {
        "type": "LineString",
        "coordinates": [
          [
            37.5806173,
            55.7376876
          ],
          [
            37.5805935,
            55.7375319
          ]
        ]
      },
      "properties": {
        "osm_id": 438880855,
        "osm_type": "way",
        "narrow": "no",
        "highway": "footway",
        "lit": "yes",
        "surface": "paving_stones"
      }
    },
    {
      "type": "Feature",
      "geometry": {
        "type": "LineString",
        "coordinates": [
          [
            37.5805935,
            55.7375319
          ],
          [
            37.5805785,
            55.7374334
          ]
        ]
      },
      "properties": {
        "osm_id": 438880855,
        "osm_type": "way",
        "narrow": "no",
        "highway": "footway",
        "lit": "yes",
        "surface": "paving_stones"
      }
    },
    {
      "type": "Feature",
      "geometry": {
        "type": "LineString",
        "coordinates": [
          [
            37.5777793,
            55.7390323
          ],
          [
            37.5777483,
            55.7389217
          ]
        ]
      },
      "properties": {
        "osm_id": 438880856,
        "osm_type": "way",
        "narrow": "no",
        "footway": "crossing",
        "highway": "footway",
        "lit": "yes",
        "surface": "asphalt"
      }
    },
    {
      "type": "Feature",
      "geometry": {
        "type": "LineString",
        "coordinates": [
          [
            37.5780831,
            55.7398519
          ],
          [
            37.5777015,
            55.7390442
          ]
        ]
      },
      "properties": {
        "osm_id": 438880864,
        "osm_type": "way",
        "narrow": "no",
        "footway": "sidewalk",
        "highway": "footway",
        "lit": "yes",
        "surface": "paving_stones"
      }
    },
    {
      "type": "Feature",
      "geometry": {
        "type": "LineString",
        "coordinates": [
          [
            37.5777015,
            55.7390442
          ],
          [
            37.5777793,
            55.7390323
          ]
        ]
      },
      "properties": {
        "osm_id": 438880864,
        "osm_type": "way",
        "narrow": "no",
        "footway": "sidewalk",
        "highway": "footway",
        "lit": "yes",
        "surface": "paving_stones"
      }
    },
    {
      "type": "Feature",
      "geometry": {
        "type": "LineString",
        "coordinates": [
          [
            37.5777793,
            55.7390323
          ],
          [
            37.5782212,
            55.7389908
          ]
        ]
      },
      "properties": {
        "osm_id": 438880864,
        "osm_type": "way",
        "narrow": "no",
        "footway": "sidewalk",
        "highway": "footway",
        "lit": "yes",
        "surface": "paving_stones"
      }
    },
    {
      "type": "Feature",
      "geometry": {
        "type": "LineString",
        "coordinates": [
          [
            37.5778324,
            55.7368598
          ],
          [
            37.5776947,
            55.736673100000004
          ]
        ]
      },
      "properties": {
        "osm_id": 439885056,
        "osm_type": "way",
        "narrow": "no",
        "highway": "footway",
        "lit": "yes",
        "surface": "sett"
      }
    },
    {
      "type": "Feature",
      "geometry": {
        "type": "LineString",
        "coordinates": [
          [
            37.5776947,
            55.736673100000004
          ],
          [
            37.5772803,
            55.7364956
          ]
        ]
      },
      "properties": {
        "osm_id": 439885056,
        "osm_type": "way",
        "narrow": "no",
        "highway": "footway",
        "lit": "yes",
        "surface": "sett"
      }
    },
    {
      "type": "Feature",
      "geometry": {
        "type": "LineString",
        "coordinates": [
          [
            37.5766533,
            55.7328964
          ],
          [
            37.5763883,
            55.7330541
          ]
        ]
      },
      "properties": {
        "osm_id": 439894674,
        "osm_type": "way",
        "narrow": "no",
        "footway": "crossing",
        "highway": "footway",
        "lit": "yes",
        "smoothness": "good",
        "surface": "asphalt"
      }
    },
    {
      "type": "Feature",
      "geometry": {
        "type": "LineString",
        "coordinates": [
          [
            37.5812542,
            55.7350326
          ],
          [
            37.5810994,
            55.7351423
          ]
        ]
      },
      "properties": {
        "osm_id": 440047176,
        "osm_type": "way",
        "narrow": "yes",
        "highway": "footway",
        "surface": "asphalt",
        "stroke": "#ff8800"
      }
    },
    {
      "type": "Feature",
      "geometry": {
        "type": "LineString",
        "coordinates": [
          [
            37.5766091,
            55.7341229
          ],
          [
            37.5766773,
            55.7340736
          ]
        ]
      },
      "properties": {
        "osm_id": 440047179,
        "osm_type": "way",
        "narrow": "yes",
        "highway": "footway",
        "lit": "yes",
        "smoothness": "good",
        "surface": "asphalt",
        "stroke": "#ff8800"
      }
    },
    {
      "type": "Feature",
      "geometry": {
        "type": "LineString",
        "coordinates": [
          [
            37.5763883,
            55.7330541
          ],
          [
            37.5784773,
            55.7341344
          ]
        ]
      },
      "properties": {
        "osm_id": 440047181,
        "osm_type": "way",
        "narrow": "no",
        "footway": "sidewalk",
        "highway": "footway",
        "lit": "yes",
        "surface": "asphalt"
      }
    },
    {
      "type": "Feature",
      "geometry": {
        "type": "LineString",
        "coordinates": [
          [
            37.5869408,
            55.7351262
          ],
          [
            37.5876114,
            55.7346999
          ]
        ]
      },
      "properties": {
        "osm_id": 450683295,
        "osm_type": "way",
        "narrow": "no",
        "highway": "footway",
        "lit": "yes",
        "surface": "paving_stones"
      }
    },
    {
      "type": "Feature",
      "geometry": {
        "type": "LineString",
        "coordinates": [
          [
            37.5785246,
            55.7410599
          ],
          [
            37.5786887,
            55.7410398
          ]
        ]
      },
      "properties": {
        "osm_id": 456461796,
        "osm_type": "way",
        "narrow": "no",
        "footway": "crossing",
        "highway": "footway",
        "lit": "yes",
        "surface": "asphalt"
      }
    },
    {
      "type": "Feature",
      "geometry": {
        "type": "LineString",
        "coordinates": [
          [
            37.5734552,
            55.7330675
          ],
          [
            37.5733443,
            55.7330741
          ]
        ]
      },
      "properties": {
        "osm_id": 464233320,
        "osm_type": "way",
        "narrow": "no",
        "highway": "footway",
        "lit": "yes",
        "surface": "paving_stones"
      }
    },
    {
      "type": "Feature",
      "geometry": {
        "type": "LineString",
        "coordinates": [
          [
            37.5776912,
            55.7349506
          ],
          [
            37.5776323,
            55.7349233
          ]
        ]
      },
      "properties": {
        "osm_id": 469688950,
        "osm_type": "way",
        "narrow": "no",
        "highway": "path",
        "smoothness": "excellent",
        "surface": "paving_stones"
      }
    },
    {
      "type": "Feature",
      "geometry": {
        "type": "LineString",
        "coordinates": [
          [
            37.5864237,
            55.7380943
          ],
          [
            37.5861701,
            55.7382558
          ]
        ]
      },
      "properties": {
        "osm_id": 477460662,
        "osm_type": "way",
        "narrow": "no",
        "footway": "sidewalk",
        "highway": "footway",
        "lit": "yes",
        "smoothness": "excellent",
        "surface": "paving_stones"
      }
    },
    {
      "type": "Feature",
      "geometry": {
        "type": "LineString",
        "coordinates": [
          [
            37.5861701,
            55.7382558
          ],
          [
            37.5860016,
            55.738344
          ]
        ]
      },
      "properties": {
        "osm_id": 477460662,
        "osm_type": "way",
        "narrow": "no",
        "footway": "sidewalk",
        "highway": "footway",
        "lit": "yes",
        "smoothness": "excellent",
        "surface": "paving_stones"
      }
    },
    {
      "type": "Feature",
      "geometry": {
        "type": "LineString",
        "coordinates": [
          [
            37.5854948,
            55.7388458
          ],
          [
            37.5854802,
            55.7388652
          ]
        ]
      },
      "properties": {
        "osm_id": 477460668,
        "osm_type": "way",
        "narrow": "no",
        "highway": "footway",
        "lit": "yes",
        "surface": "paving_stones"
      }
    },
    {
      "type": "Feature",
      "geometry": {
        "type": "LineString",
        "coordinates": [
          [
            37.5854802,
            55.7388652
          ],
          [
            37.5851404,
            55.739035
          ]
        ]
      },
      "properties": {
        "osm_id": 477460668,
        "osm_type": "way",
        "narrow": "yes",
        "highway": "footway",
        "lit": "yes",
        "surface": "paving_stones",
        "stroke": "#ff8800"
      }
    },
    {
      "type": "Feature",
      "geometry": {
        "type": "LineString",
        "coordinates": [
          [
            37.5877634,
            55.7354609
          ],
          [
            37.5878763,
            55.7353829
          ]
        ]
      },
      "properties": {
        "osm_id": 477460670,
        "osm_type": "way",
        "narrow": "no",
        "footway": "crossing",
        "highway": "footway",
        "lit": "yes",
        "surface": "asphalt"
      }
    },
    {
      "type": "Feature",
      "geometry": {
        "type": "LineString",
        "coordinates": [
          [
            37.5878579,
            55.7353243
          ],
          [
            37.5877354,
            55.7352548
          ]
        ]
      },
      "properties": {
        "osm_id": 477460671,
        "osm_type": "way",
        "narrow": "no",
        "footway": "crossing",
        "highway": "footway",
        "lit": "yes",
        "surface": "asphalt"
      }
    },
    {
      "type": "Feature",
      "geometry": {
        "type": "LineString",
        "coordinates": [
          [
            37.5898859,
            55.7340447
          ],
          [
            37.5897496,
            55.7339659
          ]
        ]
      },
      "properties": {
        "osm_id": 477460672,
        "osm_type": "way",
        "narrow": "no",
        "footway": "crossing",
        "highway": "footway",
        "lit": "yes",
        "surface": "asphalt"
      }
    },
    {
      "type": "Feature",
      "geometry": {
        "type": "LineString",
        "coordinates": [
          [
            37.5912633,
            55.7338715
          ],
          [
            37.5913952,
            55.7338174
          ]
        ]
      },
      "properties": {
        "osm_id": 477460673,
        "osm_type": "way",
        "narrow": "yes",
        "footway": "sidewalk",
        "highway": "footway",
        "lit": "yes",
        "surface": "asphalt",
        "stroke": "#ff8800"
      }
    },
    {
      "type": "Feature",
      "geometry": {
        "type": "LineString",
        "coordinates": [
          [
            37.5923186,
            55.7339336
          ],
          [
            37.5925128,
            55.7339758
          ]
        ]
      },
      "properties": {
        "osm_id": 477460674,
        "osm_type": "way",
        "narrow": "no",
        "highway": "footway",
        "lit": "yes",
        "surface": "paving_stones"
      }
    },
    {
      "type": "Feature",
      "geometry": {
        "type": "LineString",
        "coordinates": [
          [
            37.5937449,
            55.7352294
          ],
          [
            37.5936132,
            55.735046
          ]
        ]
      },
      "properties": {
        "osm_id": 483669867,
        "osm_type": "way",
        "narrow": "no",
        "footway": "sidewalk",
        "highway": "footway",
        "lit": "yes",
        "smoothness": "excellent",
        "surface": "paving_stones"
      }
    },
    {
      "type": "Feature",
      "geometry": {
        "type": "LineString",
        "coordinates": [
          [
            37.5936132,
            55.735046
          ],
          [
            37.5934701,
            55.7347677
          ]
        ]
      },
      "properties": {
        "osm_id": 483669867,
        "osm_type": "way",
        "narrow": "no",
        "footway": "sidewalk",
        "highway": "footway",
        "lit": "yes",
        "smoothness": "excellent",
        "surface": "paving_stones"
      }
    },
    {
      "type": "Feature",
      "geometry": {
        "type": "LineString",
        "coordinates": [
          [
            37.5934701,
            55.7347677
          ],
          [
            37.593282,
            55.7344481
          ]
        ]
      },
      "properties": {
        "osm_id": 483669867,
        "osm_type": "way",
        "narrow": "no",
        "footway": "sidewalk",
        "highway": "footway",
        "lit": "yes",
        "smoothness": "excellent",
        "surface": "paving_stones"
      }
    },
    {
      "type": "Feature",
      "geometry": {
        "type": "LineString",
        "coordinates": [
          [
            37.593282,
            55.7344481
          ],
          [
            37.5929651,
            55.7339072
          ]
        ]
      },
      "properties": {
        "osm_id": 483669867,
        "osm_type": "way",
        "narrow": "no",
        "footway": "sidewalk",
        "highway": "footway",
        "lit": "yes",
        "smoothness": "excellent",
        "surface": "paving_stones"
      }
    },
    {
      "type": "Feature",
      "geometry": {
        "type": "LineString",
        "coordinates": [
          [
            37.5929651,
            55.7339072
          ],
          [
            37.5929407,
            55.7338646
          ]
        ]
      },
      "properties": {
        "osm_id": 483669867,
        "osm_type": "way",
        "narrow": "no",
        "footway": "sidewalk",
        "highway": "footway",
        "lit": "yes",
        "smoothness": "excellent",
        "surface": "paving_stones"
      }
    },
    {
      "type": "Feature",
      "geometry": {
        "type": "LineString",
        "coordinates": [
          [
            37.5855984,
            55.7384654
          ],
          [
            37.5854785,
            55.7386105
          ]
        ]
      },
      "properties": {
        "osm_id": 483669868,
        "osm_type": "way",
        "narrow": "no",
        "footway": "sidewalk",
        "highway": "footway",
        "lit": "yes",
        "smoothness": "excellent",
        "surface": "paving_stones"
      }
    },
    {
      "type": "Feature",
      "geometry": {
        "type": "LineString",
        "coordinates": [
          [
            37.5854785,
            55.7386105
          ],
          [
            37.5853676,
            55.7387461
          ]
        ]
      },
      "properties": {
        "osm_id": 483669868,
        "osm_type": "way",
        "narrow": "no",
        "footway": "sidewalk",
        "highway": "footway",
        "lit": "yes",
        "smoothness": "excellent",
        "surface": "paving_stones"
      }
    },
    {
      "type": "Feature",
      "geometry": {
        "type": "LineString",
        "coordinates": [
          [
            37.5851404,
            55.739035
          ],
          [
            37.584974,
            55.7392806
          ]
        ]
      },
      "properties": {
        "osm_id": 483669869,
        "osm_type": "way",
        "narrow": "no",
        "highway": "footway",
        "lit": "yes",
        "surface": "asphalt"
      }
    },
    {
      "type": "Feature",
      "geometry": {
        "type": "LineString",
        "coordinates": [
          [
            37.5933369,
            55.7351377
          ],
          [
            37.5930846,
            55.7352182
          ]
        ]
      },
      "properties": {
        "osm_id": 498946738,
        "osm_type": "way",
        "narrow": "no",
        "highway": "footway",
        "indoor": "yes",
        "lit": "yes",
        "surface": "paving_stones"
      }
    },
    {
      "type": "Feature",
      "geometry": {
        "type": "LineString",
        "coordinates": [
          [
            37.5930846,
            55.7352182
          ],
          [
            37.5928007,
            55.7353088
          ]
        ]
      },
      "properties": {
        "osm_id": 498946738,
        "osm_type": "way",
        "narrow": "no",
        "highway": "footway",
        "indoor": "yes",
        "lit": "yes",
        "surface": "paving_stones"
      }
    },
    {
      "type": "Feature",
      "geometry": {
        "type": "LineString",
        "coordinates": [
          [
            37.5806348,
            55.7277656
          ],
          [
            37.5801098,
            55.7282226
          ]
        ]
      },
      "properties": {
        "osm_id": 505259680,
        "osm_type": "way",
        "narrow": "no",
        "footway": "sidewalk",
        "highway": "footway",
        "surface": "asphalt",
        "width": "3"
      }
    },
    {
      "type": "Feature",
      "geometry": {
        "type": "LineString",
        "coordinates": [
          [
            37.5801098,
            55.7282226
          ],
          [
            37.5796569,
            55.7286975
          ]
        ]
      },
      "properties": {
        "osm_id": 505259680,
        "osm_type": "way",
        "narrow": "no",
        "footway": "sidewalk",
        "highway": "footway",
        "surface": "asphalt",
        "width": "3"
      }
    },
    {
      "type": "Feature",
      "geometry": {
        "type": "LineString",
        "coordinates": [
          [
            37.5796569,
            55.7286975
          ],
          [
            37.5797452,
            55.7287305
          ]
        ]
      },
      "properties": {
        "osm_id": 505259680,
        "osm_type": "way",
        "narrow": "no",
        "footway": "sidewalk",
        "highway": "footway",
        "surface": "asphalt",
        "width": "3"
      }
    },
    {
      "type": "Feature",
      "geometry": {
        "type": "LineString",
        "coordinates": [
          [
            37.5797452,
            55.7287305
          ],
          [
            37.5874035,
            55.7315894
          ]
        ]
      },
      "properties": {
        "osm_id": 505259680,
        "osm_type": "way",
        "narrow": "no",
        "footway": "sidewalk",
        "highway": "footway",
        "surface": "asphalt",
        "width": "3"
      }
    },
    {
      "type": "Feature",
      "geometry": {
        "type": "LineString",
        "coordinates": [
          [
            37.5932375,
            55.7344561
          ],
          [
            37.593282,
            55.7344481
          ]
        ]
      },
      "properties": {
        "osm_id": 521190059,
        "osm_type": "way",
        "narrow": "no",
        "highway": "footway",
        "lit": "yes",
        "smoothness": "excellent",
        "surface": "paving_stones"
      }
    },
    {
      "type": "Feature",
      "geometry": {
        "type": "LineString",
        "coordinates": [
          [
            37.5931462,
            55.7344726
          ],
          [
            37.5931101,
            55.73440899999999
          ]
        ]
      },
      "properties": {
        "osm_id": 521190061,
        "osm_type": "way",
        "narrow": "no",
        "highway": "footway",
        "lit": "yes",
        "smoothness": "good",
        "surface": "paving_stones"
      }
    },
    {
      "type": "Feature",
      "geometry": {
        "type": "LineString",
        "coordinates": [
          [
            37.5931101,
            55.73440899999999
          ],
          [
            37.5929283,
            55.7344417
          ]
        ]
      },
      "properties": {
        "osm_id": 521190061,
        "osm_type": "way",
        "narrow": "no",
        "highway": "footway",
        "lit": "yes",
        "smoothness": "good",
        "surface": "paving_stones"
      }
    },
    {
      "type": "Feature",
      "geometry": {
        "type": "LineString",
        "coordinates": [
          [
            37.5931294,
            55.7344756
          ],
          [
            37.5931462,
            55.7344726
          ]
        ]
      },
      "properties": {
        "osm_id": 521190062,
        "osm_type": "way",
        "narrow": "no",
        "highway": "footway",
        "lit": "yes",
        "smoothness": "excellent",
        "surface": "paving_stones"
      }
    },
    {
      "type": "Feature",
      "geometry": {
        "type": "LineString",
        "coordinates": [
          [
            37.5931462,
            55.7344726
          ],
          [
            37.5931907,
            55.7344646
          ]
        ]
      },
      "properties": {
        "osm_id": 521190062,
        "osm_type": "way",
        "narrow": "yes",
        "highway": "footway",
        "lit": "yes",
        "smoothness": "excellent",
        "surface": "paving_stones",
        "stroke": "#ff8800"
      }
    },
    {
      "type": "Feature",
      "geometry": {
        "type": "LineString",
        "coordinates": [
          [
            37.5929779,
            55.7348479
          ],
          [
            37.5931521,
            55.7348195
          ]
        ]
      },
      "properties": {
        "osm_id": 521190063,
        "osm_type": "way",
        "narrow": "no",
        "highway": "footway",
        "lit": "yes",
        "smoothness": "excellent",
        "surface": "paving_stones"
      }
    },
    {
      "type": "Feature",
      "geometry": {
        "type": "LineString",
        "coordinates": [
          [
            37.5931521,
            55.7348195
          ],
          [
            37.5934701,
            55.7347677
          ]
        ]
      },
      "properties": {
        "osm_id": 521190063,
        "osm_type": "way",
        "narrow": "no",
        "highway": "footway",
        "lit": "yes",
        "smoothness": "excellent",
        "surface": "paving_stones"
      }
    },
    {
      "type": "Feature",
      "geometry": {
        "type": "LineString",
        "coordinates": [
          [
            37.5854802,
            55.7388652
          ],
          [
            37.5847271,
            55.7403466
          ]
        ]
      },
      "properties": {
        "osm_id": 524344364,
        "osm_type": "way",
        "narrow": "no",
        "highway": "footway",
        "lit": "yes",
        "surface": "asphalt"
      }
    },
    {
      "type": "Feature",
      "geometry": {
        "type": "LineString",
        "coordinates": [
          [
            37.5847271,
            55.7403466
          ],
          [
            37.5845956,
            55.74063
          ]
        ]
      },
      "properties": {
        "osm_id": 524344364,
        "osm_type": "way",
        "narrow": "no",
        "highway": "footway",
        "lit": "yes",
        "surface": "asphalt"
      }
    },
    {
      "type": "Feature",
      "geometry": {
        "type": "LineString",
        "coordinates": [
          [
            37.5845956,
            55.74063
          ],
          [
            37.5843636,
            55.7407706
          ]
        ]
      },
      "properties": {
        "osm_id": 524344364,
        "osm_type": "way",
        "narrow": "no",
        "highway": "footway",
        "lit": "yes",
        "surface": "asphalt"
      }
    },
    {
      "type": "Feature",
      "geometry": {
        "type": "LineString",
        "coordinates": [
          [
            37.5846446,
            55.7337709
          ],
          [
            37.5849223,
            55.7338874
          ]
        ]
      },
      "properties": {
        "osm_id": 557626648,
        "osm_type": "way",
        "narrow": "no",
        "highway": "footway",
        "surface": "fine_gravel"
      }
    },
    {
      "type": "Feature",
      "geometry": {
        "type": "LineString",
        "coordinates": [
          [
            37.5813526,
            55.7278557
          ],
          [
            37.5818836,
            55.7280533
          ]
        ]
      },
      "properties": {
        "osm_id": 572818098,
        "osm_type": "way",
        "narrow": "no",
        "footway": "sidewalk",
        "highway": "footway",
        "lit": "yes",
        "surface": "grass_paver"
      }
    },
    {
      "type": "Feature",
      "geometry": {
        "type": "LineString",
        "coordinates": [
          [
            37.58121,
            55.7279813
          ],
          [
            37.5813526,
            55.7278557
          ]
        ]
      },
      "properties": {
        "osm_id": 572818099,
        "osm_type": "way",
        "narrow": "no",
        "crossing": "uncontrolled",
        "crossing:island": "no",
        "crossing:markings": "zebra:bicolour",
        "footway": "crossing",
        "highway": "footway",
        "lit": "yes",
        "surface": "asphalt"
      }
    },
    {
      "type": "Feature",
      "geometry": {
        "type": "LineString",
        "coordinates": [
          [
            37.5780842,
            55.7354364
          ],
          [
            37.5785932,
            55.7354348
          ]
        ]
      },
      "properties": {
        "osm_id": 627448904,
        "osm_type": "way",
        "narrow": "yes",
        "highway": "footway",
        "lit": "yes",
        "surface": "paving_stones",
        "stroke": "#ff8800"
      }
    },
    {
      "type": "Feature",
      "geometry": {
        "type": "LineString",
        "coordinates": [
          [
            37.5785932,
            55.7354348
          ],
          [
            37.5785932,
            55.73556310000001
          ]
        ]
      },
      "properties": {
        "osm_id": 627448904,
        "osm_type": "way",
        "narrow": "no",
        "highway": "footway",
        "lit": "yes",
        "surface": "paving_stones"
      }
    },
    {
      "type": "Feature",
      "geometry": {
        "type": "LineString",
        "coordinates": [
          [
            37.5785932,
            55.73556310000001
          ],
          [
            37.5783949,
            55.7356215
          ]
        ]
      },
      "properties": {
        "osm_id": 627448904,
        "osm_type": "way",
        "narrow": "no",
        "highway": "footway",
        "lit": "yes",
        "surface": "paving_stones"
      }
    },
    {
      "type": "Feature",
      "geometry": {
        "type": "LineString",
        "coordinates": [
          [
            37.5876041,
            55.7354918
          ],
          [
            37.5874643,
            55.7354259
          ]
        ]
      },
      "properties": {
        "osm_id": 752679638,
        "osm_type": "way",
        "narrow": "no",
        "highway": "footway",
        "lit": "yes",
        "surface": "asphalt"
      }
    },
    {
      "type": "Feature",
      "geometry": {
        "type": "LineString",
        "coordinates": [
          [
            37.5864268,
            55.7363462
          ],
          [
            37.586559850209206,
            55.73641927685959
          ]
        ]
      },
      "properties": {
        "osm_id": 802297173,
        "osm_type": "way",
        "narrow": "no",
        "highway": "path"
      }
    },
    {
      "type": "Feature",
      "geometry": {
        "type": "LineString",
        "coordinates": [
          [
            37.586559850209206,
            55.73641927685959
          ],
          [
            37.58696626738082,
            55.736642495961995
          ]
        ]
      },
      "properties": {
        "osm_id": 802297173,
        "osm_type": "way",
        "narrow": "no",
        "highway": "path"
      }
    },
    {
      "type": "Feature",
      "geometry": {
        "type": "LineString",
        "coordinates": [
          [
            37.58696626738082,
            55.736642495961995
          ],
          [
            37.5871336,
            55.7367344
          ]
        ]
      },
      "properties": {
        "osm_id": 802297173,
        "osm_type": "way",
        "narrow": "no",
        "highway": "path"
      }
    },
    {
      "type": "Feature",
      "geometry": {
        "type": "LineString",
        "coordinates": [
          [
            37.5863231,
            55.7362935
          ],
          [
            37.5864268,
            55.7363462
          ]
        ]
      },
      "properties": {
        "osm_id": 802297174,
        "osm_type": "way",
        "narrow": "no",
        "highway": "footway",
        "lit": "yes"
      }
    },
    {
      "type": "Feature",
      "geometry": {
        "type": "LineString",
        "coordinates": [
          [
            37.5864268,
            55.7363462
          ],
          [
            37.5864036,
            55.7363607
          ]
        ]
      },
      "properties": {
        "osm_id": 802297174,
        "osm_type": "way",
        "narrow": "no",
        "highway": "footway",
        "lit": "yes"
      }
    },
    {
      "type": "Feature",
      "geometry": {
        "type": "LineString",
        "coordinates": [
          [
            37.5842698,
            55.7320573
          ],
          [
            37.5843267,
            55.7320635
          ]
        ]
      },
      "properties": {
        "osm_id": 806384059,
        "osm_type": "way",
        "narrow": "no",
        "highway": "footway",
        "lit": "no",
        "surface": "asphalt"
      }
    },
    {
      "type": "Feature",
      "geometry": {
        "type": "LineString",
        "coordinates": [
          [
            37.5862077,
            55.7330181
          ],
          [
            37.5861018,
            55.7329396
          ]
        ]
      },
      "properties": {
        "osm_id": 812973234,
        "osm_type": "way",
        "narrow": "no",
        "highway": "footway",
        "lit": "yes",
        "surface": "paving_stones"
      }
    },
    {
      "type": "Feature",
      "geometry": {
        "type": "LineString",
        "coordinates": [
          [
            37.5861018,
            55.7329396
          ],
          [
            37.5860621,
            55.7329274
          ]
        ]
      },
      "properties": {
        "osm_id": 812973234,
        "osm_type": "way",
        "narrow": "no",
        "highway": "footway",
        "lit": "yes",
        "surface": "paving_stones"
      }
    },
    {
      "type": "Feature",
      "geometry": {
        "type": "LineString",
        "coordinates": [
          [
            37.5773701,
            55.7358561
          ],
          [
            37.577124,
            55.7356742
          ]
        ]
      },
      "properties": {
        "osm_id": 817021011,
        "osm_type": "way",
        "narrow": "no",
        "highway": "footway",
        "lit": "yes",
        "surface": "paving_stones"
      }
    },
    {
      "type": "Feature",
      "geometry": {
        "type": "LineString",
        "coordinates": [
          [
            37.5837253,
            55.7286126
          ],
          [
            37.5834464,
            55.7284796
          ]
        ]
      },
      "properties": {
        "osm_id": 817646804,
        "osm_type": "way",
        "narrow": "no",
        "highway": "footway",
        "lit": "yes",
        "surface": "paving_stones"
      }
    },
    {
      "type": "Feature",
      "geometry": {
        "type": "LineString",
        "coordinates": [
          [
            37.5925128,
            55.7339758
          ],
          [
            37.5929651,
            55.7339072
          ]
        ]
      },
      "properties": {
        "osm_id": 818912308,
        "osm_type": "way",
        "narrow": "yes",
        "footway": "sidewalk",
        "highway": "footway",
        "lit": "yes",
        "smoothness": "good",
        "surface": "paving_stones",
        "stroke": "#ff8800"
      }
    },
    {
      "type": "Feature",
      "geometry": {
        "type": "LineString",
        "coordinates": [
          [
            37.5877753,
            55.7333628
          ],
          [
            37.589196,
            55.7339962
          ]
        ]
      },
      "properties": {
        "osm_id": 818912309,
        "osm_type": "way",
        "narrow": "no",
        "footway": "sidewalk",
        "highway": "footway",
        "lit": "yes",
        "surface": "asphalt"
      }
    },
    {
      "type": "Feature",
      "geometry": {
        "type": "LineString",
        "coordinates": [
          [
            37.5840745,
            55.7366448
          ],
          [
            37.5843739,
            55.736793
          ]
        ]
      },
      "properties": {
        "osm_id": 828465884,
        "osm_type": "way",
        "narrow": "no",
        "footway": "sidewalk",
        "highway": "footway",
        "lit": "no",
        "surface": "asphalt"
      }
    },
    {
      "type": "Feature",
      "geometry": {
        "type": "LineString",
        "coordinates": [
          [
            37.5797452,
            55.7287305
          ],
          [
            37.5797704,
            55.7287071
          ]
        ]
      },
      "properties": {
        "osm_id": 841503416,
        "osm_type": "way",
        "narrow": "no",
        "highway": "footway",
        "lit": "yes",
        "smoothness": "excellent",
        "surface": "asphalt"
      }
    },
    {
      "type": "Feature",
      "geometry": {
        "type": "LineString",
        "coordinates": [
          [
            37.5797704,
            55.7287071
          ],
          [
            37.5802817,
            55.7282859
          ]
        ]
      },
      "properties": {
        "osm_id": 841503417,
        "osm_type": "way",
        "narrow": "no",
        "highway": "footway",
        "indoor": "yes",
        "indoor:level": "1",
        "lit": "yes"
      }
    },
    {
      "type": "Feature",
      "geometry": {
        "type": "LineString",
        "coordinates": [
          [
            37.5802817,
            55.7282859
          ],
          [
            37.5808001,
            55.7278588
          ]
        ]
      },
      "properties": {
        "osm_id": 841503417,
        "osm_type": "way",
        "narrow": "no",
        "highway": "footway",
        "indoor": "yes",
        "indoor:level": "1",
        "lit": "yes"
      }
    },
    {
      "type": "Feature",
      "geometry": {
        "type": "LineString",
        "coordinates": [
          [
            37.5808001,
            55.7278588
          ],
          [
            37.5808258,
            55.7278364
          ]
        ]
      },
      "properties": {
        "osm_id": 841503418,
        "osm_type": "way",
        "narrow": "yes",
        "highway": "footway",
        "lit": "yes",
        "stroke": "#ff8800"
      }
    },
    {
      "type": "Feature",
      "geometry": {
        "type": "LineString",
        "coordinates": [
          [
            37.580994,
            55.7279312
          ],
          [
            37.581015,
            55.7279071
          ]
        ]
      },
      "properties": {
        "osm_id": 841503419,
        "osm_type": "way",
        "narrow": "yes",
        "highway": "footway",
        "lit": "yes",
        "stroke": "#ff8800"
      }
    },
    {
      "type": "Feature",
      "geometry": {
        "type": "LineString",
        "coordinates": [
          [
            37.5801386,
            55.7282323
          ],
          [
            37.5801098,
            55.7282226
          ]
        ]
      },
      "properties": {
        "osm_id": 841503420,
        "osm_type": "way",
        "narrow": "yes",
        "highway": "footway",
        "lit": "yes",
        "surface": "paving_stones",
        "stroke": "#ff8800"
      }
    },
    {
      "type": "Feature",
      "geometry": {
        "type": "LineString",
        "coordinates": [
          [
            37.5802817,
            55.7282859
          ],
          [
            37.5801386,
            55.7282323
          ]
        ]
      },
      "properties": {
        "osm_id": 841503421,
        "osm_type": "way",
        "narrow": "no",
        "highway": "footway",
        "indoor": "yes",
        "indoor:level": "1",
        "lit": "yes"
      }
    },
    {
      "type": "Feature",
      "geometry": {
        "type": "LineString",
        "coordinates": [
          [
            37.5796295,
            55.7291402
          ],
          [
            37.5794543,
            55.7291768
          ]
        ]
      },
      "properties": {
        "osm_id": 841503422,
        "osm_type": "way",
        "narrow": "yes",
        "highway": "footway",
        "lit": "yes",
        "surface": "paving_stones",
        "stroke": "#ff8800"
      }
    },
    {
      "type": "Feature",
      "geometry": {
        "type": "LineString",
        "coordinates": [
          [
            37.5793094,
            55.730234
          ],
          [
            37.5792353,
            55.730215
          ]
        ]
      },
      "properties": {
        "osm_id": 841503423,
        "osm_type": "way",
        "narrow": "yes",
        "highway": "footway",
        "stroke": "#ff8800"
      }
    },
    {
      "type": "Feature",
      "geometry": {
        "type": "LineString",
        "coordinates": [
          [
            37.5791709,
            55.7302071
          ],
          [
            37.5791771,
            55.7301879
          ]
        ]
      },
      "properties": {
        "osm_id": 841503423,
        "osm_type": "way",
        "narrow": "no",
        "highway": "footway"
      }
    },
    {
      "type": "Feature",
      "geometry": {
        "type": "LineString",
        "coordinates": [
          [
            37.5791709,
            55.7302071
          ],
          [
            37.5792353,
            55.730215
          ]
        ]
      },
      "properties": {
        "osm_id": 841503424,
        "osm_type": "way",
        "narrow": "no",
        "highway": "footway"
      }
    },
    {
      "type": "Feature",
      "geometry": {
        "type": "LineString",
        "coordinates": [
          [
            37.5795895,
            55.7288006
          ],
          [
            37.5796569,
            55.7286975
          ]
        ]
      },
      "properties": {
        "osm_id": 844006084,
        "osm_type": "way",
        "narrow": "no",
        "footway": "crossing",
        "highway": "footway",
        "lit": "yes",
        "smoothness": "good",
        "surface": "asphalt"
      }
    },
    {
      "type": "Feature",
      "geometry": {
        "type": "LineString",
        "coordinates": [
          [
            37.5794864,
            55.7289427
          ],
          [
            37.5795058,
            55.7289456
          ]
        ]
      },
      "properties": {
        "osm_id": 844006085,
        "osm_type": "way",
        "narrow": "yes",
        "footway": "sidewalk",
        "highway": "footway",
        "lit": "yes",
        "smoothness": "good",
        "surface": "asphalt",
        "stroke": "#ff8800"
      }
    },
    {
      "type": "Feature",
      "geometry": {
        "type": "LineString",
        "coordinates": [
          [
            37.5786134,
            55.7309357
          ],
          [
            37.5784937,
            55.7309164
          ]
        ]
      },
      "properties": {
        "osm_id": 844006093,
        "osm_type": "way",
        "narrow": "no",
        "crossing": "uncontrolled",
        "footway": "crossing",
        "highway": "footway",
        "lit": "yes",
        "surface": "asphalt"
      }
    },
    {
      "type": "Feature",
      "geometry": {
        "type": "LineString",
        "coordinates": [
          [
            37.578666,
            55.7310115
          ],
          [
            37.5786122,
            55.731118
          ]
        ]
      },
      "properties": {
        "osm_id": 844006102,
        "osm_type": "way",
        "narrow": "no",
        "crossing": "uncontrolled",
        "footway": "crossing",
        "highway": "footway",
        "lit": "yes",
        "smoothness": "excellent",
        "surface": "asphalt"
      }
    },
    {
      "type": "Feature",
      "geometry": {
        "type": "LineString",
        "coordinates": [
          [
            37.5786122,
            55.731118
          ],
          [
            37.5786092,
            55.7311266
          ]
        ]
      },
      "properties": {
        "osm_id": 844006104,
        "osm_type": "way",
        "narrow": "no",
        "crossing": "uncontrolled",
        "footway": "sidewalk",
        "highway": "footway",
        "lit": "yes",
        "surface": "asphalt"
      }
    },
    {
      "type": "Feature",
      "geometry": {
        "type": "LineString",
        "coordinates": [
          [
            37.5847404,
            55.7311464
          ],
          [
            37.5847763,
            55.7310662
          ]
        ]
      },
      "properties": {
        "osm_id": 844406042,
        "osm_type": "way",
        "narrow": "no",
        "highway": "footway",
        "lit": "yes",
        "surface": "asphalt"
      }
    },
    {
      "type": "Feature",
      "geometry": {
        "type": "LineString",
        "coordinates": [
          [
            37.5847763,
            55.7310662
          ],
          [
            37.5848192,
            55.7309706
          ]
        ]
      },
      "properties": {
        "osm_id": 844406042,
        "osm_type": "way",
        "narrow": "no",
        "highway": "footway",
        "lit": "yes",
        "surface": "asphalt"
      }
    },
    {
      "type": "Feature",
      "geometry": {
        "type": "LineString",
        "coordinates": [
          [
            37.5848192,
            55.7309706
          ],
          [
            37.584869,
            55.7308593
          ]
        ]
      },
      "properties": {
        "osm_id": 844406042,
        "osm_type": "way",
        "narrow": "no",
        "highway": "footway",
        "lit": "yes",
        "surface": "asphalt"
      }
    },
    {
      "type": "Feature",
      "geometry": {
        "type": "LineString",
        "coordinates": [
          [
            37.5848192,
            55.7309706
          ],
          [
            37.5847088,
            55.7308774
          ]
        ]
      },
      "properties": {
        "osm_id": 844406043,
        "osm_type": "way",
        "narrow": "no",
        "highway": "footway",
        "lit": "no",
        "surface": "asphalt"
      }
    },
    {
      "type": "Feature",
      "geometry": {
        "type": "LineString",
        "coordinates": [
          [
            37.5847091,
            55.7310606
          ],
          [
            37.5847763,
            55.7310662
          ]
        ]
      },
      "properties": {
        "osm_id": 844406044,
        "osm_type": "way",
        "narrow": "no",
        "highway": "footway",
        "lit": "yes",
        "surface": "asphalt"
      }
    },
    {
      "type": "Feature",
      "geometry": {
        "type": "LineString",
        "coordinates": [
          [
            37.58443,
            55.7309429
          ],
          [
            37.5843395,
            55.7309313
          ]
        ]
      },
      "properties": {
        "osm_id": 844406046,
        "osm_type": "way",
        "narrow": "yes",
        "highway": "footway",
        "lit": "yes",
        "surface": "asphalt",
        "stroke": "#ff8800"
      }
    },
    {
      "type": "Feature",
      "geometry": {
        "type": "LineString",
        "coordinates": [
          [
            37.5842237,
            55.7320234
          ],
          [
            37.5842791,
            55.7320281
          ]
        ]
      },
      "properties": {
        "osm_id": 844406048,
        "osm_type": "way",
        "narrow": "no",
        "highway": "footway",
        "lit": "yes",
        "surface": "asphalt"
      }
    },
    {
      "type": "Feature",
      "geometry": {
        "type": "LineString",
        "coordinates": [
          [
            37.5844039,
            55.7316083
          ],
          [
            37.5844894,
            55.7316198
          ]
        ]
      },
      "properties": {
        "osm_id": 844406050,
        "osm_type": "way",
        "narrow": "no",
        "highway": "footway",
        "lit": "yes",
        "surface": "asphalt"
      }
    },
    {
      "type": "Feature",
      "geometry": {
        "type": "LineString",
        "coordinates": [
          [
            37.584545,
            55.7321701
          ],
          [
            37.5846784,
            55.7320181
          ]
        ]
      },
      "properties": {
        "osm_id": 844406925,
        "osm_type": "way",
        "narrow": "no",
        "highway": "footway",
        "lit": "yes",
        "surface": "asphalt"
      }
    },
    {
      "type": "Feature",
      "geometry": {
        "type": "LineString",
        "coordinates": [
          [
            37.585411,
            55.7327703
          ],
          [
            37.5854274,
            55.7327535
          ]
        ]
      },
      "properties": {
        "osm_id": 844408169,
        "osm_type": "way",
        "narrow": "yes",
        "highway": "footway",
        "lit": "yes",
        "surface": "asphalt",
        "stroke": "#ff8800"
      }
    },
    {
      "type": "Feature",
      "geometry": {
        "type": "LineString",
        "coordinates": [
          [
            37.5854274,
            55.7327535
          ],
          [
            37.5854434,
            55.7327371
          ]
        ]
      },
      "properties": {
        "osm_id": 844408169,
        "osm_type": "way",
        "narrow": "no",
        "highway": "footway",
        "lit": "yes",
        "surface": "asphalt"
      }
    },
    {
      "type": "Feature",
      "geometry": {
        "type": "LineString",
        "coordinates": [
          [
            37.5856115,
            55.732832
          ],
          [
            37.5856284,
            55.7328153
          ]
        ]
      },
      "properties": {
        "osm_id": 844408170,
        "osm_type": "way",
        "narrow": "yes",
        "highway": "footway",
        "lit": "yes",
        "surface": "asphalt",
        "stroke": "#ff8800"
      }
    },
    {
      "type": "Feature",
      "geometry": {
        "type": "LineString",
        "coordinates": [
          [
            37.5856284,
            55.7328153
          ],
          [
            37.5856448,
            55.732799
          ]
        ]
      },
      "properties": {
        "osm_id": 844408170,
        "osm_type": "way",
        "narrow": "no",
        "highway": "footway",
        "lit": "yes",
        "surface": "asphalt"
      }
    },
    {
      "type": "Feature",
      "geometry": {
        "type": "LineString",
        "coordinates": [
          [
            37.5858447,
            55.7329037
          ],
          [
            37.5858608,
            55.7328867
          ]
        ]
      },
      "properties": {
        "osm_id": 844408171,
        "osm_type": "way",
        "narrow": "yes",
        "highway": "footway",
        "lit": "yes",
        "surface": "asphalt",
        "stroke": "#ff8800"
      }
    },
    {
      "type": "Feature",
      "geometry": {
        "type": "LineString",
        "coordinates": [
          [
            37.5858608,
            55.7328867
          ],
          [
            37.5858764,
            55.7328703
          ]
        ]
      },
      "properties": {
        "osm_id": 844408171,
        "osm_type": "way",
        "narrow": "no",
        "highway": "footway",
        "lit": "yes",
        "surface": "asphalt"
      }
    },
    {
      "type": "Feature",
      "geometry": {
        "type": "LineString",
        "coordinates": [
          [
            37.5841909,
            55.7324672
          ],
          [
            37.5841857,
            55.7324479
          ]
        ]
      },
      "properties": {
        "osm_id": 844409029,
        "osm_type": "way",
        "narrow": "no",
        "highway": "footway",
        "lit": "yes",
        "surface": "asphalt"
      }
    },
    {
      "type": "Feature",
      "geometry": {
        "type": "LineString",
        "coordinates": [
          [
            37.5842856,
            55.7324607
          ],
          [
            37.5842778,
            55.7324262
          ]
        ]
      },
      "properties": {
        "osm_id": 844409030,
        "osm_type": "way",
        "narrow": "no",
        "highway": "footway",
        "lit": "yes",
        "surface": "asphalt"
      }
    },
    {
      "type": "Feature",
      "geometry": {
        "type": "LineString",
        "coordinates": [
          [
            37.583242,
            55.7322805
          ],
          [
            37.5832222,
            55.7322998
          ]
        ]
      },
      "properties": {
        "osm_id": 844409655,
        "osm_type": "way",
        "narrow": "yes",
        "highway": "footway",
        "lit": "yes",
        "smoothness": "excellent",
        "surface": "asphalt",
        "stroke": "#ff8800"
      }
    },
    {
      "type": "Feature",
      "geometry": {
        "type": "LineString",
        "coordinates": [
          [
            37.5828588,
            55.7321667
          ],
          [
            37.5828347,
            55.7321909
          ]
        ]
      },
      "properties": {
        "osm_id": 844409656,
        "osm_type": "way",
        "narrow": "yes",
        "highway": "footway",
        "lit": "yes",
        "smoothness": "excellent",
        "surface": "asphalt",
        "stroke": "#ff8800"
      }
    },
    {
      "type": "Feature",
      "geometry": {
        "type": "LineString",
        "coordinates": [
          [
            37.5820615,
            55.73193
          ],
          [
            37.5820304,
            55.7319625
          ]
        ]
      },
      "properties": {
        "osm_id": 844409657,
        "osm_type": "way",
        "narrow": "yes",
        "highway": "footway",
        "lit": "yes",
        "surface": "asphalt",
        "stroke": "#ff8800"
      }
    },
    {
      "type": "Feature",
      "geometry": {
        "type": "LineString",
        "coordinates": [
          [
            37.5824472,
            55.7320445
          ],
          [
            37.58242,
            55.7320735
          ]
        ]
      },
      "properties": {
        "osm_id": 844409658,
        "osm_type": "way",
        "narrow": "yes",
        "highway": "footway",
        "lit": "yes",
        "smoothness": "excellent",
        "surface": "asphalt",
        "stroke": "#ff8800"
      }
    },
    {
      "type": "Feature",
      "geometry": {
        "type": "LineString",
        "coordinates": [
          [
            37.5818913,
            55.7318447
          ],
          [
            37.5818219,
            55.731903
          ]
        ]
      },
      "properties": {
        "osm_id": 844409659,
        "osm_type": "way",
        "narrow": "yes",
        "highway": "footway",
        "lit": "yes",
        "surface": "asphalt",
        "stroke": "#ff8800"
      }
    },
    {
      "type": "Feature",
      "geometry": {
        "type": "LineString",
        "coordinates": [
          [
            37.5800715,
            55.7313712
          ],
          [
            37.5800502,
            55.7313941
          ]
        ]
      },
      "properties": {
        "osm_id": 844411620,
        "osm_type": "way",
        "narrow": "no",
        "highway": "footway"
      }
    },
    {
      "type": "Feature",
      "geometry": {
        "type": "LineString",
        "coordinates": [
          [
            37.579559,
            55.7311651
          ],
          [
            37.5794834,
            55.7312313
          ]
        ]
      },
      "properties": {
        "osm_id": 844412107,
        "osm_type": "way",
        "narrow": "yes",
        "highway": "footway",
        "lit": "yes",
        "surface": "asphalt",
        "stroke": "#ff8800"
      }
    },
    {
      "type": "Feature",
      "geometry": {
        "type": "LineString",
        "coordinates": [
          [
            37.5793486,
            55.7310957
          ],
          [
            37.5792733,
            55.7311716
          ]
        ]
      },
      "properties": {
        "osm_id": 844412108,
        "osm_type": "way",
        "narrow": "yes",
        "highway": "footway",
        "lit": "yes",
        "surface": "asphalt",
        "stroke": "#ff8800"
      }
    },
    {
      "type": "Feature",
      "geometry": {
        "type": "LineString",
        "coordinates": [
          [
            37.5787411,
            55.7309567
          ],
          [
            37.578854,
            55.7309312
          ]
        ]
      },
      "properties": {
        "osm_id": 844412109,
        "osm_type": "way",
        "narrow": "no",
        "highway": "footway",
        "lit": "yes",
        "surface": "paving_stones"
      }
    },
    {
      "type": "Feature",
      "geometry": {
        "type": "LineString",
        "coordinates": [
          [
            37.5802381,
            55.7303839
          ],
          [
            37.5802006,
            55.7304176
          ]
        ]
      },
      "properties": {
        "osm_id": 844426892,
        "osm_type": "way",
        "narrow": "no",
        "highway": "footway"
      }
    },
    {
      "type": "Feature",
      "geometry": {
        "type": "LineString",
        "coordinates": [
          [
            37.5858215,
            55.7319562
          ],
          [
            37.5859819,
            55.7319762
          ]
        ]
      },
      "properties": {
        "osm_id": 850459096,
        "osm_type": "way",
        "narrow": "no",
        "highway": "footway",
        "lit": "no",
        "surface": "asphalt"
      }
    },
    {
      "type": "Feature",
      "geometry": {
        "type": "LineString",
        "coordinates": [
          [
            37.5782258,
            55.7369008
          ],
          [
            37.5787244,
            55.7368091
          ]
        ]
      },
      "properties": {
        "osm_id": 957640448,
        "osm_type": "way",
        "narrow": "no",
        "highway": "footway",
        "lit": "yes",
        "source": "Bing",
        "surface": "paving_stones"
      }
    },
    {
      "type": "Feature",
      "geometry": {
        "type": "LineString",
        "coordinates": [
          [
            37.5787244,
            55.7368091
          ],
          [
            37.5788434,
            55.7366929
          ]
        ]
      },
      "properties": {
        "osm_id": 957640448,
        "osm_type": "way",
        "narrow": "no",
        "highway": "footway",
        "lit": "yes",
        "source": "Bing",
        "surface": "paving_stones"
      }
    },
    {
      "type": "Feature",
      "geometry": {
        "type": "LineString",
        "coordinates": [
          [
            37.5910239,
            55.7340839
          ],
          [
            37.5913614,
            55.7339523
          ]
        ]
      },
      "properties": {
        "osm_id": 1040822215,
        "osm_type": "way",
        "narrow": "no",
        "highway": "footway",
        "lit": "yes",
        "smoothness": "good",
        "surface": "asphalt"
      }
    },
    {
      "type": "Feature",
      "geometry": {
        "type": "LineString",
        "coordinates": [
          [
            37.5913614,
            55.7339523
          ],
          [
            37.5919933,
            55.7337058
          ]
        ]
      },
      "properties": {
        "osm_id": 1040822215,
        "osm_type": "way",
        "narrow": "no",
        "highway": "footway",
        "lit": "yes",
        "smoothness": "good",
        "surface": "asphalt"
      }
    },
    {
      "type": "Feature",
      "geometry": {
        "type": "LineString",
        "coordinates": [
          [
            37.5759754,
            55.7376659
          ],
          [
            37.5798246,
            55.737417
          ]
        ]
      },
      "properties": {
        "osm_id": 1046479394,
        "osm_type": "way",
        "narrow": "no",
        "footway": "sidewalk",
        "highway": "footway",
        "lit": "yes",
        "smoothness": "excellent",
        "surface": "asphalt"
      }
    },
    {
      "type": "Feature",
      "geometry": {
        "type": "LineString",
        "coordinates": [
          [
            37.5761403,
            55.7382683
          ],
          [
            37.5759483,
            55.7376778
          ]
        ]
      },
      "properties": {
        "osm_id": 1046479505,
        "osm_type": "way",
        "narrow": "yes",
        "footway": "sidewalk",
        "highway": "footway",
        "lit": "yes",
        "smoothness": "intermediate",
        "surface": "paving_stones",
        "stroke": "#ff8800"
      }
    },
    {
      "type": "Feature",
      "geometry": {
        "type": "LineString",
        "coordinates": [
          [
            37.5759483,
            55.7376778
          ],
          [
            37.5759754,
            55.7376659
          ]
        ]
      },
      "properties": {
        "osm_id": 1046479505,
        "osm_type": "way",
        "narrow": "no",
        "footway": "sidewalk",
        "highway": "footway",
        "lit": "yes",
        "smoothness": "intermediate",
        "surface": "paving_stones"
      }
    },
    {
      "type": "Feature",
      "geometry": {
        "type": "LineString",
        "coordinates": [
          [
            37.5842821,
            55.7383482
          ],
          [
            37.5842329,
            55.7384213
          ]
        ]
      },
      "properties": {
        "osm_id": 1059318346,
        "osm_type": "way",
        "narrow": "no",
        "covered": "yes",
        "highway": "footway",
        "surface": "paving_stones"
      }
    },
    {
      "type": "Feature",
      "geometry": {
        "type": "LineString",
        "coordinates": [
          [
            37.5844641,
            55.7380776
          ],
          [
            37.5842821,
            55.7383482
          ]
        ]
      },
      "properties": {
        "osm_id": 1059318347,
        "osm_type": "way",
        "narrow": "yes",
        "highway": "footway",
        "surface": "paving_stones",
        "stroke": "#ff8800"
      }
    },
    {
      "type": "Feature",
      "geometry": {
        "type": "LineString",
        "coordinates": [
          [
            37.5842329,
            55.7384213
          ],
          [
            37.5840231,
            55.7386819
          ]
        ]
      },
      "properties": {
        "osm_id": 1059318348,
        "osm_type": "way",
        "narrow": "yes",
        "highway": "footway",
        "surface": "paving_stones",
        "stroke": "#ff8800"
      }
    },
    {
      "type": "Feature",
      "geometry": {
        "type": "LineString",
        "coordinates": [
          [
            37.5855242,
            55.7388095
          ],
          [
            37.5854948,
            55.7388458
          ]
        ]
      },
      "properties": {
        "osm_id": 1076609435,
        "osm_type": "way",
        "narrow": "yes",
        "crossing": "uncontrolled",
        "crossing:markings": "yes",
        "footway": "crossing",
        "highway": "footway",
        "lit": "yes",
        "surface": "asphalt",
        "stroke": "#ff8800"
      }
    },
    {
      "type": "Feature",
      "geometry": {
        "type": "LineString",
        "coordinates": [
          [
            37.5849391,
            55.739677
          ],
          [
            37.5850375,
            55.73950739999999
          ]
        ]
      },
      "properties": {
        "osm_id": 1076609439,
        "osm_type": "way",
        "narrow": "no",
        "highway": "footway",
        "lit": "yes",
        "surface": "paving_stones"
      }
    },
    {
      "type": "Feature",
      "geometry": {
        "type": "LineString",
        "coordinates": [
          [
            37.5850375,
            55.73950739999999
          ],
          [
            37.5849461,
            55.7393339
          ]
        ]
      },
      "properties": {
        "osm_id": 1076609439,
        "osm_type": "way",
        "narrow": "no",
        "highway": "footway",
        "lit": "yes",
        "surface": "paving_stones"
      }
    },
    {
      "type": "Feature",
      "geometry": {
        "type": "LineString",
        "coordinates": [
          [
            37.5845619,
            55.7403245
          ],
          [
            37.584542,
            55.7403691
          ]
        ]
      },
      "properties": {
        "osm_id": 1076609453,
        "osm_type": "way",
        "narrow": "no",
        "highway": "footway",
        "lit": "yes",
        "surface": "paving_stones"
      }
    },
    {
      "type": "Feature",
      "geometry": {
        "type": "LineString",
        "coordinates": [
          [
            37.5843262,
            55.7408325
          ],
          [
            37.5843571,
            55.7408716
          ]
        ]
      },
      "properties": {
        "osm_id": 1076609457,
        "osm_type": "way",
        "narrow": "no",
        "highway": "footway",
        "lit": "yes",
        "surface": "paving_stones"
      }
    },
    {
      "type": "Feature",
      "geometry": {
        "type": "LineString",
        "coordinates": [
          [
            37.5859907,
            55.7383753
          ],
          [
            37.5860016,
            55.738344
          ]
        ]
      },
      "properties": {
        "osm_id": 1076609487,
        "osm_type": "way",
        "narrow": "no",
        "highway": "footway",
        "lit": "yes",
        "surface": "paving_stones"
      }
    },
    {
      "type": "Feature",
      "geometry": {
        "type": "LineString",
        "coordinates": [
          [
            37.5859907,
            55.7383753
          ],
          [
            37.5857877,
            55.7385279
          ]
        ]
      },
      "properties": {
        "osm_id": 1076609488,
        "osm_type": "way",
        "narrow": "no",
        "crossing": "traffic_signals",
        "footway": "crossing",
        "highway": "footway",
        "lit": "yes",
        "smoothness": "excellent",
        "surface": "asphalt"
      }
    },
    {
      "type": "Feature",
      "geometry": {
        "type": "LineString",
        "coordinates": [
          [
            37.5892178,
            55.7370313
          ],
          [
            37.5891181,
            55.7369484
          ]
        ]
      },
      "properties": {
        "osm_id": 1077798867,
        "osm_type": "way",
        "narrow": "no",
        "highway": "footway",
        "lit": "yes",
        "surface": "paving_stones"
      }
    },
    {
      "type": "Feature",
      "geometry": {
        "type": "LineString",
        "coordinates": [
          [
            37.5892753,
            55.7370792
          ],
          [
            37.5892478,
            55.7370549
          ]
        ]
      },
      "properties": {
        "osm_id": 1077798868,
        "osm_type": "way",
        "narrow": "no",
        "highway": "footway",
        "lit": "yes",
        "surface": "paving_stones"
      }
    },
    {
      "type": "Feature",
      "geometry": {
        "type": "LineString",
        "coordinates": [
          [
            37.5861953,
            55.7380572
          ],
          [
            37.5863081,
            55.7380209
          ]
        ]
      },
      "properties": {
        "osm_id": 1077798882,
        "osm_type": "way",
        "narrow": "no",
        "highway": "footway",
        "surface": "asphalt"
      }
    },
    {
      "type": "Feature",
      "geometry": {
        "type": "LineString",
        "coordinates": [
          [
            37.5859967,
            55.7381584
          ],
          [
            37.5861701,
            55.7382558
          ]
        ]
      },
      "properties": {
        "osm_id": 1077798883,
        "osm_type": "way",
        "narrow": "no",
        "highway": "footway",
        "surface": "asphalt"
      }
    },
    {
      "type": "Feature",
      "geometry": {
        "type": "LineString",
        "coordinates": [
          [
            37.5892478,
            55.7370549
          ],
          [
            37.5892178,
            55.7370313
          ]
        ]
      },
      "properties": {
        "osm_id": 1077798955,
        "osm_type": "way",
        "narrow": "yes",
        "crossing": "uncontrolled",
        "crossing:markings": "yes",
        "footway": "crossing",
        "highway": "footway",
        "lit": "yes",
        "surface": "asphalt",
        "stroke": "#ff8800"
      }
    },
    {
      "type": "Feature",
      "geometry": {
        "type": "LineString",
        "coordinates": [
          [
            37.5938908,
            55.7352189
          ],
          [
            37.5937449,
            55.7352294
          ]
        ]
      },
      "properties": {
        "osm_id": 1077890515,
        "osm_type": "way",
        "narrow": "no",
        "highway": "footway",
        "lit": "yes",
        "smoothness": "excellent",
        "surface": "paving_stones"
      }
    },
    {
      "type": "Feature",
      "geometry": {
        "type": "LineString",
        "coordinates": [
          [
            37.593368,
            55.7351275
          ],
          [
            37.5933369,
            55.7351377
          ]
        ]
      },
      "properties": {
        "osm_id": 1077890519,
        "osm_type": "way",
        "narrow": "no",
        "covered": "yes",
        "highway": "footway",
        "lit": "yes",
        "smoothness": "excellent",
        "surface": "paving_stones"
      }
    },
    {
      "type": "Feature",
      "geometry": {
        "type": "LineString",
        "coordinates": [
          [
            37.5934796,
            55.7352389
          ],
          [
            37.5935577,
            55.7353149
          ]
        ]
      },
      "properties": {
        "osm_id": 1077890520,
        "osm_type": "way",
        "narrow": "no",
        "highway": "footway",
        "lit": "yes",
        "surface": "paving_stones"
      }
    },
    {
      "type": "Feature",
      "geometry": {
        "type": "LineString",
        "coordinates": [
          [
            37.5881412,
            55.7357596
          ],
          [
            37.5878016,
            55.7354911
          ]
        ]
      },
      "properties": {
        "osm_id": 1111696124,
        "osm_type": "way",
        "narrow": "yes",
        "footway": "sidewalk",
        "highway": "footway",
        "lit": "yes",
        "surface": "paving_stones",
        "stroke": "#ff8800"
      }
    },
    {
      "type": "Feature",
      "geometry": {
        "type": "LineString",
        "coordinates": [
          [
            37.58861,
            55.7361305
          ],
          [
            37.5881412,
            55.7357596
          ]
        ]
      },
      "properties": {
        "osm_id": 1111696125,
        "osm_type": "way",
        "narrow": "no",
        "footway": "sidewalk",
        "highway": "footway",
        "lit": "yes",
        "surface": "asphalt"
      }
    },
    {
      "type": "Feature",
      "geometry": {
        "type": "LineString",
        "coordinates": [
          [
            37.5878016,
            55.7354911
          ],
          [
            37.5877634,
            55.7354609
          ]
        ]
      },
      "properties": {
        "osm_id": 1111696126,
        "osm_type": "way",
        "narrow": "no",
        "highway": "footway",
        "lit": "yes",
        "surface": "paving_stones"
      }
    },
    {
      "type": "Feature",
      "geometry": {
        "type": "LineString",
        "coordinates": [
          [
            37.5877634,
            55.7354609
          ],
          [
            37.5876517,
            55.7354619
          ]
        ]
      },
      "properties": {
        "osm_id": 1111696126,
        "osm_type": "way",
        "narrow": "yes",
        "highway": "footway",
        "lit": "yes",
        "surface": "paving_stones",
        "stroke": "#ff8800"
      }
    },
    {
      "type": "Feature",
      "geometry": {
        "type": "LineString",
        "coordinates": [
          [
            37.5889711,
            55.736414
          ],
          [
            37.58861,
            55.7361305
          ]
        ]
      },
      "properties": {
        "osm_id": 1111696127,
        "osm_type": "way",
        "narrow": "yes",
        "footway": "sidewalk",
        "highway": "footway",
        "lit": "yes",
        "surface": "paving_stones",
        "stroke": "#ff8800"
      }
    },
    {
      "type": "Feature",
      "geometry": {
        "type": "LineString",
        "coordinates": [
          [
            37.5891752,
            55.7365798
          ],
          [
            37.5889711,
            55.736414
          ]
        ]
      },
      "properties": {
        "osm_id": 1111696128,
        "osm_type": "way",
        "narrow": "no",
        "footway": "sidewalk",
        "highway": "footway",
        "lit": "yes",
        "surface": "asphalt"
      }
    },
    {
      "type": "Feature",
      "geometry": {
        "type": "LineString",
        "coordinates": [
          [
            37.5877048,
            55.7332394
          ],
          [
            37.5877227,
            55.7332605
          ]
        ]
      },
      "properties": {
        "osm_id": 1284860520,
        "osm_type": "way",
        "narrow": "no",
        "check_date:surface": "2024-05-19",
        "footway": "sidewalk",
        "highway": "footway",
        "surface": "asphalt"
      }
    },
    {
      "type": "Feature",
      "geometry": {
        "type": "LineString",
        "coordinates": [
          [
            37.5877227,
            55.7332605
          ],
          [
            37.5872448,
            55.7335479
          ]
        ]
      },
      "properties": {
        "osm_id": 1284860520,
        "osm_type": "way",
        "narrow": "no",
        "check_date:surface": "2024-05-19",
        "footway": "sidewalk",
        "highway": "footway",
        "surface": "asphalt"
      }
    },
    {
      "type": "Feature",
      "geometry": {
        "type": "LineString",
        "coordinates": [
          [
            37.5872448,
            55.7335479
          ],
          [
            37.5860085,
            55.7331705
          ]
        ]
      },
      "properties": {
        "osm_id": 1284860520,
        "osm_type": "way",
        "narrow": "no",
        "check_date:surface": "2024-05-19",
        "footway": "sidewalk",
        "highway": "footway",
        "surface": "asphalt"
      }
    },
    {
      "type": "Feature",
      "geometry": {
        "type": "LineString",
        "coordinates": [
          [
            37.5860085,
            55.7331705
          ],
          [
            37.5850399,
            55.7328701
          ]
        ]
      },
      "properties": {
        "osm_id": 1284860520,
        "osm_type": "way",
        "narrow": "no",
        "check_date:surface": "2024-05-19",
        "footway": "sidewalk",
        "highway": "footway",
        "surface": "asphalt"
      }
    },
    {
      "type": "Feature",
      "geometry": {
        "type": "LineString",
        "coordinates": [
          [
            37.5850399,
            55.7328701
          ],
          [
            37.5838149,
            55.732489
          ]
        ]
      },
      "properties": {
        "osm_id": 1284860520,
        "osm_type": "way",
        "narrow": "no",
        "check_date:surface": "2024-05-19",
        "footway": "sidewalk",
        "highway": "footway",
        "surface": "asphalt"
      }
    },
    {
      "type": "Feature",
      "geometry": {
        "type": "LineString",
        "coordinates": [
          [
            37.5817145,
            55.7405831
          ],
          [
            37.5817164,
            55.7405746
          ]
        ]
      },
      "properties": {
        "osm_id": 1290608429,
        "osm_type": "way",
        "narrow": "no",
        "highway": "footway",
        "lit": "yes",
        "surface": "asphalt"
      }
    },
    {
      "type": "Feature",
      "geometry": {
        "type": "LineString",
        "coordinates": [
          [
            37.5933369,
            55.7351377
          ],
          [
            37.593368,
            55.7351275
          ]
        ]
      },
      "properties": {
        "osm_id": 1322839071,
        "osm_type": "way",
        "narrow": "no",
        "highway": "footway",
        "lit": "yes",
        "smoothness": "excellent",
        "surface": "paving_stones"
      }
    },
    {
      "type": "Feature",
      "geometry": {
        "type": "LineString",
        "coordinates": [
          [
            37.593368,
            55.7351275
          ],
          [
            37.5936132,
            55.735046
          ]
        ]
      },
      "properties": {
        "osm_id": 1322839071,
        "osm_type": "way",
        "narrow": "no",
        "highway": "footway",
        "lit": "yes",
        "smoothness": "excellent",
        "surface": "paving_stones"
      }
    },
    {
      "type": "Feature",
      "geometry": {
        "type": "LineString",
        "coordinates": [
          [
            37.5933686,
            55.7353876
          ],
          [
            37.5934974,
            55.7355088
          ]
        ]
      },
      "properties": {
        "osm_id": 1426122089,
        "osm_type": "way",
        "narrow": "no",
        "highway": "footway",
        "lit": "yes",
        "surface": "paving_stones"
      }
    },
    {
      "type": "Feature",
      "geometry": {
        "type": "LineString",
        "coordinates": [
          [
            37.5933686,
            55.7353876
          ],
          [
            37.5930007,
            55.7355289
          ]
        ]
      },
      "properties": {
        "osm_id": 1426122090,
        "osm_type": "way",
        "narrow": "no",
        "highway": "footway",
        "lit": "yes",
        "smoothness": "excellent",
        "surface": "paving_stones"
      }
    },
    {
      "type": "Feature",
      "geometry": {
        "type": "LineString",
        "coordinates": [
          [
            37.5930007,
            55.7355289
          ],
          [
            37.5931001,
            55.7356127
          ]
        ]
      },
      "properties": {
        "osm_id": 1426122091,
        "osm_type": "way",
        "narrow": "no",
        "highway": "footway",
        "lit": "yes",
        "surface": "paving_stones"
      }
    },
    {
      "type": "Feature",
      "geometry": {
        "type": "LineString",
        "coordinates": [
          [
            37.5934974,
            55.7355088
          ],
          [
            37.593451,
            55.7355263
          ]
        ]
      },
      "properties": {
        "osm_id": 1426122108,
        "osm_type": "way",
        "narrow": "yes",
        "highway": "footway",
        "lit": "yes",
        "surface": "paving_stones",
        "stroke": "#ff8800"
      }
    },
    {
      "type": "Feature",
      "geometry": {
        "type": "LineString",
        "coordinates": [
          [
            37.5854785,
            55.7386105
          ],
          [
            37.5856604,
            55.738664
          ]
        ]
      },
      "properties": {
        "osm_id": 1457546345,
        "osm_type": "way",
        "narrow": "no",
        "highway": "footway",
        "lit": "yes",
        "smoothness": "excellent"
      }
    },
    {
      "type": "Feature",
      "geometry": {
        "type": "LineString",
        "coordinates": [
          [
            37.5856604,
            55.738664
          ],
          [
            37.5857769,
            55.7386982
          ]
        ]
      },
      "properties": {
        "osm_id": 1457546345,
        "osm_type": "way",
        "narrow": "no",
        "highway": "footway",
        "lit": "yes",
        "smoothness": "excellent"
      }
    },
    {
      "type": "Feature",
      "geometry": {
        "type": "LineString",
        "coordinates": [
          [
            37.5895976,
            55.7367691
          ],
          [
            37.5895743,
            55.736777
          ]
        ]
      },
      "properties": {
        "osm_id": 1457735008,
        "osm_type": "way",
        "narrow": "no",
        "highway": "footway",
        "lit": "yes",
        "smoothness": "excellent",
        "surface": "paving_stones"
      }
    },
    {
      "type": "Feature",
      "geometry": {
        "type": "LineString",
        "coordinates": [
          [
            37.5895006,
            55.7367996
          ],
          [
            37.5894524,
            55.7368141
          ]
        ]
      },
      "properties": {
        "osm_id": 1457735009,
        "osm_type": "way",
        "narrow": "no",
        "highway": "footway",
        "lit": "yes",
        "smoothness": "excellent",
        "surface": "paving_stones"
      }
    },
    {
      "type": "Feature",
      "geometry": {
        "type": "LineString",
        "coordinates": [
          [
            37.5930074,
            55.7351418
          ],
          [
            37.592935,
            55.7350678
          ]
        ]
      },
      "properties": {
        "osm_id": 1476938119,
        "osm_type": "way",
        "narrow": "no",
        "handrail": "yes",
        "highway": "footway",
        "indoor": "yes",
        "layer": "-1",
        "lit": "yes",
        "surface": "paving_stones",
        "tunnel": "yes"
      }
    },
    {
      "type": "Feature",
      "geometry": {
        "type": "LineString",
        "coordinates": [
          [
            37.5930846,
            55.7352182
          ],
          [
            37.5930074,
            55.7351418
          ]
        ]
      },
      "properties": {
        "osm_id": 1476938126,
        "osm_type": "way",
        "narrow": "no",
        "highway": "footway",
        "indoor": "yes",
        "lit": "yes",
        "surface": "paving_stones"
      }
    },
    {
      "type": "Feature",
      "geometry": {
        "type": "Point",
        "coordinates": [
          37.5842335,
          55.7388544
        ]
      },
      "properties": {
        "osm_id": 13305990963,
        "osm_type": "node",
        "type": "base_point",
        "dark_store": "yes",
        "name": "Яндекс.Лавка",
        "marker-color": "#ff0000"
      }
    },
    {
      "type": "Feature",
      "geometry": {
        "type": "LineString",
        "coordinates": [
          [
            37.5842335,
            55.7388544
          ],
          [
            37.58423859796214,
            55.73878890499871
          ]
        ]
      },
      "properties": {
        "osm_type": "connector",
        "point_osm_id": 13305990963
      }
    },
    {
      "type": "Feature",
      "geometry": {
        "type": "Point",
        "coordinates": [
          37.578659,
          55.7392565
        ]
      },
      "properties": {
        "osm_id": 1676802497,
        "osm_type": "node",
        "type": "delivery_point",
        "addr:flats": "1-20",
        "entrance": "staircase",
        "ref": "1",
        "marker-color": "#3388ff"
      }
    },
    {
      "type": "Feature",
      "geometry": {
        "type": "Point",
        "coordinates": [
          37.5787077,
          55.7394411
        ]
      },
      "properties": {
        "osm_id": 1676802502,
        "osm_type": "node",
        "type": "delivery_point",
        "addr:flats": "21-30",
        "entrance": "staircase",
        "ref": "2",
        "marker-color": "#3388ff"
      }
    },
    {
      "type": "Feature",
      "geometry": {
        "type": "Point",
        "coordinates": [
          37.5787564,
          55.7396258
        ]
      },
      "properties": {
        "osm_id": 1676802507,
        "osm_type": "node",
        "type": "delivery_point",
        "addr:flats": "31-50",
        "entrance": "staircase",
        "ref": "3",
        "marker-color": "#3388ff"
      }
    },
    {
      "type": "Feature",
      "geometry": {
        "type": "Point",
        "coordinates": [
          37.5919932,
          55.7335776
        ]
      },
      "properties": {
        "osm_id": 2016851141,
        "osm_type": "node",
        "type": "delivery_point",
        "addr:flats": "35-59",
        "entrance": "staircase",
        "ref": "2",
        "marker-color": "#3388ff"
      }
    },
    {
      "type": "Feature",
      "geometry": {
        "type": "Point",
        "coordinates": [
          37.5915929,
          55.7337218
        ]
      },
      "properties": {
        "osm_id": 2016851142,
        "osm_type": "node",
        "type": "delivery_point",
        "access": "private",
        "addr:flats": "1-25",
        "entrance": "staircase",
        "ref": "1",
        "wheelchair": "yes",
        "marker-color": "#3388ff"
      }
    },
    {
      "type": "Feature",
      "geometry": {
        "type": "Point",
        "coordinates": [
          37.5801518,
          55.7356491
        ]
      },
      "properties": {
        "osm_id": 2268611060,
        "osm_type": "node",
        "type": "delivery_point",
        "entrance": "main",
        "marker-color": "#3388ff"
      }
    },
    {
      "type": "Feature",
      "geometry": {
        "type": "Point",
        "coordinates": [
          37.5787314,
          55.7350457
        ]
      },
      "properties": {
        "osm_id": 2573684646,
        "osm_type": "node",
        "type": "delivery_point",
        "entrance": "yes",
        "marker-color": "#3388ff"
      }
    },
    {
      "type": "Feature",
      "geometry": {
        "type": "Point",
        "coordinates": [
          37.5805173,
          55.7350991
        ]
      },
      "properties": {
        "osm_id": 2582950755,
        "osm_type": "node",
        "type": "delivery_point",
        "entrance": "main",
        "marker-color": "#3388ff"
      }
    },
    {
      "type": "Feature",
      "geometry": {
        "type": "Point",
        "coordinates": [
          37.5814446,
          55.7355148
        ]
      },
      "properties": {
        "osm_id": 2582950793,
        "osm_type": "node",
        "type": "delivery_point",
        "entrance": "main",
        "marker-color": "#3388ff"
      }
    },
    {
      "type": "Feature",
      "geometry": {
        "type": "Point",
        "coordinates": [
          37.5922083,
          55.7339905
        ]
      },
      "properties": {
        "osm_id": 2588512280,
        "osm_type": "node",
        "type": "delivery_point",
        "entrance": "yes",
        "marker-color": "#3388ff"
      }
    },
    {
      "type": "Feature",
      "geometry": {
        "type": "Point",
        "coordinates": [
          37.5849252,
          55.7369174
        ]
      },
      "properties": {
        "osm_id": 2928816903,
        "osm_type": "node",
        "type": "delivery_point",
        "entrance": "main",
        "marker-color": "#3388ff"
      }
    },
    {
      "type": "Feature",
      "geometry": {
        "type": "Point",
        "coordinates": [
          37.5881556,
          55.7341978
        ]
      },
      "properties": {
        "osm_id": 3075497597,
        "osm_type": "node",
        "type": "delivery_point",
        "entrance": "main",
        "loc_name": "Курьерский подъезд",
        "opening_hours": "24/7",
        "ref": "8.2",
        "marker-color": "#3388ff"
      }
    },
    {
      "type": "Feature",
      "geometry": {
        "type": "Point",
        "coordinates": [
          37.5884467,
          55.733929
        ]
      },
      "properties": {
        "osm_id": 3075497598,
        "osm_type": "node",
        "type": "delivery_point",
        "entrance": "main",
        "opening_hours": "09:00-23:00",
        "ref": "8.1",
        "marker-color": "#3388ff"
      }
    },
    {
      "type": "Feature",
      "geometry": {
        "type": "Point",
        "coordinates": [
          37.5882115,
          55.7337572
        ]
      },
      "properties": {
        "osm_id": 3075497632,
        "osm_type": "node",
        "type": "delivery_point",
        "entrance": "yes",
        "opening_hours": "24/7",
        "ref": "8.5",
        "marker-color": "#3388ff"
      }
    },
    {
      "type": "Feature",
      "geometry": {
        "type": "Point",
        "coordinates": [
          37.587769,
          55.7337979
        ]
      },
      "properties": {
        "osm_id": 3075499849,
        "osm_type": "node",
        "type": "delivery_point",
        "entrance": "yes",
        "opening_hours": "09:00-23:00",
        "ref": "8.6",
        "marker-color": "#3388ff"
      }
    },
    {
      "type": "Feature",
      "geometry": {
        "type": "Point",
        "coordinates": [
          37.587303,
          55.7340072
        ]
      },
      "properties": {
        "osm_id": 3216799593,
        "osm_type": "node",
        "type": "delivery_point",
        "entrance": "yes",
        "opening_hours": "09:00-23:00",
        "ref": "8.4",
        "marker-color": "#3388ff"
      }
    },
    {
      "type": "Feature",
      "geometry": {
        "type": "Point",
        "coordinates": [
          37.5875143,
          55.7343578
        ]
      },
      "properties": {
        "osm_id": 3216799594,
        "osm_type": "node",
        "type": "delivery_point",
        "entrance": "yes",
        "opening_hours": "09:00-23:00",
        "ref": "8.3",
        "marker-color": "#3388ff"
      }
    },
    {
      "type": "Feature",
      "geometry": {
        "type": "Point",
        "coordinates": [
          37.586889,
          55.7329344
        ]
      },
      "properties": {
        "osm_id": 3241790962,
        "osm_type": "node",
        "type": "delivery_point",
        "entrance": "staircase",
        "marker-color": "#3388ff"
      }
    },
    {
      "type": "Feature",
      "geometry": {
        "type": "Point",
        "coordinates": [
          37.5871334,
          55.7332638
        ]
      },
      "properties": {
        "osm_id": 3241790963,
        "osm_type": "node",
        "type": "delivery_point",
        "entrance": "staircase",
        "marker-color": "#3388ff"
      }
    },
    {
      "type": "Feature",
      "geometry": {
        "type": "Point",
        "coordinates": [
          37.5875192,
          55.7335737
        ]
      },
      "properties": {
        "osm_id": 3291472198,
        "osm_type": "node",
        "type": "delivery_point",
        "entrance": "yes",
        "ref": "8.7",
        "marker-color": "#3388ff"
      }
    },
    {
      "type": "Feature",
      "geometry": {
        "type": "Point",
        "coordinates": [
          37.5889326,
          55.7344705
        ]
      },
      "properties": {
        "osm_id": 3291472199,
        "osm_type": "node",
        "type": "delivery_point",
        "entrance": "yes",
        "ref": "9.5",
        "marker-color": "#3388ff"
      }
    },
    {
      "type": "Feature",
      "geometry": {
        "type": "Point",
        "coordinates": [
          37.5884149,
          55.7348066
        ]
      },
      "properties": {
        "osm_id": 3291472201,
        "osm_type": "node",
        "type": "delivery_point",
        "entrance": "yes",
        "ref": "9.1",
        "marker-color": "#3388ff"
      }
    },
    {
      "type": "Feature",
      "geometry": {
        "type": "Point",
        "coordinates": [
          37.5877382,
          55.7351669
        ]
      },
      "properties": {
        "osm_id": 3291472203,
        "osm_type": "node",
        "type": "delivery_point",
        "entrance": "yes",
        "ref": "9.2",
        "marker-color": "#3388ff"
      }
    },
    {
      "type": "Feature",
      "geometry": {
        "type": "Point",
        "coordinates": [
          37.5867201,
          55.7363264
        ]
      },
      "properties": {
        "osm_id": 3586091601,
        "osm_type": "node",
        "type": "delivery_point",
        "entrance": "yes",
        "marker-color": "#3388ff"
      }
    },
    {
      "type": "Feature",
      "geometry": {
        "type": "Point",
        "coordinates": [
          37.5795556,
          55.7299438
        ]
      },
      "properties": {
        "osm_id": 3646188260,
        "osm_type": "node",
        "type": "delivery_point",
        "addr:flats": "1-45",
        "entrance": "staircase",
        "ref": "1",
        "marker-color": "#3388ff"
      }
    },
    {
      "type": "Feature",
      "geometry": {
        "type": "Point",
        "coordinates": [
          37.5832359,
          55.7303545
        ]
      },
      "properties": {
        "osm_id": 3646188264,
        "osm_type": "node",
        "type": "delivery_point",
        "addr:flats": "1-53",
        "entrance": "staircase",
        "ref": "1",
        "marker-color": "#3388ff"
      }
    },
    {
      "type": "Feature",
      "geometry": {
        "type": "Point",
        "coordinates": [
          37.5838895,
          55.7307497
        ]
      },
      "properties": {
        "osm_id": 3646188267,
        "osm_type": "node",
        "type": "delivery_point",
        "addr:flats": "1-44",
        "entrance": "staircase",
        "ref": "1",
        "marker-color": "#3388ff"
      }
    },
    {
      "type": "Feature",
      "geometry": {
        "type": "Point",
        "coordinates": [
          37.581535,
          55.7310343
        ]
      },
      "properties": {
        "osm_id": 3646194438,
        "osm_type": "node",
        "type": "delivery_point",
        "addr:flats": "31-50",
        "entrance": "staircase",
        "ref": "3",
        "marker-color": "#3388ff"
      }
    },
    {
      "type": "Feature",
      "geometry": {
        "type": "Point",
        "coordinates": [
          37.583195,
          55.7312343
        ]
      },
      "properties": {
        "osm_id": 3646209002,
        "osm_type": "node",
        "type": "delivery_point",
        "addr:flats": "77-92",
        "entrance": "staircase",
        "ref": "3",
        "marker-color": "#3388ff"
      }
    },
    {
      "type": "Feature",
      "geometry": {
        "type": "Point",
        "coordinates": [
          37.5831481,
          55.7313909
        ]
      },
      "properties": {
        "osm_id": 3646209004,
        "osm_type": "node",
        "type": "delivery_point",
        "addr:flats": "61-76",
        "entrance": "staircase",
        "ref": "2",
        "marker-color": "#3388ff"
      }
    },
    {
      "type": "Feature",
      "geometry": {
        "type": "Point",
        "coordinates": [
          37.580886,
          55.7314622
        ]
      },
      "properties": {
        "osm_id": 3646209006,
        "osm_type": "node",
        "type": "delivery_point",
        "access": "private",
        "addr:flats": "48-60",
        "entrance": "staircase",
        "ref": "5",
        "marker-color": "#3388ff"
      }
    },
    {
      "type": "Feature",
      "geometry": {
        "type": "Point",
        "coordinates": [
          37.5810885,
          55.7315242
        ]
      },
      "properties": {
        "osm_id": 3646209008,
        "osm_type": "node",
        "type": "delivery_point",
        "access": "private",
        "addr:flats": "39-48",
        "entrance": "staircase",
        "ref": "4",
        "marker-color": "#3388ff"
      }
    },
    {
      "type": "Feature",
      "geometry": {
        "type": "Point",
        "coordinates": [
          37.5812895,
          55.7315858
        ]
      },
      "properties": {
        "osm_id": 3646209011,
        "osm_type": "node",
        "type": "delivery_point",
        "access": "private",
        "addr:flats": "25-38",
        "entrance": "staircase",
        "ref": "3",
        "marker-color": "#3388ff"
      }
    },
    {
      "type": "Feature",
      "geometry": {
        "type": "Point",
        "coordinates": [
          37.5809722,
          55.7319496
        ]
      },
      "properties": {
        "osm_id": 3646233131,
        "osm_type": "node",
        "type": "delivery_point",
        "entrance": "main",
        "marker-color": "#3388ff"
      }
    },
    {
      "type": "Feature",
      "geometry": {
        "type": "Point",
        "coordinates": [
          37.5836948,
          55.732026
        ]
      },
      "properties": {
        "osm_id": 3646233212,
        "osm_type": "node",
        "type": "delivery_point",
        "entrance": "main",
        "marker-color": "#3388ff"
      }
    },
    {
      "type": "Feature",
      "geometry": {
        "type": "Point",
        "coordinates": [
          37.5809207,
          55.732653
        ]
      },
      "properties": {
        "osm_id": 3646255138,
        "osm_type": "node",
        "type": "delivery_point",
        "entrance": "yes",
        "marker-color": "#3388ff"
      }
    },
    {
      "type": "Feature",
      "geometry": {
        "type": "Point",
        "coordinates": [
          37.5801854,
          55.7334389
        ]
      },
      "properties": {
        "osm_id": 3646255295,
        "osm_type": "node",
        "type": "delivery_point",
        "entrance": "yes",
        "marker-color": "#3388ff"
      }
    },
    {
      "type": "Feature",
      "geometry": {
        "type": "Point",
        "coordinates": [
          37.5801622,
          55.7334876
        ]
      },
      "properties": {
        "osm_id": 3646255298,
        "osm_type": "node",
        "type": "delivery_point",
        "entrance": "yes",
        "marker-color": "#3388ff"
      }
    },
    {
      "type": "Feature",
      "geometry": {
        "type": "Point",
        "coordinates": [
          37.5850754,
          55.7335061
        ]
      },
      "properties": {
        "osm_id": 3646303234,
        "osm_type": "node",
        "type": "delivery_point",
        "entrance": "yes",
        "marker-color": "#3388ff"
      }
    },
    {
      "type": "Feature",
      "geometry": {
        "type": "Point",
        "coordinates": [
          37.5853187,
          55.7336003
        ]
      },
      "properties": {
        "osm_id": 3646303239,
        "osm_type": "node",
        "type": "delivery_point",
        "entrance": "yes",
        "marker-color": "#3388ff"
      }
    },
    {
      "type": "Feature",
      "geometry": {
        "type": "Point",
        "coordinates": [
          37.5887627,
          55.7325556
        ]
      },
      "properties": {
        "osm_id": 3647628710,
        "osm_type": "node",
        "type": "delivery_point",
        "entrance": "main",
        "marker-color": "#3388ff"
      }
    },
    {
      "type": "Feature",
      "geometry": {
        "type": "Point",
        "coordinates": [
          37.589533,
          55.7316466
        ]
      },
      "properties": {
        "osm_id": 3699841097,
        "osm_type": "node",
        "type": "delivery_point",
        "addr:flats": "148-167",
        "entrance": "staircase",
        "ref": "8",
        "marker-color": "#3388ff"
      }
    },
    {
      "type": "Feature",
      "geometry": {
        "type": "Point",
        "coordinates": [
          37.5896611,
          55.7318564
        ]
      },
      "properties": {
        "osm_id": 3699841098,
        "osm_type": "node",
        "type": "delivery_point",
        "addr:flats": "1-72",
        "entrance": "staircase",
        "ref": "1",
        "marker-color": "#3388ff"
      }
    },
    {
      "type": "Feature",
      "geometry": {
        "type": "Point",
        "coordinates": [
          37.5900965,
          55.7314901
        ]
      },
      "properties": {
        "osm_id": 3699841121,
        "osm_type": "node",
        "type": "delivery_point",
        "addr:flats": "88-104",
        "entrance": "staircase",
        "ref": "5",
        "marker-color": "#3388ff"
      }
    },
    {
      "type": "Feature",
      "geometry": {
        "type": "Point",
        "coordinates": [
          37.5896626,
          55.7325032
        ]
      },
      "properties": {
        "osm_id": 3699842360,
        "osm_type": "node",
        "type": "delivery_point",
        "entrance": "main",
        "marker-color": "#3388ff"
      }
    },
    {
      "type": "Feature",
      "geometry": {
        "type": "Point",
        "coordinates": [
          37.5892809,
          55.736277
        ]
      },
      "properties": {
        "osm_id": 3700885074,
        "osm_type": "node",
        "type": "delivery_point",
        "addr:flats": "26-32",
        "entrance": "staircase",
        "ref": "2",
        "marker-color": "#3388ff"
      }
    },
    {
      "type": "Feature",
      "geometry": {
        "type": "Point",
        "coordinates": [
          37.589012,
          55.7360265
        ]
      },
      "properties": {
        "osm_id": 3700885117,
        "osm_type": "node",
        "type": "delivery_point",
        "addr:flats": "3-8; 34-37",
        "entrance": "staircase",
        "marker-color": "#3388ff"
      }
    },
    {
      "type": "Feature",
      "geometry": {
        "type": "Point",
        "coordinates": [
          37.5887176,
          55.7348076
        ]
      },
      "properties": {
        "osm_id": 3700901330,
        "osm_type": "node",
        "type": "delivery_point",
        "addr:flats": "83-108",
        "entrance": "staircase",
        "ref": "5",
        "marker-color": "#3388ff"
      }
    },
    {
      "type": "Feature",
      "geometry": {
        "type": "Point",
        "coordinates": [
          37.5890333,
          55.7346293
        ]
      },
      "properties": {
        "osm_id": 3700901353,
        "osm_type": "node",
        "type": "delivery_point",
        "addr:flats": "2-19",
        "entrance": "staircase",
        "ref": "1",
        "marker-color": "#3388ff"
      }
    },
    {
      "type": "Feature",
      "geometry": {
        "type": "Point",
        "coordinates": [
          37.590777,
          55.7334994
        ]
      },
      "properties": {
        "osm_id": 3702713432,
        "osm_type": "node",
        "type": "delivery_point",
        "addr:flats": "1-20",
        "entrance": "staircase",
        "ref": "1",
        "marker-color": "#3388ff"
      }
    },
    {
      "type": "Feature",
      "geometry": {
        "type": "Point",
        "coordinates": [
          37.5904392,
          55.7342943
        ]
      },
      "properties": {
        "osm_id": 3996253137,
        "osm_type": "node",
        "type": "delivery_point",
        "entrance": "yes",
        "marker-color": "#3388ff"
      }
    },
    {
      "type": "Feature",
      "geometry": {
        "type": "Point",
        "coordinates": [
          37.5820352,
          55.7404733
        ]
      },
      "properties": {
        "osm_id": 4181074171,
        "osm_type": "node",
        "type": "delivery_point",
        "addr:flats": "1-12",
        "entrance": "staircase",
        "ref": "1",
        "marker-color": "#3388ff"
      }
    },
    {
      "type": "Feature",
      "geometry": {
        "type": "Point",
        "coordinates": [
          37.5813678,
          55.7273697
        ]
      },
      "properties": {
        "osm_id": 5502976656,
        "osm_type": "node",
        "type": "delivery_point",
        "entrance": "yes",
        "marker-color": "#3388ff"
      }
    },
    {
      "type": "Feature",
      "geometry": {
        "type": "Point",
        "coordinates": [
          37.580984,
          55.7275138
        ]
      },
      "properties": {
        "osm_id": 5502976657,
        "osm_type": "node",
        "type": "delivery_point",
        "entrance": "main",
        "marker-color": "#3388ff"
      }
    },
    {
      "type": "Feature",
      "geometry": {
        "type": "Point",
        "coordinates": [
          37.5880442,
          55.7350472
        ]
      },
      "properties": {
        "osm_id": 5676700487,
        "osm_type": "node",
        "type": "delivery_point",
        "description": "Вход в музей и магазин Яндекса",
        "entrance": "yes",
        "marker-color": "#3388ff"
      }
    },
    {
      "type": "Feature",
      "geometry": {
        "type": "Point",
        "coordinates": [
          37.5758369,
          55.7335529
        ]
      },
      "properties": {
        "osm_id": 6528495896,
        "osm_type": "node",
        "type": "delivery_point",
        "entrance": "yes",
        "marker-color": "#3388ff"
      }
    },
    {
      "type": "Feature",
      "geometry": {
        "type": "Point",
        "coordinates": [
          37.5762441,
          55.7384186
        ]
      },
      "properties": {
        "osm_id": 6532153470,
        "osm_type": "node",
        "type": "delivery_point",
        "entrance": "yes",
        "marker-color": "#3388ff"
      }
    },
    {
      "type": "Feature",
      "geometry": {
        "type": "Point",
        "coordinates": [
          37.5917225,
          55.7360158
        ]
      },
      "properties": {
        "osm_id": 7058162910,
        "osm_type": "node",
        "type": "delivery_point",
        "entrance": "yes",
        "marker-color": "#3388ff"
      }
    },
    {
      "type": "Feature",
      "geometry": {
        "type": "Point",
        "coordinates": [
          37.5867618,
          55.736761
        ]
      },
      "properties": {
        "osm_id": 7504592683,
        "osm_type": "node",
        "type": "delivery_point",
        "addr:flats": "1-60",
        "entrance": "staircase",
        "ref": "1",
        "marker-color": "#3388ff"
      }
    },
    {
      "type": "Feature",
      "geometry": {
        "type": "Point",
        "coordinates": [
          37.5833221,
          55.7360998
        ]
      },
      "properties": {
        "osm_id": 7738042380,
        "osm_type": "node",
        "type": "delivery_point",
        "entrance": "yes",
        "marker-color": "#3388ff"
      }
    },
    {
      "type": "Feature",
      "geometry": {
        "type": "Point",
        "coordinates": [
          37.583844,
          55.7311303
        ]
      },
      "properties": {
        "osm_id": 7876663228,
        "osm_type": "node",
        "type": "delivery_point",
        "entrance": "yes",
        "marker-color": "#3388ff"
      }
    },
    {
      "type": "Feature",
      "geometry": {
        "type": "Point",
        "coordinates": [
          37.5840071,
          55.731184
        ]
      },
      "properties": {
        "osm_id": 7876663229,
        "osm_type": "node",
        "type": "delivery_point",
        "entrance": "yes",
        "marker-color": "#3388ff"
      }
    },
    {
      "type": "Feature",
      "geometry": {
        "type": "Point",
        "coordinates": [
          37.5839843,
          55.7312495
        ]
      },
      "properties": {
        "osm_id": 7876663230,
        "osm_type": "node",
        "type": "delivery_point",
        "entrance": "yes",
        "marker-color": "#3388ff"
      }
    },
    {
      "type": "Feature",
      "geometry": {
        "type": "Point",
        "coordinates": [
          37.5845899,
          55.7312238
        ]
      },
      "properties": {
        "osm_id": 7876719106,
        "osm_type": "node",
        "type": "delivery_point",
        "access": "private",
        "addr:flats": "1-15",
        "entrance": "staircase",
        "ref": "1",
        "marker-color": "#3388ff"
      }
    },
    {
      "type": "Feature",
      "geometry": {
        "type": "Point",
        "coordinates": [
          37.5857365,
          55.7324575
        ]
      },
      "properties": {
        "osm_id": 7876726414,
        "osm_type": "node",
        "type": "delivery_point",
        "access": "private",
        "addr:flats": "61-70",
        "entrance": "staircase",
        "ref": "5",
        "marker-color": "#3388ff"
      }
    },
    {
      "type": "Feature",
      "geometry": {
        "type": "Point",
        "coordinates": [
          37.5859473,
          55.7325164
        ]
      },
      "properties": {
        "osm_id": 7876726415,
        "osm_type": "node",
        "type": "delivery_point",
        "access": "private",
        "addr:flats": "76-90",
        "entrance": "staircase",
        "ref": "6",
        "marker-color": "#3388ff"
      }
    },
    {
      "type": "Feature",
      "geometry": {
        "type": "Point",
        "coordinates": [
          37.5805979,
          55.7314935
        ]
      },
      "properties": {
        "osm_id": 7876757754,
        "osm_type": "node",
        "type": "delivery_point",
        "entrance": "main",
        "marker-color": "#3388ff"
      }
    },
    {
      "type": "Feature",
      "geometry": {
        "type": "Point",
        "coordinates": [
          37.5801707,
          55.7304466
        ]
      },
      "properties": {
        "osm_id": 7876939795,
        "osm_type": "node",
        "type": "delivery_point",
        "entrance": "yes",
        "marker-color": "#3388ff"
      }
    },
    {
      "type": "Feature",
      "geometry": {
        "type": "Point",
        "coordinates": [
          37.5807726,
          55.7304482
        ]
      },
      "properties": {
        "osm_id": 7876939799,
        "osm_type": "node",
        "type": "delivery_point",
        "entrance": "yes",
        "marker-color": "#3388ff"
      }
    },
    {
      "type": "Feature",
      "geometry": {
        "type": "Point",
        "coordinates": [
          37.5777398,
          55.7395474
        ]
      },
      "properties": {
        "osm_id": 7947554484,
        "osm_type": "node",
        "type": "delivery_point",
        "addr:flats": "26-40",
        "entrance": "staircase",
        "ref": "3",
        "marker-color": "#3388ff"
      }
    },
    {
      "type": "Feature",
      "geometry": {
        "type": "Point",
        "coordinates": [
          37.5778111,
          55.7396914
        ]
      },
      "properties": {
        "osm_id": 7947560685,
        "osm_type": "node",
        "type": "delivery_point",
        "addr:flats": "11-25",
        "entrance": "staircase",
        "ref": "2",
        "marker-color": "#3388ff"
      }
    },
    {
      "type": "Feature",
      "geometry": {
        "type": "Point",
        "coordinates": [
          37.5881521,
          55.7373011
        ]
      },
      "properties": {
        "osm_id": 8638112136,
        "osm_type": "node",
        "type": "delivery_point",
        "addr:flats": "3-15А",
        "entrance": "staircase",
        "ref": "1",
        "marker-color": "#3388ff"
      }
    },
    {
      "type": "Feature",
      "geometry": {
        "type": "Point",
        "coordinates": [
          37.5917934,
          55.7329455
        ]
      },
      "properties": {
        "osm_id": 9054392383,
        "osm_type": "node",
        "type": "delivery_point",
        "entrance": "yes",
        "marker-color": "#3388ff"
      }
    },
    {
      "type": "Feature",
      "geometry": {
        "type": "Point",
        "coordinates": [
          37.5866098,
          55.7299763
        ]
      },
      "properties": {
        "osm_id": 9110820352,
        "osm_type": "node",
        "type": "delivery_point",
        "entrance": "main",
        "marker-color": "#3388ff"
      }
    },
    {
      "type": "Feature",
      "geometry": {
        "type": "Point",
        "coordinates": [
          37.5854982,
          55.7295866
        ]
      },
      "properties": {
        "osm_id": 9110820354,
        "osm_type": "node",
        "type": "delivery_point",
        "entrance": "main",
        "marker-color": "#3388ff"
      }
    },
    {
      "type": "Feature",
      "geometry": {
        "type": "Point",
        "coordinates": [
          37.5833587,
          55.7406089
        ]
      },
      "properties": {
        "osm_id": 9542872809,
        "osm_type": "node",
        "type": "delivery_point",
        "addr:flats": "1-34",
        "entrance": "staircase",
        "ref": "1",
        "marker-color": "#3388ff"
      }
    },
    {
      "type": "Feature",
      "geometry": {
        "type": "Point",
        "coordinates": [
          37.58349832251683,
          55.740737960144266
        ]
      },
      "properties": {
        "osm_id": 9542872810,
        "osm_type": "node",
        "type": "delivery_point",
        "addr:flats": "1-34",
        "entrance": "staircase",
        "ref": "1",
        "marker-color": "#3388ff"
      }
    },
    {
      "type": "Feature",
      "geometry": {
        "type": "Point",
        "coordinates": [
          37.5843223,
          55.7407063
        ]
      },
      "properties": {
        "osm_id": 9542872812,
        "osm_type": "node",
        "type": "delivery_point",
        "addr:flats": "55-78",
        "entrance": "staircase",
        "ref": "4",
        "marker-color": "#3388ff"
      }
    },
    {
      "type": "Feature",
      "geometry": {
        "type": "Point",
        "coordinates": [
          37.5843729,
          55.740575
        ]
      },
      "properties": {
        "osm_id": 9542872814,
        "osm_type": "node",
        "type": "delivery_point",
        "addr:flats": "37-54",
        "entrance": "staircase",
        "ref": "3",
        "marker-color": "#3388ff"
      }
    },
    {
      "type": "Feature",
      "geometry": {
        "type": "Point",
        "coordinates": [
          37.5844349,
          55.7404142
        ]
      },
      "properties": {
        "osm_id": 9542872816,
        "osm_type": "node",
        "type": "delivery_point",
        "addr:flats": "19-36",
        "entrance": "staircase",
        "ref": "2",
        "marker-color": "#3388ff"
      }
    },
    {
      "type": "Feature",
      "geometry": {
        "type": "Point",
        "coordinates": [
          37.5845002,
          55.740245
        ]
      },
      "properties": {
        "osm_id": 9542878017,
        "osm_type": "node",
        "type": "delivery_point",
        "addr:flats": "1-18",
        "entrance": "staircase",
        "ref": "1",
        "marker-color": "#3388ff"
      }
    },
    {
      "type": "Feature",
      "geometry": {
        "type": "Point",
        "coordinates": [
          37.5845725,
          55.7400574
        ]
      },
      "properties": {
        "osm_id": 9542878019,
        "osm_type": "node",
        "type": "delivery_point",
        "addr:flats": "1-12",
        "entrance": "staircase",
        "ref": "1",
        "marker-color": "#3388ff"
      }
    },
    {
      "type": "Feature",
      "geometry": {
        "type": "Point",
        "coordinates": [
          37.5848654,
          55.7394452
        ]
      },
      "properties": {
        "osm_id": 9542878020,
        "osm_type": "node",
        "type": "delivery_point",
        "addr:flats": "79-90",
        "entrance": "staircase",
        "ref": "4",
        "marker-color": "#3388ff"
      }
    },
    {
      "type": "Feature",
      "geometry": {
        "type": "Point",
        "coordinates": [
          37.5858878,
          55.7348413
        ]
      },
      "properties": {
        "osm_id": 9754208654,
        "osm_type": "node",
        "type": "delivery_point",
        "entrance": "yes",
        "marker-color": "#3388ff"
      }
    },
    {
      "type": "Feature",
      "geometry": {
        "type": "Point",
        "coordinates": [
          37.5779065,
          55.7411527
        ]
      },
      "properties": {
        "osm_id": 10887375550,
        "osm_type": "node",
        "type": "delivery_point",
        "access": "private",
        "entrance": "staircase",
        "ref": "1",
        "marker-color": "#3388ff"
      }
    },
    {
      "type": "Feature",
      "geometry": {
        "type": "Point",
        "coordinates": [
          37.5776884,
          55.741183
        ]
      },
      "properties": {
        "osm_id": 10887375551,
        "osm_type": "node",
        "type": "delivery_point",
        "access": "private",
        "entrance": "staircase",
        "ref": "2",
        "marker-color": "#3388ff"
      }
    },
    {
      "type": "Feature",
      "geometry": {
        "type": "Point",
        "coordinates": [
          37.5774702,
          55.7412133
        ]
      },
      "properties": {
        "osm_id": 10887375552,
        "osm_type": "node",
        "type": "delivery_point",
        "access": "private",
        "entrance": "staircase",
        "ref": "3",
        "marker-color": "#3388ff"
      }
    },
    {
      "type": "Feature",
      "geometry": {
        "type": "Point",
        "coordinates": [
          37.577207765101335,
          55.74089380682308
        ]
      },
      "properties": {
        "osm_id": 10887375553,
        "osm_type": "node",
        "type": "delivery_point",
        "access": "private",
        "entrance": "staircase",
        "ref": "4",
        "marker-color": "#3388ff"
      }
    },
    {
      "type": "Feature",
      "geometry": {
        "type": "Point",
        "coordinates": [
          37.5882074,
          55.7356335
        ]
      },
      "properties": {
        "osm_id": 11204981546,
        "osm_type": "node",
        "type": "delivery_point",
        "entrance": "staircase",
        "marker-color": "#3388ff"
      }
    },
    {
      "type": "Feature",
      "geometry": {
        "type": "Point",
        "coordinates": [
          37.587958,
          55.7354294
        ]
      },
      "properties": {
        "osm_id": 11204981547,
        "osm_type": "node",
        "type": "delivery_point",
        "addr:flats": "4-7;14-19",
        "entrance": "staircase",
        "ref": "1",
        "marker-color": "#3388ff"
      }
    },
    {
      "type": "Feature",
      "geometry": {
        "type": "Point",
        "coordinates": [
          37.580441,
          55.7390929
        ]
      },
      "properties": {
        "osm_id": 11980458803,
        "osm_type": "node",
        "type": "delivery_point",
        "addr:flats": "19-36",
        "entrance": "staircase",
        "ref": "2",
        "marker-color": "#3388ff"
      }
    },
    {
      "type": "Feature",
      "geometry": {
        "type": "Point",
        "coordinates": [
          37.5837911,
          55.7390138
        ]
      },
      "properties": {
        "osm_id": 13303176537,
        "osm_type": "node",
        "type": "delivery_point",
        "access": "private",
        "addr:flats": "15-26",
        "entrance": "staircase",
        "ref": "2",
        "marker-color": "#3388ff"
      }
    },
    {
      "type": "Feature",
      "geometry": {
        "type": "Point",
        "coordinates": [
          37.5836511,
          55.7387808
        ]
      },
      "properties": {
        "osm_id": 13303176538,
        "osm_type": "node",
        "type": "delivery_point",
        "access": "private",
        "addr:flats": "1-12",
        "entrance": "staircase",
        "ref": "1",
        "marker-color": "#3388ff"
      }
    },
    {
      "type": "Feature",
      "geometry": {
        "type": "Point",
        "coordinates": [
          37.5837911,
          55.7390138
        ]
      },
      "properties": {
        "osm_id": 13305990961,
        "osm_type": "node",
        "type": "delivery_point",
        "access": "private",
        "addr:flats": "15-26",
        "entrance": "staircase",
        "ref": "2",
        "marker-color": "#3388ff"
      }
    },
    {
      "type": "Feature",
      "geometry": {
        "type": "LineString",
        "coordinates": [
          [
            37.578659,
            55.7392565
          ],
          [
            37.578962906812286,
            55.73920588854558
          ]
        ]
      },
      "properties": {
        "osm_type": "connector",
        "point_osm_id": 1676802497
      }
    },
    {
      "type": "Feature",
      "geometry": {
        "type": "LineString",
        "coordinates": [
          [
            37.5787077,
            55.7394411
          ],
          [
            37.5788168,
            55.7394521
          ]
        ]
      },
      "properties": {
        "osm_type": "connector",
        "point_osm_id": 1676802502
      }
    },
    {
      "type": "Feature",
      "geometry": {
        "type": "LineString",
        "coordinates": [
          [
            37.5787564,
            55.7396258
          ],
          [
            37.5788168,
            55.7394521
          ]
        ]
      },
      "properties": {
        "osm_type": "connector",
        "point_osm_id": 1676802507
      }
    },
    {
      "type": "Feature",
      "geometry": {
        "type": "LineString",
        "coordinates": [
          [
            37.5919932,
            55.7335776
          ],
          [
            37.59200109873254,
            55.73358413177947
          ]
        ]
      },
      "properties": {
        "osm_type": "connector",
        "point_osm_id": 2016851141
      }
    },
    {
      "type": "Feature",
      "geometry": {
        "type": "LineString",
        "coordinates": [
          [
            37.5915929,
            55.7337218
          ],
          [
            37.5916089792044,
            55.73373509665431
          ]
        ]
      },
      "properties": {
        "osm_type": "connector",
        "point_osm_id": 2016851142
      }
    },
    {
      "type": "Feature",
      "geometry": {
        "type": "LineString",
        "coordinates": [
          [
            37.5801518,
            55.7356491
          ],
          [
            37.58009612113288,
            55.73568808776933
          ]
        ]
      },
      "properties": {
        "osm_type": "connector",
        "point_osm_id": 2268611060
      }
    },
    {
      "type": "Feature",
      "geometry": {
        "type": "LineString",
        "coordinates": [
          [
            37.5787314,
            55.7350457
          ],
          [
            37.57871721828692,
            55.73505548677969
          ]
        ]
      },
      "properties": {
        "osm_type": "connector",
        "point_osm_id": 2573684646
      }
    },
    {
      "type": "Feature",
      "geometry": {
        "type": "LineString",
        "coordinates": [
          [
            37.5805173,
            55.7350991
          ],
          [
            37.580535329727645,
            55.73508611105138
          ]
        ]
      },
      "properties": {
        "osm_type": "connector",
        "point_osm_id": 2582950755
      }
    },
    {
      "type": "Feature",
      "geometry": {
        "type": "LineString",
        "coordinates": [
          [
            37.5814446,
            55.7355148
          ],
          [
            37.581467174556934,
            55.73549922470301
          ]
        ]
      },
      "properties": {
        "osm_type": "connector",
        "point_osm_id": 2582950793
      }
    },
    {
      "type": "Feature",
      "geometry": {
        "type": "LineString",
        "coordinates": [
          [
            37.5922083,
            55.7339905
          ],
          [
            37.5923186,
            55.7339336
          ]
        ]
      },
      "properties": {
        "osm_type": "connector",
        "point_osm_id": 2588512280
      }
    },
    {
      "type": "Feature",
      "geometry": {
        "type": "LineString",
        "coordinates": [
          [
            37.5849252,
            55.7369174
          ],
          [
            37.584908340574366,
            55.73692838075779
          ]
        ]
      },
      "properties": {
        "osm_type": "connector",
        "point_osm_id": 2928816903
      }
    },
    {
      "type": "Feature",
      "geometry": {
        "type": "LineString",
        "coordinates": [
          [
            37.5881556,
            55.7341978
          ],
          [
            37.58799539335728,
            55.73411891919865
          ]
        ]
      },
      "properties": {
        "osm_type": "connector",
        "point_osm_id": 3075497597
      }
    },
    {
      "type": "Feature",
      "geometry": {
        "type": "LineString",
        "coordinates": [
          [
            37.5884467,
            55.733929
          ],
          [
            37.58836023308947,
            55.73388618074529
          ]
        ]
      },
      "properties": {
        "osm_type": "connector",
        "point_osm_id": 3075497598
      }
    },
    {
      "type": "Feature",
      "geometry": {
        "type": "LineString",
        "coordinates": [
          [
            37.5882115,
            55.7337572
          ],
          [
            37.58840884570851,
            55.73385492802914
          ]
        ]
      },
      "properties": {
        "osm_type": "connector",
        "point_osm_id": 3075497632
      }
    },
    {
      "type": "Feature",
      "geometry": {
        "type": "LineString",
        "coordinates": [
          [
            37.587769,
            55.7337979
          ],
          [
            37.5876547,
            55.7338566
          ]
        ]
      },
      "properties": {
        "osm_type": "connector",
        "point_osm_id": 3075499849
      }
    },
    {
      "type": "Feature",
      "geometry": {
        "type": "LineString",
        "coordinates": [
          [
            37.587303,
            55.7340072
          ],
          [
            37.5873874,
            55.7340279
          ]
        ]
      },
      "properties": {
        "osm_type": "connector",
        "point_osm_id": 3216799593
      }
    },
    {
      "type": "Feature",
      "geometry": {
        "type": "LineString",
        "coordinates": [
          [
            37.5875143,
            55.7343578
          ],
          [
            37.587539295590716,
            55.7343411239609
          ]
        ]
      },
      "properties": {
        "osm_type": "connector",
        "point_osm_id": 3216799594
      }
    },
    {
      "type": "Feature",
      "geometry": {
        "type": "LineString",
        "coordinates": [
          [
            37.586889,
            55.7329344
          ],
          [
            37.586995735493204,
            55.73286900935574
          ]
        ]
      },
      "properties": {
        "osm_type": "connector",
        "point_osm_id": 3241790962
      }
    },
    {
      "type": "Feature",
      "geometry": {
        "type": "LineString",
        "coordinates": [
          [
            37.5871334,
            55.7332638
          ],
          [
            37.58728189685078,
            55.733214469001936
          ]
        ]
      },
      "properties": {
        "osm_type": "connector",
        "point_osm_id": 3241790963
      }
    },
    {
      "type": "Feature",
      "geometry": {
        "type": "LineString",
        "coordinates": [
          [
            37.5875192,
            55.7335737
          ],
          [
            37.58748967418956,
            55.73356009150303
          ]
        ]
      },
      "properties": {
        "osm_type": "connector",
        "point_osm_id": 3291472198
      }
    },
    {
      "type": "Feature",
      "geometry": {
        "type": "LineString",
        "coordinates": [
          [
            37.5889326,
            55.7344705
          ],
          [
            37.5889486171191,
            55.73447846854047
          ]
        ]
      },
      "properties": {
        "osm_type": "connector",
        "point_osm_id": 3291472199
      }
    },
    {
      "type": "Feature",
      "geometry": {
        "type": "LineString",
        "coordinates": [
          [
            37.5884149,
            55.7348066
          ],
          [
            37.588426678359234,
            55.734812459790184
          ]
        ]
      },
      "properties": {
        "osm_type": "connector",
        "point_osm_id": 3291472201
      }
    },
    {
      "type": "Feature",
      "geometry": {
        "type": "LineString",
        "coordinates": [
          [
            37.5877382,
            55.7351669
          ],
          [
            37.587813907117116,
            55.73520456500236
          ]
        ]
      },
      "properties": {
        "osm_type": "connector",
        "point_osm_id": 3291472203
      }
    },
    {
      "type": "Feature",
      "geometry": {
        "type": "LineString",
        "coordinates": [
          [
            37.5867201,
            55.7363264
          ],
          [
            37.586559850209206,
            55.73641927685959
          ]
        ]
      },
      "properties": {
        "osm_type": "connector",
        "point_osm_id": 3586091601
      }
    },
    {
      "type": "Feature",
      "geometry": {
        "type": "LineString",
        "coordinates": [
          [
            37.5795556,
            55.7299438
          ],
          [
            37.5793943636041,
            55.73009241391029
          ]
        ]
      },
      "properties": {
        "osm_type": "connector",
        "point_osm_id": 3646188260
      }
    },
    {
      "type": "Feature",
      "geometry": {
        "type": "LineString",
        "coordinates": [
          [
            37.5832359,
            55.7303545
          ],
          [
            37.583373023618876,
            55.73024095476299
          ]
        ]
      },
      "properties": {
        "osm_type": "connector",
        "point_osm_id": 3646188264
      }
    },
    {
      "type": "Feature",
      "geometry": {
        "type": "LineString",
        "coordinates": [
          [
            37.5838895,
            55.7307497
          ],
          [
            37.58414291790015,
            55.73077438902961
          ]
        ]
      },
      "properties": {
        "osm_type": "connector",
        "point_osm_id": 3646188267
      }
    },
    {
      "type": "Feature",
      "geometry": {
        "type": "LineString",
        "coordinates": [
          [
            37.581535,
            55.7310343
          ],
          [
            37.5816379,
            55.7311501
          ]
        ]
      },
      "properties": {
        "osm_type": "connector",
        "point_osm_id": 3646194438
      }
    },
    {
      "type": "Feature",
      "geometry": {
        "type": "LineString",
        "coordinates": [
          [
            37.583195,
            55.7312343
          ],
          [
            37.5830202,
            55.7313607
          ]
        ]
      },
      "properties": {
        "osm_type": "connector",
        "point_osm_id": 3646209002
      }
    },
    {
      "type": "Feature",
      "geometry": {
        "type": "LineString",
        "coordinates": [
          [
            37.5831481,
            55.7313909
          ],
          [
            37.5830202,
            55.7313607
          ]
        ]
      },
      "properties": {
        "osm_type": "connector",
        "point_osm_id": 3646209004
      }
    },
    {
      "type": "Feature",
      "geometry": {
        "type": "LineString",
        "coordinates": [
          [
            37.580886,
            55.7314622
          ],
          [
            37.5809309485643,
            55.73138169252399
          ]
        ]
      },
      "properties": {
        "osm_type": "connector",
        "point_osm_id": 3646209006
      }
    },
    {
      "type": "Feature",
      "geometry": {
        "type": "LineString",
        "coordinates": [
          [
            37.5810885,
            55.7315242
          ],
          [
            37.58114665432669,
            55.73142003869538
          ]
        ]
      },
      "properties": {
        "osm_type": "connector",
        "point_osm_id": 3646209008
      }
    },
    {
      "type": "Feature",
      "geometry": {
        "type": "LineString",
        "coordinates": [
          [
            37.5812895,
            55.7315858
          ],
          [
            37.58136079237531,
            55.73145810572516
          ]
        ]
      },
      "properties": {
        "osm_type": "connector",
        "point_osm_id": 3646209011
      }
    },
    {
      "type": "Feature",
      "geometry": {
        "type": "LineString",
        "coordinates": [
          [
            37.5809722,
            55.7319496
          ],
          [
            37.581025928909256,
            55.731969688939834
          ]
        ]
      },
      "properties": {
        "osm_type": "connector",
        "point_osm_id": 3646233131
      }
    },
    {
      "type": "Feature",
      "geometry": {
        "type": "LineString",
        "coordinates": [
          [
            37.5836948,
            55.732026
          ],
          [
            37.58375329069304,
            55.732032176223186
          ]
        ]
      },
      "properties": {
        "osm_type": "connector",
        "point_osm_id": 3646233212
      }
    },
    {
      "type": "Feature",
      "geometry": {
        "type": "LineString",
        "coordinates": [
          [
            37.5809207,
            55.732653
          ],
          [
            37.58066380446486,
            55.73255716805896
          ]
        ]
      },
      "properties": {
        "osm_type": "connector",
        "point_osm_id": 3646255138
      }
    },
    {
      "type": "Feature",
      "geometry": {
        "type": "LineString",
        "coordinates": [
          [
            37.5801854,
            55.7334389
          ],
          [
            37.5801044,
            55.7334245
          ]
        ]
      },
      "properties": {
        "osm_type": "connector",
        "point_osm_id": 3646255295
      }
    },
    {
      "type": "Feature",
      "geometry": {
        "type": "LineString",
        "coordinates": [
          [
            37.5801622,
            55.7334876
          ],
          [
            37.5801044,
            55.7334245
          ]
        ]
      },
      "properties": {
        "osm_type": "connector",
        "point_osm_id": 3646255298
      }
    },
    {
      "type": "Feature",
      "geometry": {
        "type": "LineString",
        "coordinates": [
          [
            37.5850754,
            55.7335061
          ],
          [
            37.58495185032816,
            55.733630847460496
          ]
        ]
      },
      "properties": {
        "osm_type": "connector",
        "point_osm_id": 3646303234
      }
    },
    {
      "type": "Feature",
      "geometry": {
        "type": "LineString",
        "coordinates": [
          [
            37.5853187,
            55.7336003
          ],
          [
            37.58520834633245,
            55.73371172421049
          ]
        ]
      },
      "properties": {
        "osm_type": "connector",
        "point_osm_id": 3646303239
      }
    },
    {
      "type": "Feature",
      "geometry": {
        "type": "LineString",
        "coordinates": [
          [
            37.5887627,
            55.7325556
          ],
          [
            37.58879015146252,
            55.7325691648338
          ]
        ]
      },
      "properties": {
        "osm_type": "connector",
        "point_osm_id": 3647628710
      }
    },
    {
      "type": "Feature",
      "geometry": {
        "type": "LineString",
        "coordinates": [
          [
            37.589533,
            55.7316466
          ],
          [
            37.5896958,
            55.7317491
          ]
        ]
      },
      "properties": {
        "osm_type": "connector",
        "point_osm_id": 3699841097
      }
    },
    {
      "type": "Feature",
      "geometry": {
        "type": "LineString",
        "coordinates": [
          [
            37.5896611,
            55.7318564
          ],
          [
            37.5896958,
            55.7317491
          ]
        ]
      },
      "properties": {
        "osm_type": "connector",
        "point_osm_id": 3699841098
      }
    },
    {
      "type": "Feature",
      "geometry": {
        "type": "LineString",
        "coordinates": [
          [
            37.5900965,
            55.7314901
          ],
          [
            37.59008088840927,
            55.731563972122494
          ]
        ]
      },
      "properties": {
        "osm_type": "connector",
        "point_osm_id": 3699841121
      }
    },
    {
      "type": "Feature",
      "geometry": {
        "type": "LineString",
        "coordinates": [
          [
            37.5896626,
            55.7325032
          ],
          [
            37.5897718060921,
            55.73245906855367
          ]
        ]
      },
      "properties": {
        "osm_type": "connector",
        "point_osm_id": 3699842360
      }
    },
    {
      "type": "Feature",
      "geometry": {
        "type": "LineString",
        "coordinates": [
          [
            37.5892809,
            55.736277
          ],
          [
            37.589083444053635,
            55.73635505187864
          ]
        ]
      },
      "properties": {
        "osm_type": "connector",
        "point_osm_id": 3700885074
      }
    },
    {
      "type": "Feature",
      "geometry": {
        "type": "LineString",
        "coordinates": [
          [
            37.589012,
            55.7360265
          ],
          [
            37.58878626536579,
            55.736115729890244
          ]
        ]
      },
      "properties": {
        "osm_type": "connector",
        "point_osm_id": 3700885117
      }
    },
    {
      "type": "Feature",
      "geometry": {
        "type": "LineString",
        "coordinates": [
          [
            37.5887176,
            55.7348076
          ],
          [
            37.58869181709232,
            55.734794528546864
          ]
        ]
      },
      "properties": {
        "osm_type": "connector",
        "point_osm_id": 3700901330
      }
    },
    {
      "type": "Feature",
      "geometry": {
        "type": "LineString",
        "coordinates": [
          [
            37.5890333,
            55.7346293
          ],
          [
            37.58898994674315,
            55.734607320802006
          ]
        ]
      },
      "properties": {
        "osm_type": "connector",
        "point_osm_id": 3700901353
      }
    },
    {
      "type": "Feature",
      "geometry": {
        "type": "LineString",
        "coordinates": [
          [
            37.590777,
            55.7334994
          ],
          [
            37.590750693901974,
            55.733486561818815
          ]
        ]
      },
      "properties": {
        "osm_type": "connector",
        "point_osm_id": 3702713432
      }
    },
    {
      "type": "Feature",
      "geometry": {
        "type": "LineString",
        "coordinates": [
          [
            37.5904392,
            55.7342943
          ],
          [
            37.5904228,
            55.73426919999999
          ]
        ]
      },
      "properties": {
        "osm_type": "connector",
        "point_osm_id": 3996253137
      }
    },
    {
      "type": "Feature",
      "geometry": {
        "type": "LineString",
        "coordinates": [
          [
            37.5820352,
            55.7404733
          ],
          [
            37.58205506223674,
            55.74047219641949
          ]
        ]
      },
      "properties": {
        "osm_type": "connector",
        "point_osm_id": 4181074171
      }
    },
    {
      "type": "Feature",
      "geometry": {
        "type": "LineString",
        "coordinates": [
          [
            37.5813678,
            55.7273697
          ],
          [
            37.5813025,
            55.7273339
          ]
        ]
      },
      "properties": {
        "osm_type": "connector",
        "point_osm_id": 5502976656
      }
    },
    {
      "type": "Feature",
      "geometry": {
        "type": "LineString",
        "coordinates": [
          [
            37.580984,
            55.7275138
          ],
          [
            37.58094969458218,
            55.72750071768333
          ]
        ]
      },
      "properties": {
        "osm_type": "connector",
        "point_osm_id": 5502976657
      }
    },
    {
      "type": "Feature",
      "geometry": {
        "type": "LineString",
        "coordinates": [
          [
            37.5880442,
            55.7350472
          ],
          [
            37.58805299603206,
            55.735051576089
          ]
        ]
      },
      "properties": {
        "osm_type": "connector",
        "point_osm_id": 5676700487
      }
    },
    {
      "type": "Feature",
      "geometry": {
        "type": "LineString",
        "coordinates": [
          [
            37.5758369,
            55.7335529
          ],
          [
            37.57579167882739,
            55.73353503955154
          ]
        ]
      },
      "properties": {
        "osm_type": "connector",
        "point_osm_id": 6528495896
      }
    },
    {
      "type": "Feature",
      "geometry": {
        "type": "LineString",
        "coordinates": [
          [
            37.5762441,
            55.7384186
          ],
          [
            37.57619803416041,
            55.73842403566931
          ]
        ]
      },
      "properties": {
        "osm_type": "connector",
        "point_osm_id": 6532153470
      }
    },
    {
      "type": "Feature",
      "geometry": {
        "type": "LineString",
        "coordinates": [
          [
            37.5917225,
            55.7360158
          ],
          [
            37.59176248587771,
            55.7360543522244
          ]
        ]
      },
      "properties": {
        "osm_type": "connector",
        "point_osm_id": 7058162910
      }
    },
    {
      "type": "Feature",
      "geometry": {
        "type": "LineString",
        "coordinates": [
          [
            37.5867618,
            55.736761
          ],
          [
            37.58696626738082,
            55.736642495961995
          ]
        ]
      },
      "properties": {
        "osm_type": "connector",
        "point_osm_id": 7504592683
      }
    },
    {
      "type": "Feature",
      "geometry": {
        "type": "LineString",
        "coordinates": [
          [
            37.5833221,
            55.7360998
          ],
          [
            37.58331001716809,
            55.73610866394775
          ]
        ]
      },
      "properties": {
        "osm_type": "connector",
        "point_osm_id": 7738042380
      }
    },
    {
      "type": "Feature",
      "geometry": {
        "type": "LineString",
        "coordinates": [
          [
            37.583844,
            55.7311303
          ],
          [
            37.584028522167785,
            55.73114827687882
          ]
        ]
      },
      "properties": {
        "osm_type": "connector",
        "point_osm_id": 7876663228
      }
    },
    {
      "type": "Feature",
      "geometry": {
        "type": "LineString",
        "coordinates": [
          [
            37.5840071,
            55.731184
          ],
          [
            37.58401728840742,
            55.731184992587345
          ]
        ]
      },
      "properties": {
        "osm_type": "connector",
        "point_osm_id": 7876663229
      }
    },
    {
      "type": "Feature",
      "geometry": {
        "type": "LineString",
        "coordinates": [
          [
            37.5839843,
            55.7312495
          ],
          [
            37.58399716771061,
            55.73125075361396
          ]
        ]
      },
      "properties": {
        "osm_type": "connector",
        "point_osm_id": 7876663230
      }
    },
    {
      "type": "Feature",
      "geometry": {
        "type": "LineString",
        "coordinates": [
          [
            37.5845899,
            55.7312238
          ],
          [
            37.5847404,
            55.7311464
          ]
        ]
      },
      "properties": {
        "osm_type": "connector",
        "point_osm_id": 7876719106
      }
    },
    {
      "type": "Feature",
      "geometry": {
        "type": "LineString",
        "coordinates": [
          [
            37.5857365,
            55.7324575
          ],
          [
            37.585733,
            55.7325021
          ]
        ]
      },
      "properties": {
        "osm_type": "connector",
        "point_osm_id": 7876726414
      }
    },
    {
      "type": "Feature",
      "geometry": {
        "type": "LineString",
        "coordinates": [
          [
            37.5859473,
            55.7325164
          ],
          [
            37.5860308,
            55.7325596
          ]
        ]
      },
      "properties": {
        "osm_type": "connector",
        "point_osm_id": 7876726415
      }
    },
    {
      "type": "Feature",
      "geometry": {
        "type": "LineString",
        "coordinates": [
          [
            37.5805979,
            55.7314935
          ],
          [
            37.580556398853425,
            55.73153950361756
          ]
        ]
      },
      "properties": {
        "osm_type": "connector",
        "point_osm_id": 7876757754
      }
    },
    {
      "type": "Feature",
      "geometry": {
        "type": "LineString",
        "coordinates": [
          [
            37.5801707,
            55.7304466
          ],
          [
            37.5802006,
            55.7304176
          ]
        ]
      },
      "properties": {
        "osm_type": "connector",
        "point_osm_id": 7876939795
      }
    },
    {
      "type": "Feature",
      "geometry": {
        "type": "LineString",
        "coordinates": [
          [
            37.5807726,
            55.7304482
          ],
          [
            37.5804918,
            55.7304774
          ]
        ]
      },
      "properties": {
        "osm_type": "connector",
        "point_osm_id": 7876939799
      }
    },
    {
      "type": "Feature",
      "geometry": {
        "type": "LineString",
        "coordinates": [
          [
            37.5777398,
            55.7395474
          ],
          [
            37.57776956462859,
            55.73954258550579
          ]
        ]
      },
      "properties": {
        "osm_type": "connector",
        "point_osm_id": 7947554484
      }
    },
    {
      "type": "Feature",
      "geometry": {
        "type": "LineString",
        "coordinates": [
          [
            37.5778111,
            55.7396914
          ],
          [
            37.57784260501592,
            55.73968630399381
          ]
        ]
      },
      "properties": {
        "osm_type": "connector",
        "point_osm_id": 7947560685
      }
    },
    {
      "type": "Feature",
      "geometry": {
        "type": "LineString",
        "coordinates": [
          [
            37.5881521,
            55.7373011
          ],
          [
            37.58820246899688,
            55.73733871241317
          ]
        ]
      },
      "properties": {
        "osm_type": "connector",
        "point_osm_id": 8638112136
      }
    },
    {
      "type": "Feature",
      "geometry": {
        "type": "LineString",
        "coordinates": [
          [
            37.5917934,
            55.7329455
          ],
          [
            37.591909379761574,
            55.732928347830196
          ]
        ]
      },
      "properties": {
        "osm_type": "connector",
        "point_osm_id": 9054392383
      }
    },
    {
      "type": "Feature",
      "geometry": {
        "type": "LineString",
        "coordinates": [
          [
            37.5866098,
            55.7299763
          ],
          [
            37.5866177721874,
            55.72996937306181
          ]
        ]
      },
      "properties": {
        "osm_type": "connector",
        "point_osm_id": 9110820352
      }
    },
    {
      "type": "Feature",
      "geometry": {
        "type": "LineString",
        "coordinates": [
          [
            37.5854982,
            55.7295866
          ],
          [
            37.58552049186675,
            55.72956723133815
          ]
        ]
      },
      "properties": {
        "osm_type": "connector",
        "point_osm_id": 9110820354
      }
    },
    {
      "type": "Feature",
      "geometry": {
        "type": "LineString",
        "coordinates": [
          [
            37.5833587,
            55.7406089
          ],
          [
            37.58334070076902,
            55.740606935460185
          ]
        ]
      },
      "properties": {
        "osm_type": "connector",
        "point_osm_id": 9542872809
      }
    },
    {
      "type": "Feature",
      "geometry": {
        "type": "LineString",
        "coordinates": [
          [
            37.5843223,
            55.7407063
          ],
          [
            37.58438115191715,
            55.74071190050139
          ]
        ]
      },
      "properties": {
        "osm_type": "connector",
        "point_osm_id": 9542872812
      }
    },
    {
      "type": "Feature",
      "geometry": {
        "type": "LineString",
        "coordinates": [
          [
            37.5843729,
            55.740575
          ],
          [
            37.58442072587615,
            55.74057955123118
          ]
        ]
      },
      "properties": {
        "osm_type": "connector",
        "point_osm_id": 9542872814
      }
    },
    {
      "type": "Feature",
      "geometry": {
        "type": "LineString",
        "coordinates": [
          [
            37.5844349,
            55.7404142
          ],
          [
            37.58446919166263,
            55.74041746327815
          ]
        ]
      },
      "properties": {
        "osm_type": "connector",
        "point_osm_id": 9542872816
      }
    },
    {
      "type": "Feature",
      "geometry": {
        "type": "LineString",
        "coordinates": [
          [
            37.5845002,
            55.740245
          ],
          [
            37.58452987669887,
            55.740249294679245
          ]
        ]
      },
      "properties": {
        "osm_type": "connector",
        "point_osm_id": 9542878017
      }
    },
    {
      "type": "Feature",
      "geometry": {
        "type": "LineString",
        "coordinates": [
          [
            37.5845725,
            55.7400574
          ],
          [
            37.58461437599182,
            55.7400634601059
          ]
        ]
      },
      "properties": {
        "osm_type": "connector",
        "point_osm_id": 9542878019
      }
    },
    {
      "type": "Feature",
      "geometry": {
        "type": "LineString",
        "coordinates": [
          [
            37.5848654,
            55.7394452
          ],
          [
            37.584893635884534,
            55.73944928616256
          ]
        ]
      },
      "properties": {
        "osm_type": "connector",
        "point_osm_id": 9542878020
      }
    },
    {
      "type": "Feature",
      "geometry": {
        "type": "LineString",
        "coordinates": [
          [
            37.5858878,
            55.7348413
          ],
          [
            37.5857374649824,
            55.73477217401843
          ]
        ]
      },
      "properties": {
        "osm_type": "connector",
        "point_osm_id": 9754208654
      }
    },
    {
      "type": "Feature",
      "geometry": {
        "type": "LineString",
        "coordinates": [
          [
            37.5779065,
            55.7411527
          ],
          [
            37.577909261069664,
            55.741158200590284
          ]
        ]
      },
      "properties": {
        "osm_type": "connector",
        "point_osm_id": 10887375550
      }
    },
    {
      "type": "Feature",
      "geometry": {
        "type": "LineString",
        "coordinates": [
          [
            37.5776884,
            55.741183
          ],
          [
            37.57769327106061,
            55.741192704212644
          ]
        ]
      },
      "properties": {
        "osm_type": "connector",
        "point_osm_id": 10887375551
      }
    },
    {
      "type": "Feature",
      "geometry": {
        "type": "LineString",
        "coordinates": [
          [
            37.5774702,
            55.7412133
          ],
          [
            37.57747718822572,
            55.74122722222142
          ]
        ]
      },
      "properties": {
        "osm_type": "connector",
        "point_osm_id": 10887375552
      }
    },
    {
      "type": "Feature",
      "geometry": {
        "type": "LineString",
        "coordinates": [
          [
            37.5882074,
            55.7356335
          ],
          [
            37.5881940307925,
            55.735638784616434
          ]
        ]
      },
      "properties": {
        "osm_type": "connector",
        "point_osm_id": 11204981546
      }
    },
    {
      "type": "Feature",
      "geometry": {
        "type": "LineString",
        "coordinates": [
          [
            37.587958,
            55.7354294
          ],
          [
            37.5879419272451,
            55.735435753267
          ]
        ]
      },
      "properties": {
        "osm_type": "connector",
        "point_osm_id": 11204981547
      }
    },
    {
      "type": "Feature",
      "geometry": {
        "type": "LineString",
        "coordinates": [
          [
            37.580441,
            55.7390929
          ],
          [
            37.580427304378674,
            55.739093550445894
          ]
        ]
      },
      "properties": {
        "osm_type": "connector",
        "point_osm_id": 11980458803
      }
    },
    {
      "type": "Feature",
      "geometry": {
        "type": "LineString",
        "coordinates": [
          [
            37.5837911,
            55.7390138
          ],
          [
            37.58380663551336,
            55.739015727153394
          ]
        ]
      },
      "properties": {
        "osm_type": "connector",
        "point_osm_id": 13303176537
      }
    },
    {
      "type": "Feature",
      "geometry": {
        "type": "LineString",
        "coordinates": [
          [
            37.5836511,
            55.7387808
          ],
          [
            37.58365165373544,
            55.73877302891647
          ]
        ]
      },
      "properties": {
        "osm_type": "connector",
        "point_osm_id": 13303176538
      }
    },
    {
      "type": "Feature",
      "geometry": {
        "type": "LineString",
        "coordinates": [
          [
            37.5837911,
            55.7390138
          ],
          [
            37.58380663551336,
            55.739015727153394
          ]
        ]
      },
      "properties": {
        "osm_type": "connector",
        "point_osm_id": 13305990961
      }
    },
    {
      "type": "Feature",
      "geometry": {
        "type": "LineString",
        "coordinates": [
          [
            37.5792353,
            55.730215
          ],
          [
            37.5791709,
            55.7302071
          ]
        ]
      },
      "properties": {
        "osm_id": 841503423,
        "osm_type": "way",
        "narrow": "no",
        "highway": "footway"
      }
    }
  ]
}